game,date,time,field,bracket,ROUND,team,SCORE
3767866,04/11/2015,9:00 AM,Wissahickon,A3,1,Wissahickon A,
3767866,04/11/2015,9:00 AM,Wissahickon,A3,1,Horsham A,
3767949,04/11/2015,9:00 AM,CCLC,B3,1,Crooked Crosse B,
3767949,04/11/2015,9:00 AM,CCLC,B3,1,Souderton B,
3767907,04/11/2015,9:00 AM,CBAA 2,B2,1,CBAA B,
3767907,04/11/2015,9:00 AM,CBAA 2,B2,1,Boyertown B,
3767831,04/11/2015,9:00 AM,William Penn Middle Scho,A3,1,Lower Bucks Blue A,
3767831,04/11/2015,9:00 AM,William Penn Middle Scho,A3,1,Lansing A,
3761666,04/11/2015,9:30 AM,Haven - King Field Turf,A3,1,Haven A,
3761666,04/11/2015,9:30 AM,Haven - King Field Turf,A3,1,Radnor Maroon A,
3767931,04/11/2015,10:00 AM,Twin Oaks Day Camp Field,B2,1,Warriors B,
3767931,04/11/2015,10:00 AM,Twin Oaks Day Camp Field,B2,1,Souderton B,
3761636,04/11/2015,10:00 AM,St Joe - Mary St,A2,1,StJoes A,
3761636,04/11/2015,10:00 AM,St Joe - Mary St,A2,1,Aston A,
3760514,04/11/2015,10:00 AM,Gauntlett Center,A1,1,Marple A,
3760514,04/11/2015,10:00 AM,Gauntlett Center,A1,1,Warriors A,
3767989,04/11/2015,10:00 AM,Spartan,B3,1,Spartan B,
3767989,04/11/2015,10:00 AM,Spartan,B3,1,North Penn B,
3760516,04/11/2015,10:00 AM,Wissahickon,A1,1,Wissahickon A,
3760516,04/11/2015,10:00 AM,Wissahickon,A1,1,Conshohocken A,
3767999,04/11/2015,10:30 AM,Nathaniel Boileau Park,B3,1,Upper Moreland B,
3767999,04/11/2015,10:30 AM,Nathaniel Boileau Park,B3,1,Council Rock B,
3750103,04/11/2015,10:30 AM,CBAA 1,A1A,1,CBAA  A,
3750103,04/11/2015,10:30 AM,CBAA 1,A1A,1,Council Rock A,
3767751,04/11/2015,10:30 AM,Deep Run,A1,1,Deep Run A,
3767751,04/11/2015,10:30 AM,Deep Run,A1,1,Boyertown A,
3750140,04/11/2015,10:30 AM,CCLC,A1A,1,Crooked Crosse A,
3750140,04/11/2015,10:30 AM,CCLC,A1A,1,Springfield A,
3770144,04/11/2015,10:30 AM,CBAA 2,B1A,1,CBAA B,
3770144,04/11/2015,10:30 AM,CBAA 2,B1A,1,Boyertown B,
3767887,04/11/2015,10:30 AM,Cedar Hill Park,B1,1,Horsham B,
3767887,04/11/2015,10:30 AM,Cedar Hill Park,B1,1,Warriors B,
3768575,04/11/2015,10:30 AM,Souderton,A2,1,Souderton White A,
3768575,04/11/2015,10:30 AM,Souderton,A2,1,Council Rock White A,
3767836,04/11/2015,10:30 AM,William Penn Middle Scho,A3,1,Lower Bucks White A,
3767836,04/11/2015,10:30 AM,William Penn Middle Scho,A3,1,Warriors A,
3767763,04/11/2015,10:30 AM,Perk Valley Middle Schoo,A1,1,Perkiomen Valley A,
3767763,04/11/2015,10:30 AM,Perk Valley Middle Schoo,A1,1,Horsham A,
3767851,04/11/2015,10:30 AM,Brooke Elementary School,A3,1,Spring-Ford A,
3767851,04/11/2015,10:30 AM,Brooke Elementary School,A3,1,North Penn A,
3760517,04/11/2015,11:00 AM,Haven - King Field Turf,A1,1,Haven A,
3760517,04/11/2015,11:00 AM,Haven - King Field Turf,A1,1,Ashbee A,
3767766,04/11/2015,11:30 AM,Spartan,A1,1,Spartan A,
3767766,04/11/2015,11:30 AM,Spartan,A1,1,North Penn A,
3761664,04/11/2015,11:45 AM,Gauntlett Center,A3,1,Marple Newtown A,
3761664,04/11/2015,11:45 AM,Gauntlett Center,A3,1,Haverford A,
3767954,04/11/2015,12:00 PM,Cedar Hill Park,B3,1,Horsham B,
3767954,04/11/2015,12:00 PM,Cedar Hill Park,B3,1,Lansing B,
3767923,04/11/2015,12:00 PM,PMYC Clubhouse Field,B2,1,Phoenixville B,
3767923,04/11/2015,12:00 PM,PMYC Clubhouse Field,B2,1,Deep Run B,
3768574,04/11/2015,12:00 PM,Souderton,A2,1,Souderton Red A,
3768574,04/11/2015,12:00 PM,Souderton,A2,1,Phoenixville A,
3763150,04/11/2015,12:00 PM,Harriton 1,B1A,1,Ashbee B,
3763150,04/11/2015,12:00 PM,Harriton 1,B1A,1,Springfield B,
3767778,04/11/2015,12:00 PM,CCLC,A2,1,Crooked Crosse A,
3767778,04/11/2015,12:00 PM,CCLC,A2,1,Council Rock Blue A,
3767786,04/11/2015,12:00 PM,William Penn Middle Scho,A2,1,Lower Bucks A,
3767786,04/11/2015,12:00 PM,William Penn Middle Scho,A2,1,Warriors A,
3767984,04/11/2015,12:00 PM,Perk Valley Middle Schoo,B3,1,Perkiomen Valley B,
3767984,04/11/2015,12:00 PM,Perk Valley Middle Schoo,B3,1,Wissahickon Blue B,
3768553,04/11/2015,12:00 PM,CBAA 1,A1,1,CBAA A,
3768553,04/11/2015,12:00 PM,CBAA 1,A1,1,Calvary A,
3767782,04/11/2015,12:00 PM,Deep Run,A2,1,Deep Run A,
3767782,04/11/2015,12:00 PM,Deep Run,A2,1,Boyertown A,
3763170,04/11/2015,12:00 PM,Moorestown,B1A,1,Moorestown B,
3763170,04/11/2015,12:00 PM,Moorestown,B1A,1,Radnor B,
3767856,04/11/2015,12:00 PM,Nathaniel Boileau Park,A3,1,Upper Moreland A,
3767856,04/11/2015,12:00 PM,Nathaniel Boileau Park,A3,1,Council Rock  A,
3761663,04/11/2015,12:00 PM,Prevost Field,A3,1,Radnor White A,
3761663,04/11/2015,12:00 PM,Prevost Field,A3,1,Ashbee A,
3768219,04/11/2015,12:00 PM,CBAA 2,B3,1,CBAA B,
3768219,04/11/2015,12:00 PM,CBAA 2,B3,1,Boyertown B,
3767798,04/11/2015,12:00 PM,Brooke Elementary School,A2,1,Spring-Ford A,
3767798,04/11/2015,12:00 PM,Brooke Elementary School,A2,1,North Penn A,
3768179,04/11/2015,1:00 PM,Spartan,B1,1,Spartan B,
3768179,04/11/2015,1:00 PM,Spartan,B1,1,North Penn B,
3767927,04/11/2015,1:30 PM,Nathaniel Boileau Park,B2,1,Upper Moreland B,
3767927,04/11/2015,1:30 PM,Nathaniel Boileau Park,B2,1,Council Rock B,
3768554,04/11/2015,1:30 PM,CBAA 1,A3,1,CBAA A,
3768554,04/11/2015,1:30 PM,CBAA 1,A3,1,Perkiomen Valley A,
3770136,04/11/2015,1:30 PM,CBAA 2,B1,1,CBAA B,
3770136,04/11/2015,1:30 PM,CBAA 2,B1,1,Calvary B,
3768155,04/11/2015,1:30 PM,CBAA 2,B1,2,CBAA B,
3768155,04/11/2015,1:30 PM,CBAA 2,B1,2,Calvary B,
3770137,04/11/2015,1:30 PM,CBAA 2,B1,3,CBAA B,
3770137,04/11/2015,1:30 PM,CBAA 2,B1,3,Calvary B,
3763190,04/11/2015,1:30 PM,Brooke Elementary,B1A,1,Spring-Ford B,
3763190,04/11/2015,1:30 PM,Brooke Elementary,B1A,1,Crooked Crosse B,
3767969,04/11/2015,1:30 PM,William Penn Middle Scho,B3,1,Lower Bucks White B,
3767969,04/11/2015,1:30 PM,William Penn Middle Scho,B3,1,Warriors White B,
3767994,04/11/2015,3:00 PM,Brooke Elementary School,B3,1,Spring-Ford B,
3767994,04/11/2015,3:00 PM,Brooke Elementary School,B3,1,New Hope B,
3767964,04/11/2015,3:00 PM,William Penn Middle Scho,B3,1,Lower Bucks Blue B,
3767964,04/11/2015,3:00 PM,William Penn Middle Scho,B3,1,Wariors Blue B,
3769595,04/11/2015,3:00 PM,Ridley Municipal Park,B2,1,Ridley B,
3769595,04/11/2015,3:00 PM,Ridley Municipal Park,B2,1,Drexel Hill B,
3767911,04/12/2015,10:30 AM,Newtown Elementary,B2,2,Council Rock B,
3767911,04/12/2015,10:30 AM,Newtown Elementary,B2,2,CBAA B,
3763154,04/12/2015,10:30 AM,Boyertown,B1A,2,Boyertown B,
3763154,04/12/2015,10:30 AM,Boyertown,B1A,1,Wissahickon B,
3763162,04/12/2015,11:00 AM,CCLC,B1A,2,Crooked Crosse B,
3763162,04/12/2015,11:00 AM,CCLC,B1A,1,Perkiomen Valley B,
3768032,04/12/2015,12:00 PM,Deep Run,A1,2,Deep Run A,
3768032,04/12/2015,12:00 PM,Deep Run,A1,2,North Penn A,
3763186,04/12/2015,12:00 PM,Springfield - Church Rd,B1A,2,Springfield B,
3763186,04/12/2015,12:00 PM,Springfield - Church Rd,B1A,2,Moorestown B,
3767857,04/12/2015,12:00 PM,Nathaniel Boileau Park,A3,2,Upper Moreland A,
3767857,04/12/2015,12:00 PM,Nathaniel Boileau Park,A3,2,North Penn A,
3767944,04/12/2015,12:00 PM,Newtown Elementary,B3,2,Council Rock B,
3767944,04/12/2015,12:00 PM,Newtown Elementary,B3,2,Spartan B,
3767871,04/12/2015,12:00 PM,Calvary AA,B1,4,Calvary B,
3767871,04/12/2015,12:00 PM,Calvary AA,B1,2,Warriors B,
3767821,04/12/2015,12:00 PM,Cedar Hill Park,A3,2,Horsham A,
3767821,04/12/2015,12:00 PM,Cedar Hill Park,A3,2,Spring-Ford A,
3767959,04/12/2015,12:00 PM,Abraham Lincoln High Sch,B3,2,Lansing B,
3767959,04/12/2015,12:00 PM,Abraham Lincoln High Sch,B3,2,Wariors Blue B,
3768595,04/12/2015,12:00 PM,Boyertown,B3,2,Boyertown B,
3768595,04/12/2015,12:00 PM,Boyertown,B3,1,Wissahickon Gold B,
3763159,04/12/2015,12:00 PM,CBAA 2,B1A,2,CBAA B,
3763159,04/12/2015,12:00 PM,CBAA 2,B1A,2,Spring-Ford B,
3768009,04/12/2015,12:00 PM,Twin Oaks Day Camp Field,B3,2,Warriors White B,
3768009,04/12/2015,12:00 PM,Twin Oaks Day Camp Field,B3,2,Lower Bucks Blue B,
3767985,04/12/2015,12:00 PM,Perk Valley Middle Schoo,B3,2,Perkiomen Valley B,
3767985,04/12/2015,12:00 PM,Perk Valley Middle Schoo,B3,2,Upper Moreland B,
3763151,04/12/2015,12:00 PM,Lower Merion - Grass,B1A,2,Ashbee B,
3763151,04/12/2015,12:00 PM,Lower Merion - Grass,B1A,1,Rose Tree B,
3767974,04/12/2015,12:00 PM,Hardy Bush Fields,B3,2,New Hope B,
3767974,04/12/2015,12:00 PM,Hardy Bush Fields,B3,2,Wissahickon Blue B,
3767787,04/12/2015,12:00 PM,William Penn Middle Scho,A2,2,Lower Bucks A,
3767787,04/12/2015,12:00 PM,William Penn Middle Scho,A2,2,Spring-Ford A,
3767779,04/12/2015,12:30 PM,CCLC,A2,2,Crooked Crosse A,
3767779,04/12/2015,12:30 PM,CCLC,A2,2,Phoenixville A,
3769811,04/12/2015,1:00 PM,Haverford,B3,1,Haverford B,
3769811,04/12/2015,1:00 PM,Haverford,B3,1,Radnor White B,
3771219,04/12/2015,1:00 PM,Heuser Field 1,C2,1,Upper Merion C,
3771219,04/12/2015,1:00 PM,Heuser Field 1,C2,1,Haven C,
3769594,04/12/2015,1:00 PM,Encke Field,B2,1,Radnor B,
3769594,04/12/2015,1:00 PM,Encke Field,B2,1,Haverford B,
3771110,04/12/2015,1:00 PM,Rose Tree,C,1,Rose Tree C,
3771110,04/12/2015,1:00 PM,Rose Tree,C,1,Ridley C,
3769814,04/12/2015,1:00 PM,Aston (Pennell Field),B3,1,Aston B,
3769814,04/12/2015,1:00 PM,Aston (Pennell Field),B3,1,Rose Tree B,
3769596,04/12/2015,1:00 PM,Conshohocken,B1,1,Conshohocken B,
3769596,04/12/2015,1:00 PM,Conshohocken,B2,1,Marple Newtown B,
3761638,04/12/2015,1:00 PM,Drexel Hill,A2,1,Drexel Hill A,
3761638,04/12/2015,1:00 PM,Drexel Hill,A2,1,Radnor A,
3761637,04/12/2015,1:00 PM,Interboro,A2,1,Interboro A,
3761637,04/12/2015,1:00 PM,Interboro,A2,1,Rose Tree A,
3768902,04/12/2015,1:00 PM,Haven - King Field Turf,B1,1,Haven B,
3768902,04/12/2015,1:00 PM,Haven - King Field Turf,B1,1,Radnor B,
3750134,04/12/2015,1:00 PM,Radnor Memorial Park,A1A,1,Radnor A,
3750134,04/12/2015,1:00 PM,Radnor Memorial Park,A1A,1,Haverford A,
3769813,04/12/2015,1:00 PM,Episcopal Academy Turf,B3,1,Marple B,
3769813,04/12/2015,1:00 PM,Episcopal Academy Turf,B3,1,Radnor Maroon B,
3767940,04/12/2015,1:30 PM,CBAA 2,B3,2,CBAA B,
3767940,04/12/2015,1:30 PM,CBAA 2,B3,2,Spring-Ford B,
3767924,04/12/2015,1:30 PM,PMYC Clubhouse Field,B2,2,Phoenixville B,
3767924,04/12/2015,1:30 PM,PMYC Clubhouse Field,B2,2,Upper Moreland B,
3767919,04/12/2015,1:30 PM,Abraham Lincoln High Sch,B2,1,Lansing B,
3767919,04/12/2015,1:30 PM,Abraham Lincoln High Sch,B2,2,Warriors B,
3767755,04/12/2015,1:30 PM,Cedar Hill Park,A1,2,Horsham A,
3767755,04/12/2015,1:30 PM,Cedar Hill Park,A1,2,Spartan A,
3767891,04/12/2015,1:30 PM,William Penn Middle Scho,B1,1,Lower Bucks B,
3767891,04/12/2015,1:30 PM,William Penn Middle Scho,B1,2,Horsham B,
3767846,04/12/2015,1:30 PM,Perk Valley Middle Schoo,A3,2,Perkiomen Valley A,
3767846,04/12/2015,1:30 PM,Perk Valley Middle Schoo,A3,2,Wissahickon A,
3767861,04/12/2015,1:30 PM,Twin Oaks Day Camp Field,A3,2,Warriors A,
3767861,04/12/2015,1:30 PM,Twin Oaks Day Camp Field,A3,1,Calvary A,
3768159,04/12/2015,1:30 PM,Newtown Elementary,B1,1,Council Rock B,
3768159,04/12/2015,1:30 PM,Newtown Elementary,B1,2,Spartan B,
3767745,04/12/2015,1:30 PM,Calvary AA,A1,2,Calvary A,
3767745,04/12/2015,1:30 PM,Calvary AA,A1,2,Perkiomen Valley A,
3767783,04/12/2015,1:30 PM,Deep Run,A2,2,Deep Run A,
3767783,04/12/2015,1:30 PM,Deep Run,A2,2,North Penn A,
3769593,04/12/2015,1:45 PM,Springfield - Church Rd,B2,1,Springfield B,
3769593,04/12/2015,1:45 PM,Springfield - Church Rd,B2,1,Ashbee B,
3768903,04/12/2015,1:45 PM,Lower Merion - Grass,B1,1,Asbee B,
3768903,04/12/2015,1:45 PM,Lower Merion - Grass,B1,1,Springfield B,
3768576,04/12/2015,2:00 PM,Souderton,B3,2,Souderton B,
3768576,04/12/2015,2:00 PM,Souderton,B3,2,North Penn B,
3771218,04/12/2015,2:45 PM,EA Stadium Turf,C2,1,Marple Newtown C,
3771218,04/12/2015,2:45 PM,EA Stadium Turf,C2,1,Aston C,
3769812,04/12/2015,2:45 PM,Haven - King Field Turf,B3,1,Haven B,
3769812,04/12/2015,2:45 PM,Haven - King Field Turf,B3,1,Ridley B,
3763178,04/12/2015,2:45 PM,Radnor Memorial Park,B1A,2,Radnor B,
3763178,04/12/2015,2:45 PM,Radnor Memorial Park,B1A,1,Haverford B,
3771109,04/12/2015,2:45 PM,Episcopal Academy Turf,C,1,Marple Newtown C,
3771109,04/12/2015,2:45 PM,Episcopal Academy Turf,C,1,Upper Merion C,
3771107,04/12/2015,2:45 PM,Encke Field,C,1,Radnor C,
3771107,04/12/2015,2:45 PM,Encke Field,C1,1,Springfield C,
3768901,04/12/2015,2:45 PM,Interboro,B1,1,Interboro B,
3768901,04/12/2015,2:45 PM,Interboro,B1,1,Ridley B,
3771220,04/12/2015,2:45 PM,Drexel Hill,C2,1,Drexel Hill C,
3771220,04/12/2015,2:45 PM,Drexel Hill,C2,1,Conshohocken C,
3768092,04/12/2015,3:00 PM,CBAA 1,A3,2,CBAA A,
3768092,04/12/2015,3:00 PM,CBAA 1,A3,2,Lower Bucks Blue A,
3768163,04/12/2015,3:00 PM,Deep Run,B1,1,Deep Run B,
3768163,04/12/2015,3:00 PM,Deep Run,B1,2,North Penn B,
3767770,04/12/2015,3:00 PM,Newtown Elementary,A2,2,Council Rock Blue A,
3767770,04/12/2015,3:00 PM,Newtown Elementary,A2,2,Souderton White A,
3760515,04/12/2015,3:00 PM,Ridley Municipal Park,A1,1,Ridley A,
3760515,04/12/2015,3:00 PM,Ridley Municipal Park,A1,1,Lower Bucks A,
3768607,04/12/2015,3:00 PM,Boyertown,B2,2,Boyertown B,
3768607,04/12/2015,3:00 PM,Boyertown,B2,1,Wissahickon B,
3767970,04/12/2015,3:00 PM,William Penn Middle Scho,B3,2,Lower Bucks White B,
3767970,04/12/2015,3:00 PM,William Penn Middle Scho,B3,2,Horsham B,
3771221,04/12/2015,3:30 PM,Springfield - Church Rd,C2,1,Springfield C,
3771221,04/12/2015,3:30 PM,Springfield - Church Rd,Green,1,Ridley C2 G,
3771111,04/12/2015,4:30 PM,Haverford,C,1,Haverford C,
3771111,04/12/2015,4:30 PM,Haverford,C,1,Haven C,
3761665,04/12/2015,4:30 PM,Ridley Municipal Park,A3,1,Ridley A,
3761665,04/12/2015,4:30 PM,Ridley Municipal Park,A3,1,Springfield A,
3767774,04/12/2015,4:30 PM,Newtown Elementary,A2,2,Council Rock White A,
3767774,04/12/2015,4:30 PM,Newtown Elementary,A2,2,Souderton Red A,
3767915,04/12/2015,4:30 PM,Deep Run,B2,2,Deep Run B,
3767915,04/12/2015,4:30 PM,Deep Run,B2,2,Souderton B,
3771108,04/12/2015,4:30 PM,Interboro,C,1,Interboro Black C,
3771108,04/12/2015,4:30 PM,Interboro,C,1,Ashbee C,
3768594,04/12/2015,4:30 PM,Boyertown,A2,2,Boyertown A,
3768594,04/12/2015,4:30 PM,Boyertown,A2,2,Warriors A,
3761639,04/18/2015,10:00 AM,Aston (Pennell Field),A2,2,Aston A,
3761639,04/18/2015,10:00 AM,Aston (Pennell Field),A2,2,Interboro A,
3760520,04/18/2015,10:00 AM,Conshohocken,A1,2,Conshohocken A,
3760520,04/18/2015,10:00 AM,Conshohocken,A1,2,Warriors A,
3761641,04/18/2015,10:00 AM,Rose Tree,A2,2,Rose Tree A,
3761641,04/18/2015,10:00 AM,Rose Tree,A2,2,Drexel Hill A,
3760521,04/18/2015,10:00 AM,Ridley Municipal Park,A1,2,Ridley A,
3760521,04/18/2015,10:00 AM,Ridley Municipal Park,A1,2,Haven A,
3761640,04/18/2015,10:00 AM,Heuser Field 1,A2,1,UpperMerion A,
3761640,04/18/2015,10:00 AM,Heuser Field 1,A2,2,StJoes A,
3760518,04/18/2015,10:00 AM,Gauntlett Center,A1,2,Marple A,
3760518,04/18/2015,10:00 AM,Gauntlett Center,A1,2,Lower Bucks A,
3767862,04/18/2015,10:00 AM,Twin Oaks Day Camp Field,A3,3,Warriors A,
3767862,04/18/2015,10:00 AM,Twin Oaks Day Camp Field,A3,3,Upper Moreland A,
3767852,04/18/2015,10:30 AM,Brooke Elementary School,A3,3,Spring-Ford A,
3767852,04/18/2015,10:30 AM,Brooke Elementary School,A3,2,Council Rock  A,
3767832,04/18/2015,10:30 AM,William Penn Middle Scho,A3,3,Lower Bucks Blue A,
3767832,04/18/2015,10:30 AM,William Penn Middle Scho,A3,3,North Penn A,
3750143,04/18/2015,10:30 AM,Springfield - Sabold,A1A,2,Springfield A,
3750143,04/18/2015,10:30 AM,Springfield - Sabold,A1A,1,Moorestown A,
3767935,04/18/2015,10:30 AM,Wissahickon,B2,2,Wissahickon B,
3767935,04/18/2015,10:30 AM,Wissahickon,B2,3,Phoenixville B,
3768596,04/18/2015,10:30 AM,Boyertown,A1,2,Boyertown A,
3768596,04/18/2015,10:30 AM,Boyertown,A1,3,Horsham A,
3763155,04/18/2015,10:30 AM,Boyertown,B1A,3,Boyertown B,
3763155,04/18/2015,10:30 AM,Boyertown,B1A,3,Spring-Ford B,
3767822,04/18/2015,10:30 AM,Cedar Hill Park,A3,3,Horsham A,
3767822,04/18/2015,10:30 AM,Cedar Hill Park,A3,2,Lansing A,
3763174,04/18/2015,10:30 AM,Perk Valley MS west,B1A,2,Perkiomen Valley B,
3763174,04/18/2015,10:30 AM,Perk Valley MS west,B1A,2,Wissahickon B,
3767753,04/18/2015,10:30 AM,Deep Run,A1,3,Deep Run A,
3767753,04/18/2015,10:30 AM,Deep Run,A1,3,Spartan A,
3750124,04/18/2015,10:30 AM,CBAA 1,A1A,2,CBAA  A,
3750124,04/18/2015,10:30 AM,CBAA 1,A1A,2,Radnor A,
3768000,04/18/2015,10:30 AM,Nathaniel Boileau Park,B3,3,Upper Moreland B,
3768000,04/18/2015,10:30 AM,Nathaniel Boileau Park,B3,3,CBAA B,
3767945,04/18/2015,10:30 AM,Newtown Elementary,B3,3,Council Rock B,
3767945,04/18/2015,10:30 AM,Newtown Elementary,B3,3,Souderton B,
3767900,04/18/2015,11:00 AM,Spartan,B1,3,Spartan B,
3767900,04/18/2015,11:00 AM,Spartan,B1,2,Lower Bucks B,
3767975,04/18/2015,11:00 AM,Hardy Bush Fields,B3,3,New Hope B,
3767975,04/18/2015,11:00 AM,Hardy Bush Fields,B3,3,Perkiomen Valley B,
3763166,04/18/2015,11:00 AM,Haverford High School,B1A,2,Haverford B,
3763166,04/18/2015,11:00 AM,Haverford High School,B1A,2,Rose Tree B,
3761669,04/18/2015,11:45 AM,Ridley Municipal Park,A3,2,Ridley A,
3761669,04/18/2015,11:45 AM,Ridley Municipal Park,A3,2,Radnor White A,
3767960,04/18/2015,12:00 PM,Abraham Lincoln High Sch,B3,3,Lansing B,
3767960,04/18/2015,12:00 PM,Abraham Lincoln High Sch,B3,2,Wissahickon Gold B,
3767794,04/18/2015,12:00 PM,PMYC Clubhouse Field,A2,3,Phoenixville A,
3767794,04/18/2015,12:00 PM,PMYC Clubhouse Field,A2,3,Souderton White A,
3768597,04/18/2015,12:00 PM,Boyertown,A2,3,Boyertown A,
3768597,04/18/2015,12:00 PM,Boyertown,A2,3,Council Rock White A,
3770125,04/18/2015,12:00 PM,CBAA 1,A1,2,CBAA A,
3770125,04/18/2015,12:00 PM,CBAA 1,A1,3,Perkiomen Valley A,
3767884,04/18/2015,12:00 PM,Deep Run,B1,2,Deep Run B,
3767884,04/18/2015,12:00 PM,Deep Run,B1,2,Council Rock B,
3767780,04/18/2015,12:00 PM,CCLC,A2,3,Crooked Crosse A,
3767780,04/18/2015,12:00 PM,CCLC,A2,3,Souderton Red A,
3767928,04/18/2015,12:00 PM,Nathaniel Boileau Park,B2,3,Upper Moreland B,
3767928,04/18/2015,12:00 PM,Nathaniel Boileau Park,B2,3,CBAA B,
3767788,04/18/2015,12:00 PM,William Penn Middle Scho,A2,3,Lower Bucks A,
3767788,04/18/2015,12:00 PM,William Penn Middle Scho,A2,3,North Penn A,
3760519,04/18/2015,12:00 PM,Shipley Farms 1,A1,2,Ashbee A,
3760519,04/18/2015,12:00 PM,Shipley Farms 1,A1,2,Wissahickon A,
3767847,04/18/2015,12:00 PM,Perk Valley Middle Schoo,A3,3,Perkiomen Valley A,
3767847,04/18/2015,12:00 PM,Perk Valley Middle Schoo,A3,2,Lower Bucks White A,
3767799,04/18/2015,12:00 PM,Brooke Elementary School,A2,3,Spring-Ford A,
3767799,04/18/2015,12:00 PM,Brooke Elementary School,A2,3,Council Rock Blue A,
3761668,04/18/2015,12:15 PM,Springfield - Sabold,A3,2,Springfield A,
3761668,04/18/2015,12:15 PM,Springfield - Sabold,A3,2,Radnor Maroon A,
3767990,04/18/2015,12:30 PM,Spartan,B3,3,Spartan B,
3767990,04/18/2015,12:30 PM,Spartan,B3,3,Lower Bucks Blue B,
3750118,04/18/2015,12:30 PM,Haverford High School,A1A,2,Haverford A,
3750118,04/18/2015,12:30 PM,Haverford High School,A1A,2,Council Rock A,
3767802,04/18/2015,1:00 PM,Twin Oaks Day Camp Field,A2,3,Warriors A,
3767802,04/18/2015,1:00 PM,Twin Oaks Day Camp Field,A2,3,Deep Run A,
3768275,04/18/2015,1:30 PM,Brooke Elementary School,B3,3,Spring-Ford B,
3768275,04/18/2015,1:30 PM,Brooke Elementary School,B3,2,Crooked Crosse B,
3768251,04/18/2015,1:30 PM,William Penn Middle Scho,B3,3,Lower Bucks White B,
3768251,04/18/2015,1:30 PM,William Penn Middle Scho,B3,3,North Penn B,
3768904,04/18/2015,1:30 PM,Ridley Municipal Park,B1,2,Ridley B,
3768904,04/18/2015,1:30 PM,Ridley Municipal Park,B1,2,Haven B,
3768196,04/18/2015,1:30 PM,Deep Run,B2,3,Deep Run B,
3768196,04/18/2015,1:30 PM,Deep Run,B2,3,Council Rock B,
3768598,04/18/2015,1:30 PM,Boyertown,B3,3,Boyertown B,
3768598,04/18/2015,1:30 PM,Boyertown,B3,3,Warriors White B,
3761667,04/18/2015,1:45 PM,Shipley Farms 1,A3,2,Ashbee A,
3761667,04/18/2015,1:45 PM,Shipley Farms 1,A3,2,Marple Newtown A,
3761670,04/18/2015,2:15 PM,Haverford High School,A3,2,Haverford A,
3761670,04/18/2015,2:15 PM,Haverford High School,A3,2,Haven A,
3768608,04/18/2015,3:00 PM,Boyertown,B2,3,Boyertown B,
3768608,04/18/2015,3:00 PM,Boyertown,B2,3,Warriors B,
3771224,04/18/2015,3:15 PM,Ridley Municipal Park,White,1,Ridley C2 W,
3771224,04/18/2015,3:15 PM,Ridley Municipal Park,C2,2,Marple Newtown C,
3768086,04/18/2015,3:30 PM,Calvary AA,A3,2,Calvary A,
3768086,04/18/2015,3:30 PM,Calvary AA,A3,3,Wissahickon A,
3763191,04/19/2015,9:30 AM,Brooke Elementary,B1A,4,Spring-Ford B,
3763191,04/19/2015,9:30 AM,Brooke Elementary,B1A,3,Haverford B,
3770140,04/19/2015,10:30 AM,CBAA 2,B1,4,CBAA B,
3770140,04/19/2015,10:30 AM,CBAA 2,B1,3,Horsham B,
3768156,04/19/2015,10:30 AM,CBAA 2,B1,5,CBAA B,
3768156,04/19/2015,10:30 AM,CBAA 2,B1,4,Horsham B,
3770141,04/19/2015,10:30 AM,CBAA 2,B1,6,CBAA B,
3770141,04/19/2015,10:30 AM,CBAA 2,B1,5,Horsham B,
3763156,04/19/2015,10:30 AM,Boyertown,B1A,4,Boyertown B,
3763156,04/19/2015,10:30 AM,Boyertown,B1A,3,Ashbee B,
3750106,04/19/2015,10:30 AM,Newtown Elementary,A1A,3,Council Rock A,
3750106,04/19/2015,10:30 AM,Newtown Elementary,A1A,2,Crooked Crosse A,
3768230,04/19/2015,11:00 AM,CCLC,B3,3,Crooked Crosse B,
3768230,04/19/2015,11:00 AM,CCLC,B3,4,North Penn B,
3767816,04/19/2015,12:00 PM,Newtown Elementary,A3,4,Warriors A,
3767816,04/19/2015,12:00 PM,Newtown Elementary,A3,3,Council Rock  A,
3767858,04/19/2015,12:00 PM,Nathaniel Boileau Park,A3,4,Upper Moreland A,
3767858,04/19/2015,12:00 PM,Nathaniel Boileau Park,A3,4,Horsham A,
3763194,04/19/2015,12:00 PM,Wissahickon,B1A,3,Wissahickon B,
3763194,04/19/2015,12:00 PM,Wissahickon,B1A,3,Springfield B,
3770164,04/19/2015,12:00 PM,Moorestown,B1A,3,Moorestown B,
3770164,04/19/2015,12:00 PM,Moorestown,B1A,3,CBAA B,
3768241,04/19/2015,12:00 PM,Abraham Lincoln High Sch,B3,4,Lansing B,
3768241,04/19/2015,12:00 PM,Abraham Lincoln High Sch,B3,4,CBAA B,
3763182,04/19/2015,12:00 PM,Penncrest  HS Field 9,B1A,3,Rose Tree B,
3763182,04/19/2015,12:00 PM,Penncrest  HS Field 9,B1A,3,Crooked Crosse B,
3763175,04/19/2015,12:00 PM,Perk Valley MS west,B1A,3,Perkiomen Valley B,
3763175,04/19/2015,12:00 PM,Perk Valley MS west,B1A,3,Radnor B,
3768578,04/19/2015,12:00 PM,Souderton,B3,4,Souderton B,
3768578,04/19/2015,12:00 PM,Souderton,B3,4,New Hope B,
3768117,04/19/2015,12:00 PM,William Penn Middle Scho,A3,3,Lower Bucks White A,
3768117,04/19/2015,12:00 PM,William Penn Middle Scho,A3,4,Spring-Ford A,
3767803,04/19/2015,12:00 PM,Twin Oaks Day Camp Field,A2,4,Warriors A,
3767803,04/19/2015,12:00 PM,Twin Oaks Day Camp Field,A2,4,Crooked Crosse A,
3769597,04/19/2015,1:00 PM,Lower Merion - Grass,B2,2,Ashbee B,
3769597,04/19/2015,1:00 PM,Lower Merion - Grass,B2,2,Ridley B,
3768905,04/19/2015,1:00 PM,Episcopal Academy Turf,B1,1,Marple Newtown B,
3768905,04/19/2015,1:00 PM,Episcopal Academy Turf,B1,2,Interboro B,
3750144,04/19/2015,1:00 PM,Encke Field,A1A,3,Springfield A,
3750144,04/19/2015,1:00 PM,Encke Field,A1A,3,Radnor A,
3769815,04/19/2015,1:00 PM,Prevost Field,B3,2,Radnor White B,
3769815,04/19/2015,1:00 PM,Prevost Field,B3,2,Haven B,
3771114,04/19/2015,1:00 PM,Haven - King Field Turf,C,2,Haven C,
3771114,04/19/2015,1:00 PM,Haven - King Field Turf,C,2,Rose Tree C,
3771222,04/19/2015,1:00 PM,Aston (Pennell Field),C2,2,Aston C,
3771222,04/19/2015,1:00 PM,Aston (Pennell Field),C2,2,Drexel Hill C,
3771223,04/19/2015,1:00 PM,Conshohocken,C2,2,Conshohocken C,
3771223,04/19/2015,1:00 PM,Conshohocken,C2,2,Upper Merion C,
3769598,04/19/2015,1:00 PM,Drexel Hill,B2,2,Drexel Hill B,
3769598,04/19/2015,1:00 PM,Drexel Hill,B2,2,Radnor B,
3771112,04/19/2015,1:00 PM,Springfield - Church Rd,C1,2,Springfield C,
3771112,04/19/2015,1:00 PM,Springfield - Church Rd,C,2,Marple Newtown C,
3750119,04/19/2015,1:00 PM,Haverford,A1A,3,Haverford A,
3750119,04/19/2015,1:00 PM,Haverford,A1A,2,Moorestown A,
3769599,04/19/2015,1:00 PM,Heuser Field 1,UpperMerion,1,U,
3769599,04/19/2015,1:00 PM,Heuser Field 1,B2,2,Springfield B,
3768281,04/19/2015,1:30 PM,Nathaniel Boileau Park,B3,4,Upper Moreland B,
3768281,04/19/2015,1:30 PM,Nathaniel Boileau Park,B3,3,Horsham B,
3768294,04/19/2015,1:30 PM,Wissahickon,B3,3,Wissahickon Blue B,
3768294,04/19/2015,1:30 PM,Wissahickon,B3,4,Boyertown B,
3768106,04/19/2015,1:30 PM,Abraham Lincoln High Sch,A3,3,Lansing A,
3768106,04/19/2015,1:30 PM,Abraham Lincoln High Sch,A3,3,CBAA A,
3768205,04/19/2015,1:30 PM,PMYC Clubhouse Field,B2,4,Phoenixville B,
3768205,04/19/2015,1:30 PM,PMYC Clubhouse Field,B2,4,Boyertown B,
3768284,04/19/2015,1:30 PM,Twin Oaks Day Camp Field,B3,3,Wariors Blue B,
3768284,04/19/2015,1:30 PM,Twin Oaks Day Camp Field,B3,4,Council Rock B,
3768266,04/19/2015,1:30 PM,Perk Valley Middle Schoo,B3,4,Perkiomen Valley B,
3768266,04/19/2015,1:30 PM,Perk Valley Middle Schoo,B3,4,Lower Bucks White B,
3768245,04/19/2015,1:30 PM,William Penn Middle Scho,B3,4,Lower Bucks Blue B,
3768245,04/19/2015,1:30 PM,William Penn Middle Scho,B3,4,Spring-Ford B,
3768577,04/19/2015,1:30 PM,Souderton,B2,3,Souderton B,
3768577,04/19/2015,1:30 PM,Souderton,B2,2,Lansing B,
3771225,04/19/2015,2:30 PM,Haven - King Field Turf,C2,2,Haven C,
3771225,04/19/2015,2:30 PM,Haven - King Field Turf,C2,2,Springfield C,
3769816,04/19/2015,2:45 PM,Prevost Field,B3,2,Radnor Maroon B,
3769816,04/19/2015,2:45 PM,Prevost Field,B3,2,Rose Tree B,
3769817,04/19/2015,2:45 PM,Episcopal Academy Turf,B3,2,Marple B,
3769817,04/19/2015,2:45 PM,Episcopal Academy Turf,B3,2,Haverford B,
3771116,04/19/2015,2:45 PM,Lower Merion - Grass,C,2,Ashbee C,
3771116,04/19/2015,2:45 PM,Lower Merion - Grass,C,2,Haverford C,
3771113,04/19/2015,2:45 PM,Heuser Field 1,C,2,Upper Merion C,
3771113,04/19/2015,2:45 PM,Heuser Field 1,C,2,Interboro Black C,
3768906,04/19/2015,2:45 PM,Encke Field,B1,2,Radnor B,
3768906,04/19/2015,2:45 PM,Encke Field,B1,2,Asbee B,
3769600,04/19/2015,2:45 PM,Haverford,B2,2,Haverford B,
3769600,04/19/2015,2:45 PM,Haverford,B1,2,Conshohocken B,
3769818,04/19/2015,3:00 PM,Ridley Municipal Park,B3,2,Ridley B,
3769818,04/19/2015,3:00 PM,Ridley Municipal Park,B3,2,Aston B,
3768165,04/19/2015,3:00 PM,Deep Run,B1,3,Deep Run B,
3768165,04/19/2015,3:00 PM,Deep Run,B1,5,Calvary B,
3768299,04/19/2015,3:00 PM,Wissahickon,B3,3,Wissahickon Gold B,
3768299,04/19/2015,3:00 PM,Wissahickon,B3,4,Spartan B,
3767764,04/19/2015,3:00 PM,Perk Valley Middle Schoo,A1,4,Perkiomen Valley A,
3767764,04/19/2015,3:00 PM,Perk Valley Middle Schoo,A1,3,Boyertown A,
3768172,04/19/2015,3:00 PM,William Penn Middle Scho,B1,3,Lower Bucks B,
3768172,04/19/2015,3:00 PM,William Penn Middle Scho,B1,3,Warriors B,
3768087,04/19/2015,3:30 PM,Calvary AA,A3,3,Calvary A,
3768087,04/19/2015,3:30 PM,Calvary AA,A3,4,Perkiomen Valley A,
3768216,04/19/2015,4:30 PM,Wissahickon,B2,3,Wissahickon B,
3768216,04/19/2015,4:30 PM,Wissahickon,B2,4,Warriors B,
3771115,04/19/2015,4:45 PM,Ridley Municipal Park,C,2,Ridley C,
3771115,04/19/2015,4:45 PM,Ridley Municipal Park,C,2,Radnor C,
3768103,04/25/2015,9:00 AM,Cedar Hill Park,A3,5,Horsham A,
3768103,04/25/2015,9:00 AM,Cedar Hill Park,A3,4,CBAA A,
3768118,04/25/2015,9:00 AM,William Penn Middle Scho,A3,4,Lower Bucks White A,
3768118,04/25/2015,9:00 AM,William Penn Middle Scho,A3,4,Council Rock  A,
3768121,04/25/2015,9:00 AM,Pennbrook Middle School,A3,4,North Penn A,
3768121,04/25/2015,9:00 AM,Pennbrook Middle School,A3,4,Wissahickon A,
3750135,04/25/2015,9:00 AM,Radnor High School,A1A,4,Radnor A,
3750135,04/25/2015,9:00 AM,Radnor High School,A1A,3,Moorestown A,
3760524,04/25/2015,10:00 AM,Middletown Comm Park,A1,3,Lower Bucks A,
3760524,04/25/2015,10:00 AM,Middletown Comm Park,A1,3,Conshohocken A,
3760522,04/25/2015,10:00 AM,Wissahickon,A1,3,Wissahickon A,
3760522,04/25/2015,10:00 AM,Wissahickon,A1,3,Warriors A,
3761644,04/25/2015,10:00 AM,Drexel Hill,A2,3,Drexel Hill A,
3761644,04/25/2015,10:00 AM,Drexel Hill,A2,3,Aston A,
3761643,04/25/2015,10:00 AM,Interboro,A2,3,Interboro A,
3761643,04/25/2015,10:00 AM,Interboro,A2,2,UpperMerion A,
3761642,04/25/2015,10:00 AM,Rose Tree,A2,2,Radnor A,
3761642,04/25/2015,10:00 AM,Rose Tree,A2,3,Rose Tree A,
3761673,04/25/2015,10:00 AM,Gauntlett Center,A3,3,Marple Newtown A,
3761673,04/25/2015,10:00 AM,Gauntlett Center,A3,3,Ridley A,
3760525,04/25/2015,10:00 AM,Haven - King Field Turf,A1,3,Haven A,
3760525,04/25/2015,10:00 AM,Haven - King Field Turf,A1,3,Marple A,
3767863,04/25/2015,10:00 AM,Twin Oaks Day Camp Field,A3,5,Warriors A,
3767863,04/25/2015,10:00 AM,Twin Oaks Day Camp Field,A3,5,Perkiomen Valley A,
3768069,04/25/2015,10:30 AM,William Penn Middle Scho,A2,4,Lower Bucks A,
3768069,04/25/2015,10:30 AM,William Penn Middle Scho,A2,4,Boyertown A,
3768039,04/25/2015,10:30 AM,Pennbrook Middle School,A1,3,North Penn A,
3768039,04/25/2015,10:30 AM,Pennbrook Middle School,A1,4,Boyertown A,
3768036,04/25/2015,10:30 AM,Cedar Hill Park,A1,4,Horsham A,
3768036,04/25/2015,10:30 AM,Cedar Hill Park,A1,3,CBAA A,
3750102,04/25/2015,10:30 AM,CCLC,A1A,3,Crooked Crosse A,
3750102,04/25/2015,10:30 AM,CCLC,A1A,3,CBAA  A,
3767775,04/25/2015,10:30 AM,Newtown Elementary,A2,4,Council Rock White A,
3767775,04/25/2015,10:30 AM,Newtown Elementary,A2,5,Crooked Crosse A,
3761672,04/25/2015,10:45 AM,Radnor Memorial Park,A3,3,Radnor Maroon A,
3761672,04/25/2015,10:45 AM,Radnor Memorial Park,A3,3,Haverford A,
3768139,04/25/2015,11:00 AM,Nathaniel Boileau Park,A3,5,Upper Moreland A,
3768139,04/25/2015,11:00 AM,Nathaniel Boileau Park,A3,4,Lower Bucks Blue A,
3768047,04/25/2015,11:30 AM,Spartan,A1,4,Spartan A,
3768047,04/25/2015,11:30 AM,Spartan,A1,5,Perkiomen Valley A,
3768084,04/25/2015,11:30 AM,Twin Oaks Day Camp Field,A2,5,Warriors A,
3768084,04/25/2015,11:30 AM,Twin Oaks Day Camp Field,A2,4,Souderton Red A,
3761674,04/25/2015,11:45 AM,Haven - King Field Turf,A3,3,Haven A,
3761674,04/25/2015,11:45 AM,Haven - King Field Turf,A3,3,Ashbee A,
3768075,04/25/2015,12:00 PM,PMYC Clubhouse Field,A2,4,Phoenixville A,
3768075,04/25/2015,12:00 PM,PMYC Clubhouse Field,A2,4,Spring-Ford A,
3768070,04/25/2015,12:00 PM,Pennbrook Middle School,A2,4,North Penn A,
3768070,04/25/2015,12:00 PM,Pennbrook Middle School,A2,4,Souderton White A,
3768051,04/25/2015,12:00 PM,Newtown Elementary,A2,4,Council Rock Blue A,
3768051,04/25/2015,12:00 PM,Newtown Elementary,A2,4,Deep Run A,
3750120,04/25/2015,12:30 PM,Haverford,A1A,4,Haverford A,
3750120,04/25/2015,12:30 PM,Haverford,A1A,4,Springfield A,
3761671,04/25/2015,12:30 PM,Radnor Memorial Park,A3,3,Radnor White A,
3761671,04/25/2015,12:30 PM,Radnor Memorial Park,A3,3,Springfield A,
3767746,04/25/2015,2:00 PM,Calvary AA,A1,3,Calvary A,
3767746,04/25/2015,2:00 PM,Calvary AA,A1,4,Deep Run A,
3767808,04/25/2015,3:30 PM,Calvary AA,A3,4,Calvary A,
3767808,04/25/2015,3:30 PM,Calvary AA,A3,4,Lansing A,
3763157,04/26/2015,10:30 AM,Boyertown,B1A,5,Boyertown B,
3763157,04/26/2015,10:30 AM,Boyertown,B1A,4,Moorestown B,
3768181,04/26/2015,11:00 AM,Spartan,B1,4,Spartan B,
3768181,04/26/2015,11:00 AM,Spartan,B1,7,CBAA B,
3750104,04/26/2015,11:00 AM,CCLC,A1A,4,Crooked Crosse A,
3750104,04/26/2015,11:00 AM,CCLC,A1A,4,Council Rock A,
3768168,04/26/2015,12:00 PM,Cedar Hill Park,B1,6,Horsham B,
3768168,04/26/2015,12:00 PM,Cedar Hill Park,B1,4,Deep Run B,
3763160,04/26/2015,12:00 PM,CBAA 2,B1A,4,CBAA B,
3763160,04/26/2015,12:00 PM,CBAA 2,B1A,4,Rose Tree B,
3768160,04/26/2015,12:00 PM,Newtown Elementary,B1,3,Council Rock B,
3768160,04/26/2015,12:00 PM,Newtown Elementary,B1,4,Lower Bucks B,
3768209,04/26/2015,12:00 PM,Nathaniel Boileau Park,B2,4,Upper Moreland B,
3768209,04/26/2015,12:00 PM,Nathaniel Boileau Park,B2,4,Deep Run B,
3750136,04/26/2015,12:00 PM,Springfield - Church Rd,A1A,5,Radnor A,
3750136,04/26/2015,12:00 PM,Springfield - Church Rd,A1A,5,Springfield A,
3768579,04/26/2015,12:00 PM,Souderton,B2,4,Souderton B,
3768579,04/26/2015,12:00 PM,Souderton,B2,5,Boyertown B,
3768200,04/26/2015,12:00 PM,Abraham Lincoln High Sch,B2,3,Lansing B,
3768200,04/26/2015,12:00 PM,Abraham Lincoln High Sch,B2,4,Wissahickon B,
3768256,04/26/2015,12:00 PM,Hardy Bush Fields,B3,5,New Hope B,
3768256,04/26/2015,12:00 PM,Hardy Bush Fields,B3,5,Spartan B,
3767979,04/26/2015,12:00 PM,Pennbrook Middle School,B3,5,North Penn B,
3767979,04/26/2015,12:00 PM,Pennbrook Middle School,B3,5,Boyertown B,
3768290,04/26/2015,12:00 PM,Twin Oaks Day Camp Field,B3,4,Warriors White B,
3768290,04/26/2015,12:00 PM,Twin Oaks Day Camp Field,B3,4,Wissahickon Gold B,
3763163,04/26/2015,12:30 PM,CCLC,B1A,4,Crooked Crosse B,
3763163,04/26/2015,12:30 PM,CCLC,B1A,4,Springfield B,
3771121,04/26/2015,12:30 PM,Haverford,C,3,Haverford C,
3771121,04/26/2015,12:30 PM,Haverford,C,3,Upper Merion C,
3771226,04/26/2015,1:00 PM,Heuser Field 1,C2,3,Upper Merion C,
3771226,04/26/2015,1:00 PM,Heuser Field 1,C2,3,Aston C,
3769601,04/26/2015,1:00 PM,Encke Field,B2,3,Radnor B,
3769601,04/26/2015,1:00 PM,Encke Field,B2,3,Ashbee B,
3769602,04/26/2015,1:00 PM,Episcopal Academy Turf,B2,2,Marple Newtown B,
3769602,04/26/2015,1:00 PM,Episcopal Academy Turf,B2,3,Haverford B,
3769820,04/26/2015,1:00 PM,Rose Tree,B3,3,Rose Tree B,
3769820,04/26/2015,1:00 PM,Rose Tree,B3,3,Ridley B,
3769822,04/26/2015,1:00 PM,Aston (Pennell Field),B3,3,Aston B,
3769822,04/26/2015,1:00 PM,Aston (Pennell Field),B3,3,Radnor White B,
3769604,04/26/2015,1:00 PM,Conshohocken,B1,3,Conshohocken B,
3769604,04/26/2015,1:00 PM,Conshohocken,B2,3,Drexel Hill B,
3771228,04/26/2015,1:00 PM,Drexel Hill,C2,3,Drexel Hill C,
3771228,04/26/2015,1:00 PM,Drexel Hill,White,2,Ridley C2 W,
3771117,04/26/2015,1:00 PM,Interboro,C,3,Interboro Black C,
3771117,04/26/2015,1:00 PM,Interboro,C1,3,Springfield C,
3768908,04/26/2015,1:00 PM,Haven - King Field Turf,B1,3,Haven B,
3768908,04/26/2015,1:00 PM,Haven - King Field Turf,B1,2,Marple Newtown B,
3768242,04/26/2015,1:30 PM,Abraham Lincoln High Sch,B3,5,Lansing B,
3768242,04/26/2015,1:30 PM,Abraham Lincoln High Sch,B3,4,Crooked Crosse B,
3768235,04/26/2015,1:30 PM,Cedar Hill Park,B3,4,Horsham B,
3768235,04/26/2015,1:30 PM,Cedar Hill Park,B3,5,Perkiomen Valley B,
3768285,04/26/2015,1:30 PM,Twin Oaks Day Camp Field,B3,4,Wariors Blue B,
3768285,04/26/2015,1:30 PM,Twin Oaks Day Camp Field,B3,5,CBAA B,
3767996,04/26/2015,1:30 PM,Brooke Elementary School,B3,5,Spring-Ford B,
3767996,04/26/2015,1:30 PM,Brooke Elementary School,B3,5,Upper Moreland B,
3768226,04/26/2015,1:30 PM,Newtown Elementary,B3,5,Council Rock B,
3768226,04/26/2015,1:30 PM,Newtown Elementary,B3,5,Lower Bucks Blue B,
3768907,04/26/2015,1:45 PM,Springfield - Church Rd,B1,2,Springfield B,
3768907,04/26/2015,1:45 PM,Springfield - Church Rd,B1,3,Radnor B,
3768909,04/26/2015,1:45 PM,Lower Merion - Grass,B1,3,Asbee B,
3768909,04/26/2015,1:45 PM,Lower Merion - Grass,B1,3,Ridley B,
3769819,04/26/2015,2:15 PM,Haverford,B3,3,Haverford B,
3769819,04/26/2015,2:15 PM,Haverford,B3,3,Radnor Maroon B,
3771120,04/26/2015,2:45 PM,Episcopal Academy Turf,C,3,Marple Newtown C,
3771120,04/26/2015,2:45 PM,Episcopal Academy Turf,C,3,Ridley C,
3763179,04/26/2015,2:45 PM,Radnor Memorial Park,B1A,4,Radnor B,
3763179,04/26/2015,2:45 PM,Radnor Memorial Park,B1A,5,Spring-Ford B,
3771118,04/26/2015,2:45 PM,Rose Tree,C,3,Rose Tree C,
3771118,04/26/2015,2:45 PM,Rose Tree,C,3,Radnor C,
3769821,04/26/2015,2:45 PM,Haven - King Field Turf,B3,3,Haven B,
3769821,04/26/2015,2:45 PM,Haven - King Field Turf,B3,3,Marple B,
3767912,04/26/2015,3:00 PM,Newtown Elementary,B2,4,Council Rock B,
3767912,04/26/2015,3:00 PM,Newtown Elementary,B2,5,Phoenixville B,
3769603,04/26/2015,3:00 PM,Ridley Municipal Park,B2,3,Ridley B,
3769603,04/26/2015,3:00 PM,Ridley Municipal Park,UpperMerion,2,U,
3771229,04/26/2015,3:30 PM,Springfield - Church Rd,C2,3,Springfield C,
3771229,04/26/2015,3:30 PM,Springfield - Church Rd,C2,3,Conshohocken C,
3760523,04/26/2015,3:30 PM,Lower Merion - Grass,A1,3,Ashbee A,
3760523,04/26/2015,3:30 PM,Lower Merion - Grass,A1,3,Ridley A,
3768175,04/26/2015,4:00 PM,Pennbrook Middle School,B1,3,North Penn B,
3768175,04/26/2015,4:00 PM,Pennbrook Middle School,B1,6,Calvary B,
3763167,04/26/2015,4:00 PM,Haverford,B1A,4,Haverford B,
3763167,04/26/2015,4:00 PM,Haverford,B1A,4,Perkiomen Valley B,
3771119,04/26/2015,4:15 PM,Haven - King Field Turf,C,3,Haven C,
3771119,04/26/2015,4:15 PM,Haven - King Field Turf,C,3,Ashbee C,
3771227,04/26/2015,4:45 PM,Ridley Municipal Park,Green,2,Ridley C2 G,
3771227,04/26/2015,4:45 PM,Ridley Municipal Park,C2,3,Haven C,
3767893,05/01/2015,7:30 PM,William Penn Middle Scho,B1,5,Lower Bucks B,
3767893,05/01/2015,7:30 PM,William Penn Middle Scho,B1,4,North Penn B,
3768197,05/02/2015,8:00 AM,Deep Run,B2,5,Deep Run B,
3768197,05/02/2015,8:00 AM,Deep Run,B2,4,Lansing B,
3768193,05/02/2015,9:00 AM,Newtown Elementary,B2,5,Council Rock B,
3768193,05/02/2015,9:00 AM,Newtown Elementary,B2,5,Wissahickon B,
3768609,05/02/2015,9:00 AM,Boyertown,B2,6,Boyertown B,
3768609,05/02/2015,9:00 AM,Boyertown,B2,5,Upper Moreland B,
3768128,05/02/2015,9:00 AM,Perk Valley Middle Schoo,A3,6,Perkiomen Valley A,
3768128,05/02/2015,9:00 AM,Perk Valley Middle Schoo,A3,6,Upper Moreland A,
3768122,05/02/2015,9:00 AM,Pennbrook Middle School,A3,5,North Penn A,
3768122,05/02/2015,9:00 AM,Pennbrook Middle School,A3,6,Horsham A,
3761676,05/02/2015,9:30 AM,Prevost Field,A3,4,Ashbee A,
3761676,05/02/2015,9:30 AM,Prevost Field,A3,4,Radnor Maroon A,
3761645,05/02/2015,10:00 AM,St Joe - Mary St,A2,3,StJoes A,
3761645,05/02/2015,10:00 AM,St Joe - Mary St,A2,4,Interboro A,
3760527,05/02/2015,10:00 AM,Gauntlett Center,A1,4,Marple A,
3760527,05/02/2015,10:00 AM,Gauntlett Center,A1,4,Ashbee A,
3760526,05/02/2015,10:00 AM,Twin Oaks Day Camp Field,A1,4,Warriors A,
3760526,05/02/2015,10:00 AM,Twin Oaks Day Camp Field,A1,4,Lower Bucks A,
3769627,05/02/2015,10:00 AM,Drexel Hill,B2,4,Drexel Hill B,
3769627,05/02/2015,10:00 AM,Drexel Hill,B2,3,Springfield B,
3761646,05/02/2015,10:00 AM,Aston (Pennell Field),A2,4,Aston A,
3761646,05/02/2015,10:00 AM,Aston (Pennell Field),A2,3,Radnor A,
3760528,05/02/2015,10:00 AM,Conshohocken,A1,4,Conshohocken A,
3760528,05/02/2015,10:00 AM,Conshohocken,A1,4,Haven A,
3760529,05/02/2015,10:00 AM,Ridley Municipal Park,A1,4,Ridley A,
3760529,05/02/2015,10:00 AM,Ridley Municipal Park,A1,4,Wissahickon A,
3768048,05/02/2015,10:00 AM,Spartan,A1,5,Spartan A,
3768048,05/02/2015,10:00 AM,Spartan,A1,4,Calvary A,
3761647,05/02/2015,10:00 AM,Heuser Field 1,A2,3,UpperMerion A,
3761647,05/02/2015,10:00 AM,Heuser Field 1,A2,4,Drexel Hill A,
3768097,05/02/2015,10:30 AM,Newtown Elementary,A3,5,Council Rock  A,
3768097,05/02/2015,10:30 AM,Newtown Elementary,A3,5,Calvary A,
3763195,05/02/2015,10:30 AM,Wissahickon,B1A,4,Wissahickon B,
3763195,05/02/2015,10:30 AM,Wissahickon,B1A,5,Crooked Crosse B,
3750126,05/02/2015,10:30 AM,Moorestown,A1A,4,Moorestown A,
3750126,05/02/2015,10:30 AM,Moorestown,A1A,5,Crooked Crosse A,
3750141,05/02/2015,10:30 AM,Springfield - Sabold,A1A,6,Springfield A,
3750141,05/02/2015,10:30 AM,Springfield - Sabold,A1A,4,CBAA  A,
3770142,05/02/2015,10:30 AM,CBAA 2,B1,8,CBAA B,
3770142,05/02/2015,10:30 AM,CBAA 2,B1,6,Lower Bucks B,
3768157,05/02/2015,10:30 AM,CBAA 2,B1,9,CBAA B,
3768157,05/02/2015,10:30 AM,CBAA 2,B1,7,Lower Bucks B,
3770143,05/02/2015,10:30 AM,CBAA 2,B1,10,CBAA B,
3770143,05/02/2015,10:30 AM,CBAA 2,B1,8,Lower Bucks B,
3768600,05/02/2015,10:30 AM,Boyertown,A1,5,Boyertown A,
3768600,05/02/2015,10:30 AM,Boyertown,A1,4,CBAA A,
3768040,05/02/2015,10:30 AM,Pennbrook Middle School,A1,4,North Penn A,
3768040,05/02/2015,10:30 AM,Pennbrook Middle School,A1,5,Horsham A,
3768045,05/02/2015,10:30 AM,Perk Valley Middle Schoo,A1,6,Perkiomen Valley A,
3768045,05/02/2015,10:30 AM,Perk Valley Middle Schoo,A1,5,Deep Run A,
3768581,05/02/2015,10:30 AM,Souderton,A2,5,Souderton White A,
3768581,05/02/2015,10:30 AM,Souderton,A2,5,Deep Run A,
3761675,05/02/2015,11:00 AM,Encke Field,A3,4,Radnor White A,
3761675,05/02/2015,11:00 AM,Encke Field,A3,4,Marple Newtown A,
3769626,05/02/2015,11:45 AM,Gauntlett Center,B2,3,Marple Newtown B,
3769626,05/02/2015,11:45 AM,Gauntlett Center,B2,4,Radnor B,
3761677,05/02/2015,11:45 AM,Ridley Municipal Park,A3,4,Ridley A,
3761677,05/02/2015,11:45 AM,Ridley Municipal Park,A3,4,Haven A,
3768061,05/02/2015,12:00 PM,CCLC,A2,6,Crooked Crosse A,
3768061,05/02/2015,12:00 PM,CCLC,A2,5,Spring-Ford A,
3768147,05/02/2015,12:00 PM,Wissahickon,A3,5,Wissahickon A,
3768147,05/02/2015,12:00 PM,Wissahickon,A3,5,Lower Bucks White A,
3768052,05/02/2015,12:00 PM,Newtown Elementary,A2,5,Council Rock Blue A,
3768052,05/02/2015,12:00 PM,Newtown Elementary,A2,5,Boyertown A,
3768107,05/02/2015,12:00 PM,Abraham Lincoln High Sch,A3,5,Lansing A,
3768107,05/02/2015,12:00 PM,Abraham Lincoln High Sch,A3,5,Spring-Ford A,
3768580,05/02/2015,12:00 PM,Souderton,A2,5,Souderton Red A,
3768580,05/02/2015,12:00 PM,Souderton,A2,5,Lower Bucks A,
3768071,05/02/2015,12:00 PM,Pennbrook Middle School,A2,5,North Penn A,
3768071,05/02/2015,12:00 PM,Pennbrook Middle School,A2,5,Phoenixville A,
3761678,05/02/2015,12:15 PM,Springfield - Sabold,A3,4,Springfield A,
3761678,05/02/2015,12:15 PM,Springfield - Sabold,A3,4,Haverford A,
3769628,05/02/2015,12:30 PM,Haverford,B2,4,Haverford B,
3769628,05/02/2015,12:30 PM,Haverford,B2,4,Ridley B,
3770133,05/02/2015,1:30 PM,CBAA 1,A3,5,CBAA A,
3770133,05/02/2015,1:30 PM,CBAA 1,A3,6,Warriors A,
3767776,05/02/2015,1:30 PM,Newtown Elementary,A2,5,Council Rock White A,
3767776,05/02/2015,1:30 PM,Newtown Elementary,A2,6,Warriors A,
3769625,05/02/2015,1:45 PM,Shipley Farms 1,B2,4,Ashbee B,
3769625,05/02/2015,1:45 PM,Shipley Farms 1,UpperMerion,3,U,
3767872,05/02/2015,2:00 PM,Calvary AA,B1,7,Calvary B,
3767872,05/02/2015,2:00 PM,Calvary AA,B1,7,Horsham B,
3750110,05/02/2015,3:00 PM,Newtown Elementary,A1A,5,Council Rock A,
3750110,05/02/2015,3:00 PM,Newtown Elementary,A1A,6,Radnor A,
3768911,05/02/2015,3:00 PM,Ridley Municipal Park,B1,4,Ridley B,
3768911,05/02/2015,3:00 PM,Ridley Municipal Park,B1,3,Springfield B,
3767908,05/02/2015,3:00 PM,CBAA 2,B2,4,CBAA B,
3767908,05/02/2015,3:00 PM,CBAA 2,B2,5,Warriors B,
3768161,05/02/2015,4:30 PM,Newtown Elementary,B1,4,Council Rock B,
3768161,05/02/2015,4:30 PM,Newtown Elementary,B1,4,Warriors B,
3763183,05/03/2015,12:00 PM,Penncrest  HS Field 9,B1A,5,Rose Tree B,
3763183,05/03/2015,12:00 PM,Penncrest  HS Field 9,B1A,5,Perkiomen Valley B,
3768601,05/03/2015,12:00 PM,Boyertown,A2,6,Boyertown A,
3768601,05/03/2015,12:00 PM,Boyertown,A2,6,Souderton White A,
3768169,05/03/2015,12:00 PM,Cedar Hill Park,B1,8,Horsham B,
3768169,05/03/2015,12:00 PM,Cedar Hill Park,B1,5,Spartan B,
3763192,05/03/2015,12:00 PM,Brooke Elementary,B1A,6,Spring-Ford B,
3763192,05/03/2015,12:00 PM,Brooke Elementary,B1A,5,Moorestown B,
3768049,05/03/2015,12:00 PM,Spartan,A1,6,Spartan A,
3768049,05/03/2015,12:00 PM,Spartan,A1,5,CBAA A,
3768912,05/03/2015,12:00 PM,Gauntlett Center,B1,3,Marple Newtown B,
3768912,05/03/2015,12:00 PM,Gauntlett Center,B1,4,Asbee B,
3750105,05/03/2015,12:00 PM,CBAA 1,A1A,5,CBAA  A,
3750105,05/03/2015,12:00 PM,CBAA 1,A1A,6,Crooked Crosse A,
3768282,05/03/2015,12:00 PM,Nathaniel Boileau Park,B3,6,Upper Moreland B,
3768282,05/03/2015,12:00 PM,Nathaniel Boileau Park,B3,5,Wariors Blue B,
3768162,05/03/2015,12:00 PM,Newtown Elementary,B1,5,Council Rock B,
3768162,05/03/2015,12:00 PM,Newtown Elementary,B1,11,CBAA B,
3768295,05/03/2015,12:00 PM,Wissahickon,B3,4,Wissahickon Blue B,
3768295,05/03/2015,12:00 PM,Wissahickon,B3,5,Warriors White B,
3768206,05/03/2015,12:00 PM,PMYC Clubhouse Field,B2,6,Phoenixville B,
3768206,05/03/2015,12:00 PM,PMYC Clubhouse Field,B2,5,Lansing B,
3768252,05/03/2015,12:00 PM,William Penn Middle Scho,B3,5,Lower Bucks White B,
3768252,05/03/2015,12:00 PM,William Penn Middle Scho,B3,6,New Hope B,
3768123,05/03/2015,12:00 PM,Pennbrook Middle School,A3,6,North Penn A,
3768123,05/03/2015,12:00 PM,Pennbrook Middle School,A3,6,Calvary A,
3768144,05/03/2015,12:00 PM,Twin Oaks Day Camp Field,A3,7,Warriors A,
3768144,05/03/2015,12:00 PM,Twin Oaks Day Camp Field,A3,5,Lower Bucks Blue A,
3763153,05/03/2015,12:00 PM,Lower Merion - Grass,B1A,4,Ashbee B,
3763153,05/03/2015,12:00 PM,Lower Merion - Grass,B1A,5,CBAA B,
3763164,05/03/2015,12:30 PM,CCLC,B1A,6,Crooked Crosse B,
3763164,05/03/2015,12:30 PM,CCLC,B1A,5,Radnor B,
3769826,05/03/2015,1:00 PM,Encke Field,B3,4,Radnor Maroon B,
3769826,05/03/2015,1:00 PM,Encke Field,B3,4,Ridley B,
3750142,05/03/2015,1:00 PM,Springfield - Church Rd,A1A,7,Springfield A,
3750142,05/03/2015,1:00 PM,Springfield - Church Rd,A1A,5,Haverford A,
3769823,05/03/2015,1:00 PM,Haverford,B3,4,Haverford B,
3769823,05/03/2015,1:00 PM,Haverford,B3,4,Haven B,
3771231,05/03/2015,1:00 PM,Conshohocken,C2,4,Conshohocken C,
3771231,05/03/2015,1:00 PM,Conshohocken,Green,3,Ridley C2 G,
3769606,05/03/2015,1:00 PM,Drexel Hill,B2,5,Drexel Hill B,
3769606,05/03/2015,1:00 PM,Drexel Hill,B2,4,Marple Newtown B,
3768910,05/03/2015,1:00 PM,Interboro,B1,3,Interboro B,
3768910,05/03/2015,1:00 PM,Interboro,B1,4,Haven B,
3750125,05/03/2015,1:00 PM,Moorestown,A1A,5,Moorestown A,
3750125,05/03/2015,1:00 PM,Moorestown,A1A,6,Council Rock A,
3771233,05/03/2015,1:00 PM,Aston (Pennell Field),C2,4,Aston C,
3771233,05/03/2015,1:00 PM,Aston (Pennell Field),C2,4,Springfield C,
3769607,05/03/2015,1:00 PM,Heuser Field 1,UpperMerion,4,U,
3769607,05/03/2015,1:00 PM,Heuser Field 1,B2,5,Radnor B,
3769608,05/03/2015,1:00 PM,Prevost Field,B2,5,Ashbee B,
3769608,05/03/2015,1:00 PM,Prevost Field,B1,4,Conshohocken B,
3768221,05/03/2015,1:30 PM,CBAA 2,B3,6,CBAA B,
3768221,05/03/2015,1:30 PM,CBAA 2,B3,6,Council Rock B,
3768602,05/03/2015,1:30 PM,Boyertown,B3,6,Boyertown B,
3768602,05/03/2015,1:30 PM,Boyertown,B3,6,Perkiomen Valley B,
3767956,05/03/2015,1:30 PM,Cedar Hill Park,B3,5,Horsham B,
3767956,05/03/2015,1:30 PM,Cedar Hill Park,B3,6,Spartan B,
3768183,05/03/2015,1:30 PM,Twin Oaks Day Camp Field,B1,5,Warriors B,
3768183,05/03/2015,1:30 PM,Twin Oaks Day Camp Field,B1,5,Deep Run B,
3768041,05/03/2015,1:30 PM,Pennbrook Middle School,A1,5,North Penn A,
3768041,05/03/2015,1:30 PM,Pennbrook Middle School,A1,5,Calvary A,
3767966,05/03/2015,1:30 PM,William Penn Middle Scho,B3,6,Lower Bucks Blue B,
3767966,05/03/2015,1:30 PM,William Penn Middle Scho,B3,5,Souderton B,
3768217,05/03/2015,1:30 PM,Wissahickon,B2,6,Wissahickon B,
3768217,05/03/2015,1:30 PM,Wissahickon,B2,5,CBAA B,
3771122,05/03/2015,1:45 PM,Lower Merion - Grass,C,4,Ashbee C,
3771122,05/03/2015,1:45 PM,Lower Merion - Grass,C,4,Rose Tree C,
3769825,05/03/2015,1:45 PM,Gauntlett Center,B3,4,Marple B,
3769825,05/03/2015,1:45 PM,Gauntlett Center,B3,4,Aston B,
3769824,05/03/2015,2:45 PM,Encke Field,B3,4,Radnor White B,
3769824,05/03/2015,2:45 PM,Encke Field,B3,4,Rose Tree B,
3771123,05/03/2015,2:45 PM,Prevost Field,C,4,Radnor C,
3771123,05/03/2015,2:45 PM,Prevost Field,C,4,Marple Newtown C,
3771124,05/03/2015,2:45 PM,Heuser Field 1,C,4,Upper Merion C,
3771124,05/03/2015,2:45 PM,Heuser Field 1,C,4,Haven C,
3763187,05/03/2015,2:45 PM,Springfield - Church Rd,B1A,5,Springfield B,
3763187,05/03/2015,2:45 PM,Springfield - Church Rd,B1A,6,Boyertown B,
3763168,05/03/2015,3:00 PM,Haverford,B1A,5,Haverford B,
3763168,05/03/2015,3:00 PM,Haverford,B1A,5,Wissahickon B,
3771125,05/03/2015,3:00 PM,Ridley Municipal Park,C,4,Ridley C,
3771125,05/03/2015,3:00 PM,Ridley Municipal Park,C,4,Interboro Black C,
3768104,05/03/2015,3:00 PM,Cedar Hill Park,A3,7,Horsham A,
3768104,05/03/2015,3:00 PM,Cedar Hill Park,A3,6,Lower Bucks White A,
3768610,05/03/2015,3:00 PM,Boyertown,B2,7,Boyertown B,
3768610,05/03/2015,3:00 PM,Boyertown,B2,6,Council Rock B,
3768212,05/03/2015,3:00 PM,Twin Oaks Day Camp Field,B2,6,Warriors B,
3768212,05/03/2015,3:00 PM,Twin Oaks Day Camp Field,B2,6,Deep Run B,
3771230,05/03/2015,3:15 PM,Gauntlett Center,C2,3,Marple Newtown C,
3771230,05/03/2015,3:15 PM,Gauntlett Center,C2,4,Drexel Hill C,
3769605,05/03/2015,4:30 PM,Springfield - Church Rd,B2,4,Springfield B,
3769605,05/03/2015,4:30 PM,Springfield - Church Rd,B2,5,Ridley B,
3771232,05/03/2015,4:30 PM,Ridley Municipal Park,White,3,Ridley C2 W,
3771232,05/03/2015,4:30 PM,Ridley Municipal Park,C2,4,Upper Merion C,
3771126,05/03/2015,6:00 PM,Springfield - Church Rd,C1,4,Springfield C,
3771126,05/03/2015,6:00 PM,Springfield - Church Rd,C,4,Haverford C,
3768184,05/08/2015,6:30 PM,Twin Oaks Day Camp Field,B1,6,Warriors B,
3768184,05/08/2015,6:30 PM,Twin Oaks Day Camp Field,B1,5,North Penn B,
3768222,05/09/2015,9:00 AM,CBAA 1,B3,7,CBAA B,
3768222,05/09/2015,9:00 AM,CBAA 1,B3,7,Lower Bucks Blue B,
3761649,05/09/2015,9:00 AM,Radnor Memorial Park,A2,4,Radnor A,
3761649,05/09/2015,9:00 AM,Radnor Memorial Park,A2,4,UpperMerion A,
3761680,05/09/2015,9:30 AM,Encke Field,A3,5,Radnor Maroon A,
3761680,05/09/2015,9:30 AM,Encke Field,A3,5,Ridley A,
3768921,05/09/2015,9:30 AM,Ditmar Front Fie,B1,4,Radnor B,
3768921,05/09/2015,9:30 AM,Ditmar Front Fie,B1,4,Interboro B,
3769623,05/09/2015,10:00 AM,Heuser Field 1,UpperMerion,5,U,
3769623,05/09/2015,10:00 AM,Heuser Field 1,B2,6,Drexel Hill B,
3768920,05/09/2015,10:00 AM,Springfield - Sabold,B1,4,Springfield B,
3768920,05/09/2015,10:00 AM,Springfield - Sabold,B1,5,Haven B,
3761681,05/09/2015,10:00 AM,Gauntlett Center,A3,5,Marple Newtown A,
3761681,05/09/2015,10:00 AM,Gauntlett Center,A3,5,Springfield A,
3760530,05/09/2015,10:00 AM,Haven - King Field Turf,A1,5,Haven A,
3760530,05/09/2015,10:00 AM,Haven - King Field Turf,A1,5,Warriors A,
3761650,05/09/2015,10:00 AM,Rose Tree,A2,4,Rose Tree A,
3761650,05/09/2015,10:00 AM,Rose Tree,A2,5,Aston A,
3760533,05/09/2015,10:00 AM,Ridley Municipal Park,A1,5,Ridley A,
3760533,05/09/2015,10:00 AM,Ridley Municipal Park,A1,5,Marple A,
3761648,05/09/2015,10:00 AM,Drexel Hill,A2,5,Drexel Hill A,
3761648,05/09/2015,10:00 AM,Drexel Hill,A2,4,StJoes A,
3760532,05/09/2015,10:00 AM,Wissahickon,A1,5,Wissahickon A,
3760532,05/09/2015,10:00 AM,Wissahickon,A1,5,Lower Bucks A,
3767933,05/09/2015,10:00 AM,Twin Oaks Day Camp Field,B2,7,Warriors B,
3767933,05/09/2015,10:00 AM,Twin Oaks Day Camp Field,B2,7,Phoenixville B,
3768133,05/09/2015,10:30 AM,Brooke Elementary School,A3,6,Spring-Ford A,
3768133,05/09/2015,10:30 AM,Brooke Elementary School,A3,6,CBAA A,
3768174,05/09/2015,10:30 AM,William Penn Middle Scho,B1,9,Lower Bucks B,
3768174,05/09/2015,10:30 AM,William Penn Middle Scho,B1,6,Deep Run B,
3768148,05/09/2015,10:30 AM,Wissahickon,A3,6,Wissahickon A,
3768148,05/09/2015,10:30 AM,Wissahickon,A3,6,Lower Bucks Blue A,
3750108,05/09/2015,10:30 AM,CBAA 1,A1A,6,CBAA  A,
3750108,05/09/2015,10:30 AM,CBAA 1,A1A,6,Moorestown A,
3750132,05/09/2015,10:30 AM,Newtown Elementary,A1A,7,Council Rock A,
3750132,05/09/2015,10:30 AM,Newtown Elementary,A1A,8,Springfield A,
3768037,05/09/2015,10:30 AM,Cedar Hill Park,A1,6,Horsham A,
3768037,05/09/2015,10:30 AM,Cedar Hill Park,A1,6,Calvary A,
3763176,05/09/2015,10:30 AM,Perk Valley MS west,B1A,6,Perkiomen Valley B,
3763176,05/09/2015,10:30 AM,Perk Valley MS west,B1A,6,CBAA B,
3768584,05/09/2015,10:30 AM,Souderton,B3,6,Souderton B,
3768584,05/09/2015,10:30 AM,Souderton,B3,6,Spring-Ford B,
3768603,05/09/2015,10:30 AM,Boyertown,A1,6,Boyertown A,
3768603,05/09/2015,10:30 AM,Boyertown,A1,7,Spartan A,
3768108,05/09/2015,10:30 AM,Abraham Lincoln High Sch,A3,6,Lansing A,
3768108,05/09/2015,10:30 AM,Abraham Lincoln High Sch,A3,7,Lower Bucks White A,
3763180,05/09/2015,10:45 AM,Radnor Memorial Park,B1A,6,Radnor B,
3763180,05/09/2015,10:45 AM,Radnor Memorial Park,B1A,6,Springfield B,
3768271,05/09/2015,11:00 AM,Spartan,B3,7,Spartan B,
3768271,05/09/2015,11:00 AM,Spartan,B3,5,Wissahickon Blue B,
3769622,05/09/2015,11:15 AM,Ditmar Front Fie,B2,6,Radnor B,
3769622,05/09/2015,11:15 AM,Ditmar Front Fie,B1,5,Conshohocken B,
3768185,05/09/2015,11:30 AM,Twin Oaks Day Camp Field,B1,7,Warriors B,
3768185,05/09/2015,11:30 AM,Twin Oaks Day Camp Field,B1,12,CBAA B,
3769621,05/09/2015,11:45 AM,Springfield - Sabold,B2,5,Springfield B,
3769621,05/09/2015,11:45 AM,Springfield - Sabold,B2,5,Haverford B,
3761679,05/09/2015,11:45 AM,Haven - King Field Turf,A3,5,Haven A,
3761679,05/09/2015,11:45 AM,Haven - King Field Turf,A3,5,Radnor White A,
3768919,05/09/2015,11:45 AM,Ridley Municipal Park,B1,5,Ridley B,
3768919,05/09/2015,11:45 AM,Ridley Municipal Park,B1,4,Marple Newtown B,
3768064,05/09/2015,12:00 PM,Deep Run,A2,6,Deep Run A,
3768064,05/09/2015,12:00 PM,Deep Run,A2,6,Lower Bucks A,
3767930,05/09/2015,12:00 PM,Nathaniel Boileau Park,B2,6,Upper Moreland B,
3767930,05/09/2015,12:00 PM,Nathaniel Boileau Park,B2,7,Wissahickon B,
3768020,05/09/2015,12:00 PM,Wissahickon,B3,5,Wissahickon Gold B,
3768020,05/09/2015,12:00 PM,Wissahickon,B3,6,Wariors Blue B,
3768030,05/09/2015,12:00 PM,CBAA 1,A1,6,CBAA A,
3768030,05/09/2015,12:00 PM,CBAA 1,A1,6,North Penn A,
3768105,05/09/2015,12:00 PM,Cedar Hill Park,A3,8,Horsham A,
3768105,05/09/2015,12:00 PM,Cedar Hill Park,A3,7,Calvary A,
3768604,05/09/2015,12:00 PM,Boyertown,A2,7,Boyertown A,
3768604,05/09/2015,12:00 PM,Boyertown,A2,6,Phoenixville A,
3761682,05/09/2015,12:00 PM,Haverford Reserve Grass,A3,5,Haverford A,
3761682,05/09/2015,12:00 PM,Haverford Reserve Grass,A3,5,Ashbee A,
3768582,05/09/2015,12:00 PM,Souderton,A2,6,Souderton Red A,
3768582,05/09/2015,12:00 PM,Souderton,A2,6,Council Rock Blue A,
3760531,05/09/2015,12:00 PM,Shipley Farms 1,A1,5,Ashbee A,
3760531,05/09/2015,12:00 PM,Shipley Farms 1,A1,5,Conshohocken A,
3768257,05/09/2015,12:00 PM,Hardy Bush Fields,B3,7,New Hope B,
3768257,05/09/2015,12:00 PM,Hardy Bush Fields,B3,7,Upper Moreland B,
3767800,05/09/2015,12:00 PM,Brooke Elementary School,A2,6,Spring-Ford A,
3767800,05/09/2015,12:00 PM,Brooke Elementary School,A2,6,Council Rock White A,
3768072,05/09/2015,12:00 PM,Pennbrook Middle School,A2,6,North Penn A,
3768072,05/09/2015,12:00 PM,Pennbrook Middle School,A2,7,Warriors A,
3768129,05/09/2015,12:00 PM,Perk Valley Middle Schoo,A3,7,Perkiomen Valley A,
3768129,05/09/2015,12:00 PM,Perk Valley Middle Schoo,A3,6,Council Rock  A,
3763169,05/09/2015,12:30 PM,Haverford,B1A,6,Haverford B,
3763169,05/09/2015,12:30 PM,Haverford,B1A,5,Ashbee B,
3767957,05/09/2015,1:30 PM,Cedar Hill Park,B3,6,Horsham B,
3767957,05/09/2015,1:30 PM,Cedar Hill Park,B3,6,Warriors White B,
3768583,05/09/2015,1:30 PM,Souderton,A2,7,Souderton White A,
3768583,05/09/2015,1:30 PM,Souderton,A2,7,Crooked Crosse A,
3768189,05/09/2015,1:30 PM,CBAA 1,B2,6,CBAA B,
3768189,05/09/2015,1:30 PM,CBAA 1,B2,6,Lansing B,
3767951,05/09/2015,1:30 PM,CCLC,B3,5,Crooked Crosse B,
3767951,05/09/2015,1:30 PM,CCLC,B3,7,Boyertown B,
3768231,05/09/2015,1:30 PM,CCLC,B3,6,Crooked Crosse B,
3768231,05/09/2015,1:30 PM,CCLC,B3,8,Boyertown B,
3769624,05/09/2015,1:30 PM,Ridley Municipal Park,B2,6,Ridley B,
3769624,05/09/2015,1:30 PM,Ridley Municipal Park,B2,5,Marple Newtown B,
3767844,05/09/2015,1:30 PM,Pennbrook Middle School,A3,7,North Penn A,
3767844,05/09/2015,1:30 PM,Pennbrook Middle School,A3,8,Warriors A,
3768153,05/09/2015,2:00 PM,Calvary AA,B1,8,Calvary B,
3768153,05/09/2015,2:00 PM,Calvary AA,B1,6,Council Rock B,
3750133,05/09/2015,3:00 PM,Encke Field,A1A,7,Radnor A,
3750133,05/09/2015,3:00 PM,Encke Field,A1A,7,Crooked Crosse A,
3768194,05/09/2015,4:30 PM,Newtown Elementary,B2,7,Council Rock B,
3768194,05/09/2015,4:30 PM,Newtown Elementary,B2,5,Souderton B,
3768190,05/10/2015,10:30 AM,CBAA 1,B2,7,CBAA B,
3768190,05/10/2015,10:30 AM,CBAA 1,B2,7,Deep Run B,
3768053,05/10/2015,12:00 PM,Newtown Elementary,A2,7,Council Rock Blue A,
3768053,05/10/2015,12:00 PM,Newtown Elementary,A2,7,Lower Bucks A,
3767878,05/10/2015,12:00 PM,CBAA 1,B1,13,CBAA B,
3767878,05/10/2015,12:00 PM,CBAA 1,B1,7,Deep Run B,
3770138,05/10/2015,12:00 PM,CBAA 1,B1,14,CBAA B,
3770138,05/10/2015,12:00 PM,CBAA 1,B1,8,Deep Run B,
3770139,05/10/2015,12:00 PM,CBAA 1,B1,15,CBAA B,
3770139,05/10/2015,12:00 PM,CBAA 1,B1,9,Deep Run B,
3768034,05/10/2015,12:00 PM,Deep Run,A1,6,Deep Run A,
3768034,05/10/2015,12:00 PM,Deep Run,A1,7,CBAA A,
3768232,05/10/2015,12:00 PM,CCLC,B3,7,Crooked Crosse B,
3768232,05/10/2015,12:00 PM,CCLC,B3,6,Lower Bucks White B,
3763188,05/10/2015,12:00 PM,Springfield - Church Rd,B1A,7,Springfield B,
3763188,05/10/2015,12:00 PM,Springfield - Church Rd,B1A,7,Spring-Ford B,
3768182,05/10/2015,12:00 PM,Spartan,B1,6,Spartan B,
3768182,05/10/2015,12:00 PM,Spartan,B1,9,Calvary B,
3760539,05/10/2015,12:00 PM,Episcopal Academy Turf,A1,6,Marple A,
3760539,05/10/2015,12:00 PM,Episcopal Academy Turf,A1,6,Conshohocken A,
3767963,05/10/2015,12:00 PM,Abraham Lincoln High Sch,B3,6,Lansing B,
3767963,05/10/2015,12:00 PM,Abraham Lincoln High Sch,B3,6,Wissahickon Blue B,
3768076,05/10/2015,12:00 PM,PMYC Clubhouse Field,A2,7,Phoenixville A,
3768076,05/10/2015,12:00 PM,PMYC Clubhouse Field,A2,7,Deep Run A,
3763177,05/10/2015,12:00 PM,Perk Valley MS west,B1A,7,Perkiomen Valley B,
3763177,05/10/2015,12:00 PM,Perk Valley MS west,B1A,6,Ashbee B,
3768586,05/10/2015,12:00 PM,Souderton,B3,7,Souderton B,
3768586,05/10/2015,12:00 PM,Souderton,B3,8,CBAA B,
3767839,05/10/2015,12:00 PM,William Penn Middle Scho,A3,8,Lower Bucks White A,
3767839,05/10/2015,12:00 PM,William Penn Middle Scho,A3,7,Upper Moreland A,
3767978,05/10/2015,12:00 PM,Hardy Bush Fields,B3,8,New Hope B,
3767978,05/10/2015,12:00 PM,Hardy Bush Fields,B3,7,Horsham B,
3767980,05/10/2015,12:00 PM,Pennbrook Middle School,B3,6,North Penn B,
3767980,05/10/2015,12:00 PM,Pennbrook Middle School,B3,7,Council Rock B,
3768081,05/10/2015,12:00 PM,Brooke Elementary School,A2,7,Spring-Ford A,
3768081,05/10/2015,12:00 PM,Brooke Elementary School,A2,7,Souderton Red A,
3760541,05/10/2015,1:00 PM,Twin Oaks Day Camp Field,A1,6,Warriors A,
3760541,05/10/2015,1:00 PM,Twin Oaks Day Camp Field,A1,6,Ridley A,
3768913,05/10/2015,1:00 PM,Lower Merion - Grass,B1,5,Asbee B,
3768913,05/10/2015,1:00 PM,Lower Merion - Grass,B1,5,Interboro B,
3761687,05/10/2015,1:00 PM,Haven - King Field Turf,A3,6,Haven A,
3761687,05/10/2015,1:00 PM,Haven - King Field Turf,A3,6,Springfield A,
3761655,05/10/2015,1:00 PM,Radnor Memorial Park,A2,5,Radnor A,
3761655,05/10/2015,1:00 PM,Radnor Memorial Park,A2,5,Interboro A,
3769610,05/10/2015,1:00 PM,Prevost Field,B2,7,Radnor B,
3769610,05/10/2015,1:00 PM,Prevost Field,B2,6,Springfield B,
3771128,05/10/2015,1:00 PM,Interboro,C,5,Interboro Black C,
3771128,05/10/2015,1:00 PM,Interboro,C,5,Radnor C,
3761656,05/10/2015,1:00 PM,Rose Tree,A2,5,Rose Tree A,
3761656,05/10/2015,1:00 PM,Rose Tree,A2,5,StJoes A,
3761690,05/10/2015,1:00 PM,Haverford,A3,6,Haverford A,
3761690,05/10/2015,1:00 PM,Haverford,A3,6,Radnor White A,
3771235,05/10/2015,1:00 PM,Heuser Field 1,C2,5,Upper Merion C,
3771235,05/10/2015,1:00 PM,Heuser Field 1,C2,4,Marple Newtown C,
3760540,05/10/2015,1:00 PM,Middletown Comm Park,A1,6,Lower Bucks A,
3760540,05/10/2015,1:00 PM,Middletown Comm Park,A1,6,Ashbee A,
3769612,05/10/2015,1:00 PM,Conshohocken,B1,6,Conshohocken B,
3769612,05/10/2015,1:00 PM,Conshohocken,UpperMerion,6,U,
3770163,05/10/2015,1:00 PM,Moorestown,A1A,7,Moorestown A,
3770163,05/10/2015,1:00 PM,Moorestown,A1A,6,Haverford A,
3761654,05/10/2015,1:00 PM,Aston (Pennell Field),A2,6,Aston A,
3761654,05/10/2015,1:00 PM,Aston (Pennell Field),A2,5,UpperMerion A,
3763172,05/10/2015,1:30 PM,Moorestown,B1A,6,Moorestown B,
3763172,05/10/2015,1:30 PM,Moorestown,B1A,7,Crooked Crosse B,
3763196,05/10/2015,1:30 PM,Wissahickon,B1A,6,Wissahickon B,
3763196,05/10/2015,1:30 PM,Wissahickon,B1A,6,Rose Tree B,
3750101,05/10/2015,1:30 PM,Newtown Elementary,A1A,8,Council Rock A,
3750101,05/10/2015,1:30 PM,Newtown Elementary,A1A,7,CBAA  A,
3763161,05/10/2015,1:30 PM,CBAA 1,B1A,7,CBAA B,
3763161,05/10/2015,1:30 PM,CBAA 1,B1A,7,Haverford B,
3768272,05/10/2015,1:30 PM,Spartan,B3,8,Spartan B,
3768272,05/10/2015,1:30 PM,Spartan,B3,7,Perkiomen Valley B,
3769611,05/10/2015,1:30 PM,Episcopal Academy Turf,B2,6,Marple Newtown B,
3769611,05/10/2015,1:30 PM,Episcopal Academy Turf,B2,6,Ashbee B,
3768201,05/10/2015,1:30 PM,Abraham Lincoln High Sch,B2,7,Lansing B,
3768201,05/10/2015,1:30 PM,Abraham Lincoln High Sch,B2,7,Upper Moreland B,
3768585,05/10/2015,1:30 PM,Souderton,B2,6,Souderton B,
3768585,05/10/2015,1:30 PM,Souderton,B2,8,Phoenixville B,
3768277,05/10/2015,1:30 PM,Brooke Elementary School,B3,7,Spring-Ford B,
3768277,05/10/2015,1:30 PM,Brooke Elementary School,B3,6,Wissahickon Gold B,
3768176,05/10/2015,1:30 PM,Pennbrook Middle School,B1,6,North Penn B,
3768176,05/10/2015,1:30 PM,Pennbrook Middle School,B1,7,Council Rock B,
3768113,05/10/2015,1:30 PM,William Penn Middle Scho,A3,7,Lower Bucks Blue A,
3768113,05/10/2015,1:30 PM,William Penn Middle Scho,A3,7,Spring-Ford A,
3768914,05/10/2015,1:45 PM,Springfield - Church Rd,B1,5,Springfield B,
3768914,05/10/2015,1:45 PM,Springfield - Church Rd,B1,5,Marple Newtown B,
3768915,05/10/2015,1:45 PM,Encke Field,B1,5,Radnor B,
3768915,05/10/2015,1:45 PM,Encke Field,B1,6,Ridley B,
3761688,05/10/2015,2:30 PM,Lower Merion - Grass,A3,6,Ashbee A,
3761688,05/10/2015,2:30 PM,Lower Merion - Grass,A3,6,Ridley A,
3771127,05/10/2015,2:45 PM,Lower Merion - Grass,C,5,Ashbee C,
3771127,05/10/2015,2:45 PM,Lower Merion - Grass,C,5,Upper Merion C,
3769829,05/10/2015,2:45 PM,Haven - King Field Turf,B3,5,Haven B,
3769829,05/10/2015,2:45 PM,Haven - King Field Turf,B3,5,Radnor Maroon B,
3769609,05/10/2015,2:45 PM,Haverford,B2,6,Haverford B,
3769609,05/10/2015,2:45 PM,Haverford,B2,7,Drexel Hill B,
3769828,05/10/2015,2:45 PM,Rose Tree,B3,5,Rose Tree B,
3769828,05/10/2015,2:45 PM,Rose Tree,B3,5,Marple B,
3769827,05/10/2015,2:45 PM,Aston (Pennell Field),B3,5,Aston B,
3769827,05/10/2015,2:45 PM,Aston (Pennell Field),B3,5,Haverford B,
3768094,05/10/2015,3:00 PM,CBAA 1,A3,7,CBAA A,
3768094,05/10/2015,3:00 PM,CBAA 1,A3,7,Wissahickon A,
3760538,05/10/2015,3:00 PM,Wissahickon,A1,6,Wissahickon A,
3760538,05/10/2015,3:00 PM,Wissahickon,A1,6,Haven A,
3767818,05/10/2015,3:00 PM,Newtown Elementary,A3,7,Council Rock  A,
3767818,05/10/2015,3:00 PM,Newtown Elementary,A3,7,Lansing A,
3769830,05/10/2015,3:00 PM,Ridley Municipal Park,B3,5,Ridley B,
3769830,05/10/2015,3:00 PM,Ridley Municipal Park,B3,5,Radnor White B,
3761689,05/10/2015,3:00 PM,Radnor Memorial Park,A3,6,Radnor Maroon A,
3761689,05/10/2015,3:00 PM,Radnor Memorial Park,A3,6,Marple Newtown A,
3763181,05/10/2015,3:30 PM,Encke Field,B1A,7,Radnor B,
3763181,05/10/2015,3:30 PM,Encke Field,B1A,7,Boyertown B,
3771237,05/10/2015,3:30 PM,Springfield - Church Rd,C2,5,Springfield C,
3771237,05/10/2015,3:30 PM,Springfield - Church Rd,White,4,Ridley C2 W,
3771129,05/10/2015,4:15 PM,Haven - King Field Turf,C,5,Haven C,
3771129,05/10/2015,4:15 PM,Haven - King Field Turf,C1,5,Springfield C,
3771131,05/10/2015,4:30 PM,Rose Tree,C,5,Rose Tree C,
3771131,05/10/2015,4:30 PM,Rose Tree,C,5,Marple Newtown C,
3771130,05/10/2015,4:30 PM,Haverford,C,5,Haverford C,
3771130,05/10/2015,4:30 PM,Haverford,C,5,Ridley C,
3771236,05/10/2015,4:45 PM,Ridley Municipal Park,Green,4,Ridley C2 G,
3771236,05/10/2015,4:45 PM,Ridley Municipal Park,C2,5,Aston C,
3771234,05/10/2015,5:45 PM,Haven - King Field Turf,C2,4,Haven C,
3771234,05/10/2015,5:45 PM,Haven - King Field Turf,C2,5,Conshohocken C,
3768085,05/16/2015,9:00 AM,Twin Oaks Day Camp Field,A2,8,Warriors A,
3768085,05/16/2015,9:00 AM,Twin Oaks Day Camp Field,A2,8,Spring-Ford A,
3767793,05/16/2015,9:00 AM,Pennbrook Middle School,A2,7,North Penn A,
3767793,05/16/2015,9:00 AM,Pennbrook Middle School,A2,8,Crooked Crosse A,
3767829,05/16/2015,9:30 AM,Abraham Lincoln High Sch,A3,8,Lansing A,
3767829,05/16/2015,9:30 AM,Abraham Lincoln High Sch,A3,8,Upper Moreland A,
3767998,05/16/2015,9:30 AM,Brooke Elementary School,B3,8,Spring-Ford B,
3767998,05/16/2015,9:30 AM,Brooke Elementary School,B3,7,Lower Bucks White B,
3760536,05/16/2015,10:00 AM,Middletown Comm Park,A1,7,Lower Bucks A,
3760536,05/16/2015,10:00 AM,Middletown Comm Park,A1,7,Haven A,
3760537,05/16/2015,10:00 AM,Conshohocken,A1,7,Conshohocken A,
3760537,05/16/2015,10:00 AM,Conshohocken,A1,7,Ridley A,
3761652,05/16/2015,10:00 AM,Interboro,A2,6,Interboro A,
3761652,05/16/2015,10:00 AM,Interboro,A2,6,Drexel Hill A,
3761686,05/16/2015,10:00 AM,Ridley Municipal Park,A3,7,Ridley A,
3761686,05/16/2015,10:00 AM,Ridley Municipal Park,A3,7,Haverford A,
3761653,05/16/2015,10:00 AM,Heuser Field 1,A2,6,UpperMerion A,
3761653,05/16/2015,10:00 AM,Heuser Field 1,A2,6,Rose Tree A,
3761651,05/16/2015,10:00 AM,St Joe - Mary St,A2,6,StJoes A,
3761651,05/16/2015,10:00 AM,St Joe - Mary St,A2,6,Radnor A,
3761683,05/16/2015,10:00 AM,Encke Field,A3,7,Radnor White A,
3761683,05/16/2015,10:00 AM,Encke Field,A3,7,Radnor Maroon A,
3761684,05/16/2015,10:00 AM,Springfield - Sabold,A3,7,Springfield A,
3761684,05/16/2015,10:00 AM,Springfield - Sabold,A3,7,Ashbee A,
3760535,05/16/2015,10:00 AM,Gauntlett Center,A1,7,Marple A,
3760535,05/16/2015,10:00 AM,Gauntlett Center,A1,7,Wissahickon A,
3767865,05/16/2015,10:00 AM,Twin Oaks Day Camp Field,A3,9,Warriors A,
3767865,05/16/2015,10:00 AM,Twin Oaks Day Camp Field,A3,8,Spring-Ford A,
3768125,05/16/2015,10:30 AM,Pennbrook Middle School,A3,8,North Penn A,
3768125,05/16/2015,10:30 AM,Pennbrook Middle School,A3,8,Perkiomen Valley A,
3768605,05/16/2015,10:30 AM,Boyertown,B3,9,Boyertown B,
3768605,05/16/2015,10:30 AM,Boyertown,B3,8,Upper Moreland B,
3768038,05/16/2015,10:30 AM,Cedar Hill Park,A1,7,Horsham A,
3768038,05/16/2015,10:30 AM,Cedar Hill Park,A1,7,Deep Run A,
3750107,05/16/2015,10:30 AM,CCLC,A1A,8,Crooked Crosse A,
3750107,05/16/2015,10:30 AM,CCLC,A1A,7,Haverford A,
3768149,05/16/2015,10:30 AM,Wissahickon,A3,8,Wissahickon A,
3768149,05/16/2015,10:30 AM,Wissahickon,A3,8,Council Rock  A,
3768198,05/16/2015,10:30 AM,Deep Run,B2,8,Deep Run B,
3768198,05/16/2015,10:30 AM,Deep Run,B2,8,Boyertown B,
3768202,05/16/2015,11:00 AM,Abraham Lincoln High Sch,B2,8,Lansing B,
3768202,05/16/2015,11:00 AM,Abraham Lincoln High Sch,B2,8,Council Rock B,
3760534,05/16/2015,11:30 AM,Twin Oaks Day Camp Field,A1,7,Warriors A,
3760534,05/16/2015,11:30 AM,Twin Oaks Day Camp Field,A1,7,Ashbee A,
3761685,05/16/2015,11:45 AM,Gauntlett Center,A3,7,Marple Newtown A,
3761685,05/16/2015,11:45 AM,Gauntlett Center,A3,7,Haven A,
3771240,05/16/2015,11:45 AM,Ridley Municipal Park,White,5,Ridley C2 W,
3771240,05/16/2015,11:45 AM,Ridley Municipal Park,Green,5,Ridley C2 G,
3763165,05/16/2015,12:00 PM,CCLC,B1A,8,Crooked Crosse B,
3763165,05/16/2015,12:00 PM,CCLC,B1A,8,Boyertown B,
3768166,05/16/2015,12:00 PM,Deep Run,B1,10,Deep Run B,
3768166,05/16/2015,12:00 PM,Deep Run,B1,7,Spartan B,
3767947,05/16/2015,12:00 PM,Newtown Elementary,B3,8,Council Rock B,
3767947,05/16/2015,12:00 PM,Newtown Elementary,B3,7,Lansing B,
3768218,05/16/2015,12:00 PM,Wissahickon,B2,8,Wissahickon B,
3768218,05/16/2015,12:00 PM,Wissahickon,B2,7,Souderton B,
3767797,05/16/2015,12:00 PM,PMYC Clubhouse Field,A2,8,Phoenixville A,
3767797,05/16/2015,12:00 PM,PMYC Clubhouse Field,A2,8,Council Rock Blue A,
3768588,05/16/2015,12:00 PM,Souderton,A2,8,Souderton White A,
3768588,05/16/2015,12:00 PM,Souderton,A2,8,Lower Bucks A,
3768042,05/16/2015,12:00 PM,Pennbrook Middle School,A1,7,North Penn A,
3768042,05/16/2015,12:00 PM,Pennbrook Middle School,A1,7,Perkiomen Valley A,
3763184,05/16/2015,12:00 PM,Penncrest  HS Field 9,B1A,7,Rose Tree B,
3763184,05/16/2015,12:00 PM,Penncrest  HS Field 9,B1A,7,Moorestown B,
3768114,05/16/2015,12:00 PM,William Penn Middle Scho,A3,8,Lower Bucks Blue A,
3768114,05/16/2015,12:00 PM,William Penn Middle Scho,A3,9,Horsham A,
3768291,05/16/2015,1:00 PM,Twin Oaks Day Camp Field,B3,7,Warriors White B,
3768291,05/16/2015,1:00 PM,Twin Oaks Day Camp Field,B3,8,Perkiomen Valley B,
3768296,05/16/2015,1:30 PM,Wissahickon,B3,7,Wissahickon Blue B,
3768296,05/16/2015,1:30 PM,Wissahickon,B3,7,Wariors Blue B,
3768261,05/16/2015,1:30 PM,Pennbrook Middle School,B3,7,North Penn B,
3768261,05/16/2015,1:30 PM,Pennbrook Middle School,B3,8,Horsham B,
3768587,05/16/2015,1:30 PM,Souderton,A2,8,Souderton Red A,
3768587,05/16/2015,1:30 PM,Souderton,A2,8,Boyertown A,
3768065,05/16/2015,1:30 PM,Deep Run,A2,8,Deep Run A,
3768065,05/16/2015,1:30 PM,Deep Run,A2,7,Council Rock White A,
3768233,05/16/2015,1:30 PM,CCLC,B3,8,Crooked Crosse B,
3768233,05/16/2015,1:30 PM,CCLC,B3,9,Spartan B,
3768089,05/16/2015,2:00 PM,Calvary AA,A3,8,Calvary A,
3768089,05/16/2015,2:00 PM,Calvary AA,A3,9,Lower Bucks White A,
3768214,05/16/2015,2:30 PM,Twin Oaks Day Camp Field,B2,8,Warriors B,
3768214,05/16/2015,2:30 PM,Twin Oaks Day Camp Field,B2,8,Upper Moreland B,
3768301,05/16/2015,3:00 PM,Wissahickon,B3,7,Wissahickon Gold B,
3768301,05/16/2015,3:00 PM,Wissahickon,B3,9,New Hope B,
3768177,05/16/2015,3:00 PM,Pennbrook Middle School,B1,7,North Penn B,
3768177,05/16/2015,3:00 PM,Pennbrook Middle School,B1,9,Horsham B,
3768027,05/16/2015,3:30 PM,Calvary AA,A1,7,Calvary A,
3768027,05/16/2015,3:30 PM,Calvary AA,A1,7,Boyertown A,
3768186,05/17/2015,12:00 PM,Twin Oaks Day Camp Field,B1,8,Warriors B,
3768186,05/17/2015,12:00 PM,Twin Oaks Day Camp Field,B1,8,Spartan B,
3768262,05/17/2015,12:00 PM,Pennbrook Middle School,B3,8,North Penn B,
3768262,05/17/2015,12:00 PM,Pennbrook Middle School,B3,9,CBAA B,
3768589,05/17/2015,12:00 PM,Souderton,B2,8,Souderton B,
3768589,05/17/2015,12:00 PM,Souderton,B2,8,CBAA B,
3763185,05/17/2015,12:00 PM,Penncrest  HS Field 9,B1A,8,Rose Tree B,
3763185,05/17/2015,12:00 PM,Penncrest  HS Field 9,B1A,8,Radnor B,
3768918,05/17/2015,12:00 PM,Gauntlett Center,B1,6,Marple Newtown B,
3768918,05/17/2015,12:00 PM,Gauntlett Center,B1,6,Radnor B,
3763193,05/17/2015,12:00 PM,Brooke Elementary,B1A,8,Spring-Ford B,
3763193,05/17/2015,12:00 PM,Brooke Elementary,B1A,8,Perkiomen Valley B,
3768170,05/17/2015,12:00 PM,Cedar Hill Park,B1,10,Horsham B,
3768170,05/17/2015,12:00 PM,Cedar Hill Park,B1,8,Council Rock B,
3768302,05/17/2015,12:00 PM,Wissahickon,B3,8,Wissahickon Gold B,
3768302,05/17/2015,12:00 PM,Wissahickon,B3,8,Souderton B,
3768154,05/17/2015,12:00 PM,Calvary AA,B1,10,Calvary B,
3768154,05/17/2015,12:00 PM,Calvary AA,B1,10,Lower Bucks B,
3768228,05/17/2015,12:00 PM,Newtown Elementary,B3,9,Council Rock B,
3768228,05/17/2015,12:00 PM,Newtown Elementary,B3,9,Crooked Crosse B,
3763189,05/17/2015,12:00 PM,Springfield - Church Rd,B1A,8,Springfield B,
3763189,05/17/2015,12:00 PM,Springfield - Church Rd,B1A,8,Haverford B,
3769831,05/17/2015,12:15 PM,Haverford,B3,6,Haverford B,
3769831,05/17/2015,12:15 PM,Haverford,B3,6,Rose Tree B,
3769615,05/17/2015,1:00 PM,Heuser Field 1,UpperMerion,7,U,
3769615,05/17/2015,1:00 PM,Heuser Field 1,B2,7,Marple Newtown B,
3769832,05/17/2015,1:00 PM,Encke Field,B3,6,Radnor Maroon B,
3769832,05/17/2015,1:00 PM,Encke Field,B3,6,Radnor White B,
3768916,05/17/2015,1:00 PM,Interboro,B1,6,Interboro B,
3768916,05/17/2015,1:00 PM,Interboro,B1,6,Springfield B,
3771238,05/17/2015,1:00 PM,Aston (Pennell Field),C2,6,Aston C,
3771238,05/17/2015,1:00 PM,Aston (Pennell Field),C2,5,Haven C,
3771136,05/17/2015,1:00 PM,Marple Newtown,C,6,Marple Newtown C,
3771136,05/17/2015,1:00 PM,Marple Newtown,C,6,Interboro Black C,
3771241,05/17/2015,1:00 PM,Drexel Hill,C2,5,Drexel Hill C,
3771241,05/17/2015,1:00 PM,Drexel Hill,C2,6,Upper Merion C,
3750128,05/17/2015,1:00 PM,Moorestown,A1A,8,Moorestown A,
3750128,05/17/2015,1:00 PM,Moorestown,A1A,8,Radnor A,
3768917,05/17/2015,1:00 PM,Haven - King Field Turf,B1,6,Haven B,
3768917,05/17/2015,1:00 PM,Haven - King Field Turf,B1,6,Asbee B,
3769613,05/17/2015,1:00 PM,Lower Merion - Grass,B2,7,Ashbee B,
3769613,05/17/2015,1:00 PM,Lower Merion - Grass,B2,7,Haverford B,
3768130,05/17/2015,1:30 PM,Perk Valley Middle Schoo,A3,9,Perkiomen Valley A,
3768130,05/17/2015,1:30 PM,Perk Valley Middle Schoo,A3,9,Lower Bucks Blue A,
3767898,05/17/2015,1:30 PM,Pennbrook Middle School,B1,8,North Penn B,
3767898,05/17/2015,1:30 PM,Pennbrook Middle School,B1,16,CBAA B,
3768286,05/17/2015,1:30 PM,Twin Oaks Day Camp Field,B3,8,Wariors Blue B,
3768286,05/17/2015,1:30 PM,Twin Oaks Day Camp Field,B3,8,Lower Bucks White B,
3763197,05/17/2015,1:30 PM,Wissahickon,B1A,7,Wissahickon B,
3763197,05/17/2015,1:30 PM,Wissahickon,B1A,8,CBAA B,
3768090,05/17/2015,1:30 PM,Calvary AA,A3,9,Calvary A,
3768090,05/17/2015,1:30 PM,Calvary AA,A3,8,CBAA A,
3768057,05/17/2015,1:30 PM,Newtown Elementary,A2,8,Council Rock White A,
3768057,05/17/2015,1:30 PM,Newtown Elementary,A2,8,North Penn A,
3769614,05/17/2015,1:45 PM,Springfield - Church Rd,B2,7,Springfield B,
3769614,05/17/2015,1:45 PM,Springfield - Church Rd,B1,7,Conshohocken B,
3750117,05/17/2015,1:45 PM,Haverford,A1A,8,Haverford A,
3750117,05/17/2015,1:45 PM,Haverford,A1A,8,CBAA  A,
3769834,05/17/2015,1:45 PM,Gauntlett Center,B3,6,Marple B,
3769834,05/17/2015,1:45 PM,Gauntlett Center,B3,6,Ridley B,
3763173,05/17/2015,2:30 PM,Moorestown,B1A,8,Moorestown B,
3763173,05/17/2015,2:30 PM,Moorestown,B1A,7,Ashbee B,
3771239,05/17/2015,2:45 PM,Marple Newtown,C2,5,Marple Newtown C,
3771239,05/17/2015,2:45 PM,Marple Newtown,C2,6,Springfield C,
3771133,05/17/2015,2:45 PM,Encke Field,C,6,Radnor C,
3771133,05/17/2015,2:45 PM,Encke Field,C,6,Haverford C,
3771135,05/17/2015,2:45 PM,Heuser Field 1,C,6,Upper Merion C,
3771135,05/17/2015,2:45 PM,Heuser Field 1,C,6,Rose Tree C,
3769833,05/17/2015,2:45 PM,Haven - King Field Turf,B3,6,Haven B,
3769833,05/17/2015,2:45 PM,Haven - King Field Turf,B3,6,Aston B,
3768292,05/17/2015,3:00 PM,Twin Oaks Day Camp Field,B3,8,Warriors White B,
3768292,05/17/2015,3:00 PM,Twin Oaks Day Camp Field,B3,8,Lansing B,
3768267,05/17/2015,3:00 PM,Perk Valley Middle Schoo,B3,9,Perkiomen Valley B,
3768267,05/17/2015,3:00 PM,Perk Valley Middle Schoo,B3,8,Lower Bucks Blue B,
3769616,05/17/2015,3:00 PM,Ridley Municipal Park,B2,7,Ridley B,
3769616,05/17/2015,3:00 PM,Ridley Municipal Park,B2,8,Radnor B,
3768297,05/17/2015,3:00 PM,Wissahickon,B3,8,Wissahickon Blue B,
3768297,05/17/2015,3:00 PM,Wissahickon,B3,9,Spring-Ford B,
3768099,05/17/2015,3:00 PM,Newtown Elementary,A3,9,Council Rock  A,
3768099,05/17/2015,3:00 PM,Newtown Elementary,A3,9,North Penn A,
3771132,05/17/2015,3:30 PM,Springfield - Church Rd,C1,6,Springfield C,
3771132,05/17/2015,3:30 PM,Springfield - Church Rd,C,6,Ashbee C,
3771134,05/17/2015,4:45 PM,Ridley Municipal Park,C,6,Ridley C,
3771134,05/17/2015,4:45 PM,Ridley Municipal Park,C,6,Haven C,
3768140,05/30/2015,10:30 AM,Nathaniel Boileau Park,A3,9,Upper Moreland A,
3768140,05/30/2015,10:30 AM,Nathaniel Boileau Park,A3,9,Wissahickon A,
3768100,05/30/2015,10:30 AM,Newtown Elementary,A3,10,Council Rock  A,
3768100,05/30/2015,10:30 AM,Newtown Elementary,A3,10,Horsham A,
3770129,05/30/2015,10:30 AM,CBAA 1,A3,9,CBAA A,
3770129,05/30/2015,10:30 AM,CBAA 1,A3,10,North Penn A,
3770121,05/30/2015,10:30 AM,Boyertown,B3,10,Boyertown B,
3770121,05/30/2015,10:30 AM,Boyertown,B3,10,Spring-Ford B,
3768110,05/30/2015,10:30 AM,Abraham Lincoln High Sch,A3,9,Lansing A,
3768110,05/30/2015,10:30 AM,Abraham Lincoln High Sch,A3,10,Warriors A,
3768134,05/30/2015,10:30 AM,Brooke Elementary School,A3,9,Spring-Ford A,
3768134,05/30/2015,10:30 AM,Brooke Elementary School,A3,10,Perkiomen Valley A,
3768590,05/30/2015,10:30 AM,Souderton,B3,9,Souderton B,
3768590,05/30/2015,10:30 AM,Souderton,B3,9,Lansing B,
3768247,05/30/2015,10:30 AM,William Penn Middle Scho,B3,9,Lower Bucks Blue B,
3768247,05/30/2015,10:30 AM,William Penn Middle Scho,B3,10,New Hope B,
3767835,05/30/2015,12:00 PM,William Penn Middle Scho,A3,10,Lower Bucks Blue A,
3767835,05/30/2015,12:00 PM,William Penn Middle Scho,A3,10,Calvary A,
3768223,05/30/2015,12:00 PM,CBAA 2,B3,10,CBAA B,
3768223,05/30/2015,12:00 PM,CBAA 2,B3,10,Crooked Crosse B,
3767988,05/30/2015,1:30 PM,Perk Valley Middle Schoo,B3,10,Perkiomen Valley B,
3767988,05/30/2015,1:30 PM,Perk Valley Middle Schoo,B3,10,Council Rock B,
3768268,05/30/2015,1:30 PM,Perk Valley Middle Schoo,B3,11,Perkiomen Valley B,
3768268,05/30/2015,1:30 PM,Perk Valley Middle Schoo,B3,11,Council Rock B,
3768007,05/30/2015,1:30 PM,Twin Oaks Day Camp Field,B3,9,Wariors Blue B,
3768007,05/30/2015,1:30 PM,Twin Oaks Day Camp Field,B3,9,North Penn B,
3768298,05/30/2015,1:30 PM,Wissahickon,B3,9,Wissahickon Blue B,
3768298,05/30/2015,1:30 PM,Wissahickon,B3,9,Lower Bucks White B,
3768303,05/30/2015,3:00 PM,Wissahickon,B3,9,Wissahickon Gold B,
3768303,05/30/2015,3:00 PM,Wissahickon,B3,9,Horsham B,
3768293,05/30/2015,3:00 PM,Twin Oaks Day Camp Field,B3,9,Warriors White B,
3768293,05/30/2015,3:00 PM,Twin Oaks Day Camp Field,B3,9,Upper Moreland B,
3768135,05/31/2015,12:00 PM,Brooke Elementary School,A3,10,Spring-Ford A,
3768135,05/31/2015,12:00 PM,Brooke Elementary School,A3,10,Upper Moreland A,
3768288,05/31/2015,12:00 PM,Twin Oaks Day Camp Field,B3,10,Wariors Blue B,
3768288,05/31/2015,12:00 PM,Twin Oaks Day Camp Field,B3,11,Crooked Crosse B,
3768263,05/31/2015,12:00 PM,Pennbrook Middle School,B3,10,North Penn B,
3768263,05/31/2015,12:00 PM,Pennbrook Middle School,B3,10,Wissahickon Gold B,
3768238,05/31/2015,12:00 PM,Cedar Hill Park,B3,10,Horsham B,
3768238,05/31/2015,12:00 PM,Cedar Hill Park,B3,10,Souderton B,
3768273,05/31/2015,12:00 PM,Spartan,B3,10,Spartan B,
3768273,05/31/2015,12:00 PM,Spartan,B3,10,Warriors White B,
3768150,05/31/2015,12:00 PM,Wissahickon,A3,10,Wissahickon A,
3768150,05/31/2015,12:00 PM,Wissahickon,A3,10,Lansing A,
3768283,05/31/2015,12:00 PM,Nathaniel Boileau Park,B3,10,Upper Moreland B,
3768283,05/31/2015,12:00 PM,Nathaniel Boileau Park,B3,10,Lansing B,
3768120,05/31/2015,12:00 PM,William Penn Middle Scho,A3,10,Lower Bucks White A,
3768120,05/31/2015,12:00 PM,William Penn Middle Scho,A3,10,CBAA A,
3769619,05/31/2015,1:00 PM,Drexel Hill,B2,8,Drexel Hill B,
3769619,05/31/2015,1:00 PM,Drexel Hill,B2,8,Ashbee B,
3769620,05/31/2015,1:00 PM,Conshohocken,B1,8,Conshohocken B,
3769620,05/31/2015,1:00 PM,Conshohocken,B2,8,Ridley B,
3769835,05/31/2015,1:00 PM,Aston (Pennell Field),B3,7,Aston B,
3769835,05/31/2015,1:00 PM,Aston (Pennell Field),B3,7,Radnor Maroon B,
3769837,05/31/2015,1:00 PM,Rose Tree,B3,7,Rose Tree B,
3769837,05/31/2015,1:00 PM,Rose Tree,B3,7,Haven B,
3771245,05/31/2015,1:00 PM,Springfield - Church Rd,C2,7,Springfield C,
3771245,05/31/2015,1:00 PM,Springfield - Church Rd,C2,6,Drexel Hill C,
3769617,05/31/2015,1:00 PM,Haverford,B2,8,Haverford B,
3769617,05/31/2015,1:00 PM,Haverford,UpperMerion,8,U,
3769836,05/31/2015,1:00 PM,Encke Field,B3,7,Radnor White B,
3769836,05/31/2015,1:00 PM,Encke Field,B3,7,Marple B,
3771140,05/31/2015,1:00 PM,Heuser Field 1,C,7,Upper Merion C,
3771140,05/31/2015,1:00 PM,Heuser Field 1,C1,7,Springfield C,
3771138,05/31/2015,1:00 PM,Haven - King Field Turf,C,7,Haven C,
3771138,05/31/2015,1:00 PM,Haven - King Field Turf,C,7,Radnor C,
3769618,05/31/2015,1:00 PM,Episcopal Academy Turf,B2,8,Marple Newtown B,
3769618,05/31/2015,1:00 PM,Episcopal Academy Turf,B2,8,Springfield B,
3771137,05/31/2015,1:00 PM,Lower Merion - Grass,C,7,Ashbee C,
3771137,05/31/2015,1:00 PM,Lower Merion - Grass,C,7,Ridley C,
3768253,05/31/2015,1:30 PM,William Penn Middle Scho,B3,10,Lower Bucks White B,
3768253,05/31/2015,1:30 PM,William Penn Middle Scho,B3,11,Boyertown B,
3771242,05/31/2015,2:30 PM,Haven - King Field Turf,C2,6,Haven C,
3771242,05/31/2015,2:30 PM,Haven - King Field Turf,White,6,Ridley C2 W,
3771141,05/31/2015,2:45 PM,Haverford,C,7,Haverford C,
3771141,05/31/2015,2:45 PM,Haverford,C,7,Marple Newtown C,
3771139,05/31/2015,2:45 PM,Rose Tree,C,7,Rose Tree C,
3771139,05/31/2015,2:45 PM,Rose Tree,C,7,Interboro Black C,
3771244,05/31/2015,2:45 PM,Conshohocken,C2,6,Conshohocken C,
3771244,05/31/2015,2:45 PM,Conshohocken,C2,7,Aston C,
3769838,05/31/2015,3:00 PM,Ridley Municipal Park,B3,7,Ridley B,
3769838,05/31/2015,3:00 PM,Ridley Municipal Park,B3,7,Haverford B,
3768248,05/31/2015,3:00 PM,William Penn Middle Scho,B3,10,Lower Bucks Blue B,
3768248,05/31/2015,3:00 PM,William Penn Middle Scho,B3,10,Wissahickon Blue B,
3771243,05/31/2015,4:45 PM,Ridley Municipal Park,Green,6,Ridley C2 G,
3771243,05/31/2015,4:45 PM,Ridley Municipal Park,C2,6,Marple Newtown C,
3760543,06/06/2015,10:00 AM,Twin Oaks Day Camp Field,A1,8,Warriors A,
3760543,06/06/2015,10:00 AM,Twin Oaks Day Camp Field,A1,8,Marple A,
3760544,06/06/2015,10:00 AM,Middletown Comm Park,A1,8,Lower Bucks A,
3760544,06/06/2015,10:00 AM,Middletown Comm Park,A1,8,Ridley A,
3760545,06/06/2015,10:00 AM,Conshohocken,A1,8,Conshohocken A,
3760545,06/06/2015,10:00 AM,Conshohocken,A1,8,Wissahickon A,
3760542,06/06/2015,12:00 PM,Shipley Farms 1,A1,8,Haven A,
3760542,06/06/2015,12:00 PM,Shipley Farms 1,A1,8,Ashbee A,
3771146,06/07/2015,1:00 PM,Episcopal Academy Turf,C,8,Marple Newtown C,
3771146,06/07/2015,1:00 PM,Episcopal Academy Turf,C,8,Haven C,
3771249,06/07/2015,1:00 PM,Drexel Hill,C2,7,Drexel Hill C,
3771249,06/07/2015,1:00 PM,Drexel Hill,Green,7,Ridley C2 G,
3771144,06/07/2015,1:00 PM,Interboro,C,8,Interboro Black C,
3771144,06/07/2015,1:00 PM,Interboro,C,8,Haverford C,
3771247,06/07/2015,1:00 PM,Heuser Field 1,C2,7,Upper Merion C,
3771247,06/07/2015,1:00 PM,Heuser Field 1,C2,8,Springfield C,
3771142,06/07/2015,1:00 PM,Encke Field,C,8,Radnor C,
3771142,06/07/2015,1:00 PM,Encke Field,C,8,Ashbee C,
3771143,06/07/2015,1:00 PM,Springfield - Church Rd,C1,8,Springfield C,
3771143,06/07/2015,1:00 PM,Springfield - Church Rd,C,8,Rose Tree C,
3771246,06/07/2015,2:30 PM,Episcopal Academy Turf,C2,7,Marple Newtown C,
3771246,06/07/2015,2:30 PM,Episcopal Academy Turf,C2,7,Haven C,
3771145,06/07/2015,3:00 PM,Ridley Municipal Park,C,8,Ridley C,
3771145,06/07/2015,3:00 PM,Ridley Municipal Park,C,8,Upper Merion C,
3771248,06/07/2015,4:30 PM,Ridley Municipal Park,White,7,Ridley C2 W,
3771248,06/07/2015,4:30 PM,Ridley Municipal Park,C2,7,Conshohocken C,
