game,date,time,field,bracket,ROUND,team,SCORE
292,4/9/12,6:30 PM,ASH Lower Merion HS,U15B,1,ASH,
292,4/9/12,6:30 PM,ASH Lower Merion HS,U15B,1,WC2,
250,4/9/12,6:30 PM,AVG Avon Grove HS,U13C,1,AVG,
250,4/9/12,6:30 PM,AVG Avon Grove HS,U13C,1,WC,
249,4/9/12,6:30 PM,BYC Bethel Spr ES 12,U13C,1,BYC,
249,4/9/12,6:30 PM,BYC Bethel Spr ES 12,U13C,1,KEN,
294,4/9/12,6:30 PM,BYC Garnet Valley MS,U15B,1,BYC,
294,4/9/12,6:30 PM,BYC Garnet Valley MS,U15B,1,ST,
355,4/9/12,6:30 PM,GV Great Valley MS,U13B,1,GV,
355,4/9/12,6:30 PM,GV Great Valley MS,U13B,1,PHX,
380,4/9/12,6:30 PM,KEN Kennett MS,U13B,1,KEN,
380,4/9/12,6:30 PM,KEN Kennett MS,U13B,1,WC2,
334,4/9/12,6:30 PM,KEN Legacy Field A,U15B,1,KEN,
334,4/9/12,6:30 PM,KEN Legacy Field A,U15B,1,AVG,
421,4/9/12,6:30 PM,ST TE Middle Sch 2,U13B,1,ST2,
421,4/9/12,6:30 PM,ST TE Middle Sch 2,U13B,1,BYC1,
260,4/9/12,6:30 PM,UNV Patton MS 17,U15B,1,UNV,
260,4/9/12,6:30 PM,UNV Patton MS 17,U15B,1,CVL,
374,4/9/12,6:30 PM,WB Embreeville,U13B,1,WB,
374,4/9/12,6:30 PM,WB Embreeville,U13B,1,WC1,
387,4/9/12,6:30 PM,WC Kelly Field,U13B,1,WC3,
387,4/9/12,6:30 PM,WC Kelly Field,U13B,1,AVG1,
394,4/9/12,8:00 PM,WC Kelly Field,U13B,1,WC4,
394,4/9/12,8:00 PM,WC Kelly Field,U13B,1,BYC2,
90,4/10/12,6:30 PM,ABG Huntingdon Upper,U13A,1,ABG,
90,4/10/12,6:30 PM,ABG Huntingdon Upper,U13A,1,AVG,
106,4/10/12,6:30 PM,ASH Lower Merion HS,U13A,1,ASH,
106,4/10/12,6:30 PM,ASH Lower Merion HS,U13A,1,LV1,
409,4/10/12,6:30 PM,AVG Harmony Park,U13B,2,AVG1,
409,4/10/12,6:30 PM,AVG Harmony Park,U13B,2,BYC2,
219,4/10/12,6:30 PM,BYC Bethel Spr ES 12,U13C,2,BYC,
219,4/10/12,6:30 PM,BYC Bethel Spr ES 12,U13C,1,ASH,
138,4/10/12,6:30 PM,BYC Garnet Valley MS,U13A,1,BYC,
138,4/10/12,6:30 PM,BYC Garnet Valley MS,U13A,1,GV,
67,4/10/12,6:30 PM,CVL Mt Kirk,U13A,1,CVL,
67,4/10/12,6:30 PM,CVL Mt Kirk,U13A,1,COV,
205,4/10/12,6:30 PM,CVL Warrior Field,U13C,1,CVL,
205,4/10/12,6:30 PM,CVL Warrior Field,U13C,1,UNV,
342,4/10/12,6:30 PM,GV Great Valley MS,U13B,2,GV,
342,4/10/12,6:30 PM,GV Great Valley MS,U13B,1,CVL,
244,4/10/12,6:30 PM,KEN Legacy Field A,U13C,2,KEN,
244,4/10/12,6:30 PM,KEN Legacy Field A,U13C,1,LV,
135,4/10/12,6:30 PM,LV Hoeffecker,U13A,1,LV2,
135,4/10/12,6:30 PM,LV Hoeffecker,U13A,1,KEN,
417,4/10/12,6:30 PM,PHX PMYC,U13B,2,PHX,
417,4/10/12,6:30 PM,PHX PMYC,U13B,2,WC3,
357,4/10/12,6:30 PM,ST TE Middle Sch 1,U13B,1,ST1,
357,4/10/12,6:30 PM,ST TE Middle Sch 1,U13B,1,ABG,
117,4/10/12,6:30 PM,ST Wilson Park CYL,U13A,1,ST2,
117,4/10/12,6:30 PM,ST Wilson Park CYL,U13A,1,WC,
109,4/10/12,6:30 PM,ST Wilson Park TEYSA,U13A,1,ST1,
109,4/10/12,6:30 PM,ST Wilson Park TEYSA,U13A,1,UNV,
449,4/10/12,6:30 PM,UNV Patton MS 17,U13B,1,UNV,
449,4/10/12,6:30 PM,UNV Patton MS 17,U13B,1,ASH,
400,4/10/12,6:30 PM,WB Embreeville,U13B,2,WB,
400,4/10/12,6:30 PM,WB Embreeville,U13B,2,BYC1,
436,4/10/12,6:30 PM,WC Henderson HS,U13B,2,WC1,
436,4/10/12,6:30 PM,WC Henderson HS,U13B,1,COV,
396,4/10/12,6:30 PM,WC Rustin HS,U13B,2,WC4,
396,4/10/12,6:30 PM,WC Rustin HS,U13B,1,AVG2,
581,4/11/12,6:30 PM,ASH Lower Merion HS,U11B,1,ASH,
581,4/11/12,6:30 PM,ASH Lower Merion HS,U11B,1,BYC3,
582,4/11/12,6:30 PM,AVG Avon Grove HS,U11B,1,AVG1,
582,4/11/12,6:30 PM,AVG Avon Grove HS,U11B,1,ST,
556,4/11/12,6:30 PM,BYC Bethel Spr ES 12,U11B,1,BYC2,
556,4/11/12,6:30 PM,BYC Bethel Spr ES 12,U11B,1,AVG2,
490,4/11/12,6:30 PM,COV OJR HS,U11B,1,COV2,
490,4/11/12,6:30 PM,COV OJR HS,U11B,1,LV2,
153,4/11/12,6:30 PM,CVL Warrior Field,U11A,1,CVL,
153,4/11/12,6:30 PM,CVL Warrior Field,U11A,1,ST,
474,4/11/12,6:30 PM,GV Great Valley MS,U11B,1,GV,
474,4/11/12,6:30 PM,GV Great Valley MS,U11B,1,CVL3,
534,4/11/12,6:30 PM,KEN Legacy Field B,U11B,1,KEN2,
534,4/11/12,6:30 PM,KEN Legacy Field B,U11B,1,UNV1,
464,4/11/12,6:30 PM,LV Eagleview 2,U11B,1,LV3,
464,4/11/12,6:30 PM,LV Eagleview 2,U11B,1,CVL1,
496,4/11/12,6:30 PM,PHX PMYC,U11B,1,PHX,
496,4/11/12,6:30 PM,PHX PMYC,U11B,1,LV1,
578,4/11/12,6:30 PM,UNV Patton MS 17,U11B,1,UNV2,
578,4/11/12,6:30 PM,UNV Patton MS 17,U11B,1,COV1,
169,4/11/12,6:30 PM,WB Embreeville,U11A,1,WB,
169,4/11/12,6:30 PM,WB Embreeville,U11A,1,ASH,
515,4/11/12,6:30 PM,WC Kelly Field,U11B,1,WC,
515,4/11/12,6:30 PM,WC Kelly Field,U11B,1,WB,
314,4/11/12,8:00 PM,WC Kelly Field,U15B,2,WC2,
314,4/11/12,8:00 PM,WC Kelly Field,U15B,1,WC1,
59,4/12/12,6:30 PM,ABG Huntingdon Upper,U15A,1,ABG,
59,4/12/12,6:30 PM,ABG Huntingdon Upper,U15A,1,GV,
51,4/12/12,6:30 PM,BYC Garnet Valley MS,U15A,1,BYC,
51,4/12/12,6:30 PM,BYC Garnet Valley MS,U15A,1,WC,
56,4/12/12,6:30 PM,COV Batdorf Park,U15A,1,COV,
56,4/12/12,6:30 PM,COV Batdorf Park,U15A,1,CVL,
263,4/12/12,7:00 PM,COV OJR HS,U15B,1,COV,
263,4/12/12,7:00 PM,COV OJR HS,U15B,2,KEN,
298,4/12/12,6:30 PM,LV Pine Creek,U15B,1,LV2,
298,4/12/12,6:30 PM,LV Pine Creek,U15B,2,ST,
274,4/12/12,6:30 PM,PHX PMYC,U15B,1,PHX,
274,4/12/12,6:30 PM,PHX PMYC,U15B,2,AVG,
302,4/12/12,6:30 PM,UNV Upland Country DS,U15B,2,UNV,
302,4/12/12,6:30 PM,UNV Upland Country DS,U15B,1,LV1,
38,4/12/12,6:30 PM,WB Downingtown MS,U15A,1,WB,
38,4/12/12,6:30 PM,WB Downingtown MS,U15A,1,ST,
291,4/12/12,6:30 PM,WB Embreeville,U15B,1,WB,
291,4/12/12,6:30 PM,WB Embreeville,U15B,2,ASH,
531,4/13/12,6:30 PM,AVG Harmony Park,U11B,2,AVG1,
531,4/13/12,6:30 PM,AVG Harmony Park,U11B,2,WB,
550,4/13/12,6:30 PM,BYC Bethel Spr ES 12,U11B,1,BYC1,
550,4/13/12,6:30 PM,BYC Bethel Spr ES 12,U11B,1,AVG3,
455,4/13/12,6:30 PM,CVL Warrior Field,U11B,2,CVL1,
455,4/13/12,6:30 PM,CVL Warrior Field,U11B,1,CVL2,
154,4/13/12,6:30 PM,LV Eagleview 1,U11A,1,LV,
154,4/13/12,6:30 PM,LV Eagleview 1,U11A,2,CVL,
504,4/13/12,6:30 PM,LV Eagleview 2,U11B,2,LV3,
504,4/13/12,6:30 PM,LV Eagleview 2,U11B,2,ASH,
123,4/13/12,6:30 PM,ST Wilson Park CYL,U13A,2,ST2,
123,4/13/12,6:30 PM,ST Wilson Park CYL,U13A,2,LV1,
546,4/13/12,6:30 PM,UNV Patton MS 17,U11B,2,UNV2,
546,4/13/12,6:30 PM,UNV Patton MS 17,U11B,2,BYC3,
350,4/14/12,10:00 AM,ABG Huntingdon Upper,U13B,2,ABG,
350,4/14/12,10:00 AM,ABG Huntingdon Upper,U13B,3,PHX,
101,4/14/12,10:00 AM,AVG Avon Grove HS,U13A,2,AVG,
101,4/14/12,10:00 AM,AVG Avon Grove HS,U13A,2,ASH,
433,4/14/12,12:00 PM,AVG Avon Grove HS,U13B,2,AVG2,
433,4/14/12,12:00 PM,AVG Avon Grove HS,U13B,3,GV,
555,4/14/12,2:00 PM,AVG Avon Grove HS,U11B,3,AVG1,
555,4/14/12,2:00 PM,AVG Avon Grove HS,U11B,2,BYC2,
214,4/14/12,10:00 AM,AVG Harmony Park,U13C,2,AVG,
214,4/14/12,10:00 AM,AVG Harmony Park,U13C,1,ABG,
194,4/14/12,12:00 PM,AVG Harmony Park,U11A,1,AVG,
194,4/14/12,12:00 PM,AVG Harmony Park,U11A,2,ST,
285,4/14/12,2:00 PM,AVG Harmony Park,U15B,3,AVG,
285,4/14/12,2:00 PM,AVG Harmony Park,U15B,3,ASH,
164,4/14/12,2:00 PM,BYC Bethel Spr ES 12,U11A,1,BYC,
164,4/14/12,2:00 PM,BYC Bethel Spr ES 12,U11A,1,ABG,
251,4/14/12,10:00 AM,CVL Mt Kirk,U15B,2,CVL,
251,4/14/12,10:00 AM,CVL Mt Kirk,U15B,2,COV,
335,4/14/12,12:00 PM,CVL Mt Kirk,U13B,2,CVL,
335,4/14/12,12:00 PM,CVL Mt Kirk,U13B,2,COV,
465,4/14/12,10:00 AM,CVL Warrior Field,U11B,2,CVL2,
465,4/14/12,10:00 AM,CVL Warrior Field,U11B,2,GV,
203,4/14/12,12:00 PM,CVL Warrior Field,U13C,2,CVL,
203,4/14/12,12:00 PM,CVL Warrior Field,U13C,2,LV,
456,4/14/12,2:00 PM,CVL Warrior Field,U11B,2,CVL3,
456,4/14/12,2:00 PM,CVL Warrior Field,U11B,3,CVL1,
155,4/14/12,4:00 PM,CVL Warrior Field,U11A,3,CVL,
155,4/14/12,4:00 PM,CVL Warrior Field,U11A,1,WC,
413,4/14/12,12:00 PM,KEN Legacy Field C,U13B,2,KEN,
413,4/14/12,12:00 PM,KEN Legacy Field C,U13B,3,AVG1,
564,4/14/12,2:00 PM,KEN Legacy Field C,U11B,1,KEN1,
564,4/14/12,2:00 PM,KEN Legacy Field C,U11B,3,BYC3,
235,4/14/12,4:00 PM,KEN Legacy Field C,U13C,3,KEN,
235,4/14/12,4:00 PM,KEN Legacy Field C,U13C,3,BYC,
502,4/14/12,12:00 PM,LV Eagleview 1,U11B,2,LV1,
502,4/14/12,12:00 PM,LV Eagleview 1,U11B,3,ASH,
167,4/14/12,12:00 PM,LV Eagleview 2,U11A,2,LV,
167,4/14/12,12:00 PM,LV Eagleview 2,U11A,2,ASH,
483,4/14/12,2:00 PM,LV Eagleview 2,U11B,3,LV3,
483,4/14/12,2:00 PM,LV Eagleview 2,U11B,2,COV1,
429,4/14/12,12:00 PM,LV Hoeffecker,U13B,1,LV,
429,4/14/12,12:00 PM,LV Hoeffecker,U13B,2,UNV,
308,4/14/12,2:00 PM,LV Hoeffecker,U15B,2,LV2,
308,4/14/12,2:00 PM,LV Hoeffecker,U15B,3,WC2,
301,4/14/12,4:00 PM,LV Hoeffecker,U15B,2,LV1,
301,4/14/12,4:00 PM,LV Hoeffecker,U15B,2,WB,
489,4/14/12,10:00 AM,ST TE Middle Sch 1,U11B,2,ST,
489,4/14/12,10:00 AM,ST TE Middle Sch 1,U11B,2,COV2,
450,4/14/12,12:00 PM,ST TE Middle Sch 1,U13B,2,ST2,
450,4/14/12,12:00 PM,ST TE Middle Sch 1,U13B,3,BYC2,
293,4/14/12,2:00 PM,ST Wilson Park TEYSA,U15B,3,ST,
293,4/14/12,2:00 PM,ST Wilson Park TEYSA,U15B,3,UNV,
548,4/14/12,12:00 PM,UNV Patton MS 17,U11B,3,UNV2,
548,4/14/12,12:00 PM,UNV Patton MS 17,U11B,2,AVG2,
76,4/14/12,2:00 PM,UNV Patton MS 17,U13A,2,UNV,
76,4/14/12,2:00 PM,UNV Patton MS 17,U13A,2,CVL,
516,4/14/12,4:00 PM,UNV Patton MS 17,U11B,2,UNV1,
516,4/14/12,4:00 PM,UNV Patton MS 17,U11B,2,WC,
61,4/14/12,10:00 AM,WB Downingtown MS,U15A,2,WB,
61,4/14/12,10:00 AM,WB Downingtown MS,U15A,1,ASH,
525,4/14/12,12:00 PM,WB Embreeville,U11B,3,WB,
525,4/14/12,12:00 PM,WB Embreeville,U11B,2,KEN2,
384,4/14/12,10:00 AM,WC Kelly Field,U13B,2,WC2,
384,4/14/12,10:00 AM,WC Kelly Field,U13B,3,BYC1,
227,4/14/12,12:00 PM,WC Kelly Field,U13C,2,WC,
227,4/14/12,12:00 PM,WC Kelly Field,U13C,2,UNV,
391,4/14/12,2:00 PM,WC Kelly Field,U13B,3,WC3,
391,4/14/12,2:00 PM,WC Kelly Field,U13B,3,WB,
319,4/14/12,4:00 PM,WC Kelly Field,U15B,2,WC1,
319,4/14/12,4:00 PM,WC Kelly Field,U15B,3,KEN,
159,4/15/12,12:00 PM,ABG Huntingdon Upper,U11A,2,ABG,
159,4/15/12,12:00 PM,ABG Huntingdon Upper,U11A,3,ASH,
110,4/15/12,4:00 PM,BYC Garnet Valley MS,U13A,2,BYC,
110,4/15/12,4:00 PM,BYC Garnet Valley MS,U13A,2,ST1,
11,4/15/12,2:00 PM,COV OJR HS,U15A,2,COV,
11,4/15/12,2:00 PM,COV OJR HS,U15A,2,ABG,
221,4/15/12,1:00 PM,KEN Kennett MS,U13C,4,KEN,
221,4/15/12,1:00 PM,KEN Kennett MS,U13C,2,ASH,
95,4/15/12,2:00 PM,LV Hoeffecker,U13A,3,LV1,
95,4/15/12,2:00 PM,LV Hoeffecker,U13A,2,ABG,
41,4/15/12,4:00 PM,LV Hoeffecker,U15A,1,LV,
41,4/15/12,4:00 PM,LV Hoeffecker,U15A,2,GV,
449,4/15/12,12:00 PM,UNV Upland Country DS,U13B,3,UNV,
449,4/15/12,12:00 PM,UNV Upland Country DS,U13B,1,ASH ,
418,4/15/12,3:00 PM,WC Kelly Field,U13B,3,WC4,
418,4/15/12,3:00 PM,WC Kelly Field,U13B,3,ABG,
62,4/15/12,4:30 PM,WC Kelly Field,U15A,2,WC,
62,4/15/12,4:30 PM,WC Kelly Field,U15A,2,ST,
213,4/16/12,6:30 PM,ABG Huntingdon Upper,U13C,2,ABG,
213,4/16/12,6:30 PM,ABG Huntingdon Upper,U13C,4,BYC,
378,4/16/12,6:30 PM,AVG Avon Grove HS,U13B,4,AVG1,
378,4/16/12,6:30 PM,AVG Avon Grove HS,U13B,3,WC1,
386,4/16/12,6:30 PM,BYC Garnet Valley MS,U13B,4,BYC2,
386,4/16/12,6:30 PM,BYC Garnet Valley MS,U13B,4,WC3,
265,4/16/12,6:30 PM,COV Batdorf Park,U15B,3,COV,
265,4/16/12,6:30 PM,COV Batdorf Park,U15B,2,PHX,
253,4/16/12,6:30 PM,CVL Black Rock 6,U15B,3,CVL,
253,4/16/12,6:30 PM,CVL Black Rock 6,U15B,4,ASH,
341,4/16/12,6:30 PM,CVL Mt Kirk,U13B,3,CVL,
341,4/16/12,6:30 PM,CVL Mt Kirk,U13B,2,LV,
238,4/16/12,6:30 PM,CVL Warrior Field,U13C,3,CVL,
238,4/16/12,6:30 PM,CVL Warrior Field,U13C,3,ASH,
443,4/16/12,6:30 PM,GV Great Valley MS,U13B,4,GV,
443,4/16/12,6:30 PM,GV Great Valley MS,U13B,4,BYC1,
248,4/16/12,6:30 PM,KEN Kennett MS,U13C,5,KEN,
248,4/16/12,6:30 PM,KEN Kennett MS,U13C,3,UNV,
324,4/16/12,6:30 PM,KEN Legacy Field A,U15B,4,KEN,
324,4/16/12,6:30 PM,KEN Legacy Field A,U15B,4,WC2,
310,4/16/12,6:30 PM,LV Pine Creek,U15B,3,LV2,
310,4/16/12,6:30 PM,LV Pine Creek,U15B,4,UNV,
420,4/16/12,6:30 PM,UNV Patton MS 17,U13B,4,UNV,
420,4/16/12,6:30 PM,UNV Patton MS 17,U13B,2,ST1,
428,4/16/12,6:30 PM,WB Embreeville,U13B,4,WB,
428,4/16/12,6:30 PM,WB Embreeville,U13B,3,ST2,
445,4/16/12,6:30 PM,WC Kelly Field,U13B,3,WC2,
445,4/16/12,6:30 PM,WC Kelly Field,U13B,4,PHX,
306,4/16/12,8:00 PM,WC Kelly Field,U15B,3,WC1,
306,4/16/12,8:00 PM,WC Kelly Field,U15B,3,LV1,
229,4/16/12,6:30 PM,WC Rustin HS,U13C,3,WC,
229,4/16/12,6:30 PM,WC Rustin HS,U13C,3,AVG,
358,4/17/12,6:30 PM,ABG Huntingdon Upper,U13B,4,ABG,
358,4/17/12,6:30 PM,ABG Huntingdon Upper,U13B,4,ST2,
432,4/17/12,6:30 PM,AVG Harmony Park,U13B,5,AVG1,
432,4/17/12,6:30 PM,AVG Harmony Park,U13B,4,CVL,
430,4/17/12,6:30 PM,BYC Garnet Valley MS,U13B,5,BYC1,
430,4/17/12,6:30 PM,BYC Garnet Valley MS,U13B,2,ASH,
79,4/17/12,7:00 PM,COV OJR HS,U13A,2,COV,
79,4/17/12,7:00 PM,COV OJR HS,U13A,2,KEN,
75,4/17/12,6:30 PM,CVL Black Rock 6,U13A,3,CVL,
75,4/17/12,6:30 PM,CVL Black Rock 6,U13A,2,WC,
130,4/17/12,6:30 PM,GV Great Valley MS,U13A,2,GV,
130,4/17/12,6:30 PM,GV Great Valley MS,U13A,2,LV2,
126,4/17/12,6:30 PM,LV Hoeffecker,U13A,4,LV1,
126,4/17/12,6:30 PM,LV Hoeffecker,U13A,3,UNV,
245,4/17/12,6:30 PM,LV Pine Creek,U13C,3,LV,
245,4/17/12,6:30 PM,LV Pine Creek,U13C,4,AVG,
437,4/17/12,6:30 PM,PHX PMYC,U13B,5,PHX,
437,4/17/12,6:30 PM,PHX PMYC,U13B,3,KEN,
431,4/17/12,6:30 PM,ST TE Middle Sch 2,U13B,3,ST1,
431,4/17/12,6:30 PM,ST TE Middle Sch 2,U13B,5,BYC2,
119,4/17/12,6:30 PM,ST Wilson Park CYL,U13A,3,ST2,
119,4/17/12,6:30 PM,ST Wilson Park CYL,U13A,3,BYC,
111,4/17/12,6:30 PM,ST Wilson Park TEYSA,U13A,3,ST1,
111,4/17/12,6:30 PM,ST Wilson Park TEYSA,U13A,3,AVG,
392,4/17/12,6:30 PM,UNV Upland Country DS,U13B,5,UNV,
392,4/17/12,6:30 PM,UNV Upland Country DS,U13B,4,WC4,
442,4/17/12,6:30 PM,WB Embreeville,U13B,5,WB,
442,4/17/12,6:30 PM,WB Embreeville,U13B,3,LV,
204,4/17/12,6:30 PM,WC Henderson HS,U13C,4,WC,
204,4/17/12,6:30 PM,WC Henderson HS,U13C,4,CVL,
379,4/17/12,6:30 PM,WC Rustin HS,U13B,4,WC2,
379,4/17/12,6:30 PM,WC Rustin HS,U13B,3,AVG2,
187,4/18/12,6:30 PM,ABG Huntingdon Upper,U11A,3,ABG,
187,4/18/12,6:30 PM,ABG Huntingdon Upper,U11A,4,CVL,
198,4/18/12,6:30 PM,AVG Avon Grove HS,U11A,2,AVG,
198,4/18/12,6:30 PM,AVG Avon Grove HS,U11A,2,WC,
557,4/18/12,6:30 PM,AVG Harmony Park,U11B,2,AVG3,
557,4/18/12,6:30 PM,AVG Harmony Park,U11B,3,BYC2,
560,4/18/12,6:30 PM,BYC Bethel Spr ES 12,U11B,4,BYC3,
560,4/18/12,6:30 PM,BYC Bethel Spr ES 12,U11B,4,AVG1,
488,4/18/12,6:30 PM,COV OJR HS,U11B,3,COV1,
488,4/18/12,6:30 PM,COV OJR HS,U11B,3,LV1,
466,4/18/12,6:30 PM,CVL Warrior Field,U11B,3,CVL2,
466,4/18/12,6:30 PM,CVL Warrior Field,U11B,3,CVL3,
491,4/18/12,6:30 PM,GV Great Valley MS,U11B,3,GV,
491,4/18/12,6:30 PM,GV Great Valley MS,U11B,3,COV2,
543,4/18/12,6:30 PM,KEN Legacy Field B,U11B,2,KEN1,
543,4/18/12,6:30 PM,KEN Legacy Field B,U11B,4,UNV2,
179,4/18/12,6:30 PM,LV Eagleview 1,U11A,3,LV,
179,4/18/12,6:30 PM,LV Eagleview 1,U11A,2,BYC,
174,4/18/12,6:30 PM,ST TE Middle Sch 2,U11A,3,ST,
174,4/18/12,6:30 PM,ST TE Middle Sch 2,U11A,2,WB,
532,4/18/12,6:30 PM,WB Embreeville,U11B,4,WB,
532,4/18/12,6:30 PM,WB Embreeville,U11B,3,AVG2,
2,4/19/12,6:30 PM,ABG Huntingdon Upper,U15A,3,ABG,
2,4/19/12,6:30 PM,ABG Huntingdon Upper,U15A,2,CVL,
60,4/19/12,6:30 PM,ASH Haverford Upper,U15A,2,ASH,
60,4/19/12,6:30 PM,ASH Haverford Upper,U15A,2,LV,
65,4/19/12,6:30 PM,AVG Harmony Park,U15A,1,AVG,
65,4/19/12,6:30 PM,AVG Harmony Park,U15A,3,WC,
18,4/19/12,6:30 PM,BYC Garnet Valley MS,U15A,2,BYC,
18,4/19/12,6:30 PM,BYC Garnet Valley MS,U15A,3,COV,
273,4/19/12,6:30 PM,COV Batdorf Park,U15B,4,COV,
273,4/19/12,6:30 PM,COV Batdorf Park,U15B,5,UNV,
303,4/19/12,6:30 PM,LV Pine Creek,U15B,4,LV1,
303,4/19/12,6:30 PM,LV Pine Creek,U15B,2,BYC,
295,4/19/12,6:30 PM,ST Wilson Park CYL,U15B,4,ST,
295,4/19/12,6:30 PM,ST Wilson Park CYL,U15B,4,AVG,
47,4/19/12,6:30 PM,WB Downingtown MS,U15A,3,WB,
47,4/19/12,6:30 PM,WB Downingtown MS,U15A,3,GV,
315,4/19/12,6:30 PM,WC Kelly Field,U15B,4,WC1,
315,4/19/12,6:30 PM,WC Kelly Field,U15B,3,WB,
500,4/20/12,6:30 PM,ASH Lower Merion HS,U11B,4,ASH,
500,4/20/12,6:30 PM,ASH Lower Merion HS,U11B,3,ST,
158,4/20/12,6:30 PM,AVG Harmony Park,U11A,3,AVG,
158,4/20/12,6:30 PM,AVG Harmony Park,U11A,5,CVL,
193,4/20/12,6:30 PM,BYC Bethel Spr ES 12,U11A,3,BYC,
193,4/20/12,6:30 PM,BYC Bethel Spr ES 12,U11A,4,ASH,
457,4/20/12,6:30 PM,CVL Warrior Field,U11B,4,CVL1,
457,4/20/12,6:30 PM,CVL Warrior Field,U11B,4,COV1,
497,4/20/12,6:30 PM,LV Eagleview 1,U11B,2,LV2,
497,4/20/12,6:30 PM,LV Eagleview 1,U11B,2,PHX,
511,4/20/12,6:30 PM,LV Eagleview 2,U11B,4,LV1,
511,4/20/12,6:30 PM,LV Eagleview 2,U11B,4,LV3,
526,4/20/12,6:30 PM,WB Embreeville,U11B,5,WB,
526,4/20/12,6:30 PM,WB Embreeville,U11B,3,UNV1,
444,4/21/12,12:00 PM,ABG Huntingdon Upper,U13B,5,ABG,
444,4/21/12,12:00 PM,ABG Huntingdon Upper,U13B,4,WC1,
68,4/21/12,2:00 PM,ABG Huntingdon Upper,U13A,3,ABG,
68,4/21/12,2:00 PM,ABG Huntingdon Upper,U13A,4,CVL,
24,4/21/12,4:00 PM,ABG Huntingdon Upper,U15A,4,ABG,
24,4/21/12,4:00 PM,ABG Huntingdon Upper,U15A,4,WC,
362,4/21/12,12:00 PM,ASH Lower Merion HS,U13B,3,ASH,
362,4/21/12,12:00 PM,ASH Lower Merion HS,U13B,5,ST2,
479,4/21/12,2:00 PM,ASH Lower Merion HS,U11B,5,ASH,
479,4/21/12,2:00 PM,ASH Lower Merion HS,U11B,4,CVL3,
108,4/21/12,4:00 PM,ASH Lower Merion HS,U13A,3,ASH,
108,4/21/12,4:00 PM,ASH Lower Merion HS,U13A,3,GV,
571,4/21/12,10:00 AM,AVG Avon Grove HS,U11B,4,AVG2,
571,4/21/12,10:00 AM,AVG Avon Grove HS,U11B,3,KEN1,
185,4/21/12,12:00 PM,AVG Avon Grove HS,U11A,4,AVG,
185,4/21/12,12:00 PM,AVG Avon Grove HS,U11A,3,WB,
232,4/21/12,2:00 PM,AVG Avon Grove HS,U13C,5,AVG,
232,4/21/12,2:00 PM,AVG Avon Grove HS,U13C,4,UNV,
539,4/21/12,10:00 AM,BYC Bethel Spr ES 12,U11B,5,BYC3,
539,4/21/12,10:00 AM,BYC Bethel Spr ES 12,U11B,4,UNV1,
182,4/21/12,12:00 PM,BYC Bethel Spr ES 12,U11A,4,BYC,
182,4/21/12,12:00 PM,BYC Bethel Spr ES 12,U11A,3,WC,
406,4/21/12,10:00 AM,BYC Garnet Valley MS,U13B,6,BYC1,
406,4/21/12,10:00 AM,BYC Garnet Valley MS,U13B,6,AVG1,
410,4/21/12,12:00 PM,BYC Garnet Valley MS,U13B,6,BYC2,
410,4/21/12,12:00 PM,BYC Garnet Valley MS,U13B,4,AVG2,
333,4/21/12,2:00 PM,BYC Garnet Valley MS,U15B,3,BYC,
333,4/21/12,2:00 PM,BYC Garnet Valley MS,U15B,5,KEN,
88,4/21/12,4:00 PM,BYC Garnet Valley MS,U13A,4,BYC,
88,4/21/12,4:00 PM,BYC Garnet Valley MS,U13A,3,COV,
3,4/21/12,4:00 PM,CVL Mt Kirk,U15A,3,CVL,
3,4/21/12,4:00 PM,CVL Mt Kirk,U15A,3,ASH,
188,4/21/12,12:00 PM,CVL Warrior Field,U11A,6,CVL,
188,4/21/12,12:00 PM,CVL Warrior Field,U11A,5,ASH,
463,4/21/12,2:00 PM,CVL Warrior Field,U11B,5,CVL1,
463,4/21/12,2:00 PM,CVL Warrior Field,U11B,3,LV2,
551,4/21/12,12:00 PM,KEN Legacy Field C,U11B,3,KEN2,
551,4/21/12,12:00 PM,KEN Legacy Field C,U11B,2,BYC1,
208,4/21/12,2:00 PM,KEN Legacy Field C,U13C,6,KEN,
208,4/21/12,2:00 PM,KEN Legacy Field C,U13C,5,CVL,
150,4/21/12,4:00 PM,KEN Legacy Field C,U13A,3,KEN,
150,4/21/12,4:00 PM,KEN Legacy Field C,U13A,4,AVG,
45,4/21/12,4:00 PM,LV Fellowship Field,U15A,3,LV,
45,4/21/12,4:00 PM,LV Fellowship Field,U15A,2,AVG,
447,4/21/12,10:00 AM,LV Hoeffecker,U13B,4,LV,
447,4/21/12,10:00 AM,LV Hoeffecker,U13B,5,WC4,
210,4/21/12,12:00 PM,LV Hoeffecker,U13C,4,LV,
210,4/21/12,12:00 PM,LV Hoeffecker,U13C,3,ABG,
307,4/21/12,2:00 PM,LV Hoeffecker,U15B,5,LV1,
307,4/21/12,2:00 PM,LV Hoeffecker,U15B,4,LV2,
352,4/21/12,12:00 PM,PHX PMYC,U13B,6,PHX,
352,4/21/12,12:00 PM,PHX PMYC,U13B,4,ST1,
252,4/21/12,2:00 PM,PHX PMYC,U15B,3,PHX,
252,4/21/12,2:00 PM,PHX PMYC,U15B,4,CVL,
160,4/21/12,10:00 AM,ST TE Middle Sch 1,U11A,4,ST,
160,4/21/12,10:00 AM,ST TE Middle Sch 1,U11A,4,ABG,
495,4/21/12,12:00 PM,ST TE Middle Sch 1,U11B,4,ST,
495,4/21/12,12:00 PM,ST TE Middle Sch 1,U11B,3,PHX,
58,4/21/12,10:00 AM,ST Wilson Park CYL,U15A,3,ST,
58,4/21/12,10:00 AM,ST Wilson Park CYL,U15A,4,COV,
299,4/21/12,2:00 PM,ST Wilson Park CYL,U15B,5,ST,
299,4/21/12,2:00 PM,ST Wilson Park CYL,U15B,5,WC1,
115,4/21/12,12:00 PM,ST Wilson Park TEYSA,U13A,4,ST1,
115,4/21/12,12:00 PM,ST Wilson Park TEYSA,U13A,3,LV2,
330,4/21/12,12:00 PM,UNV Patton MS 17,U15B,6,UNV,
330,4/21/12,12:00 PM,UNV Patton MS 17,U15B,5,AVG,
385,4/21/12,2:00 PM,UNV Upland Country DS,U13B,6,UNV,
385,4/21/12,2:00 PM,UNV Upland Country DS,U13B,5,WC2,
118,4/21/12,4:00 PM,UNV Upland Country DS,U13A,4,UNV,
118,4/21/12,4:00 PM,UNV Upland Country DS,U13A,4,ST2,
53,4/21/12,4:00 PM,WB Downingtown MS,U15A,4,WB,
53,4/21/12,4:00 PM,WB Downingtown MS,U15A,3,BYC,
397,4/21/12,10:00 AM,WB Embreeville,U13B,6,WB,
397,4/21/12,10:00 AM,WB Embreeville,U13B,4,KEN,
270,4/21/12,12:00 PM,WB Embreeville,U15B,4,WB,
270,4/21/12,12:00 PM,WB Embreeville,U15B,5,COV,
576,4/21/12,2:00 PM,WB Embreeville,U11B,6,WB,
576,4/21/12,2:00 PM,WB Embreeville,U11B,4,CVL2,
426,4/21/12,10:00 AM,WC Kelly Field,U13B,5,WC3,
426,4/21/12,10:00 AM,WC Kelly Field,U13B,5,CVL,
517,4/21/12,12:00 PM,WC Kelly Field,U11B,3,WC,
517,4/21/12,12:00 PM,WC Kelly Field,U11B,5,UNV2,
217,4/21/12,2:00 PM,WC Kelly Field,U13C,5,WC,
217,4/21/12,2:00 PM,WC Kelly Field,U13C,4,ASH,
125,4/21/12,4:00 PM,WC Kelly Field,U13A,3,WC,
125,4/21/12,4:00 PM,WC Kelly Field,U13A,5,LV1,
241,4/22/12,12:00 PM,ABG Huntingdon Upper,U13C,4,ABG,
241,4/22/12,12:00 PM,ABG Huntingdon Upper,U13C,5,UNV,
191,4/22/12,2:00 PM,ABG Huntingdon Upper,U11A,5,ABG,
191,4/22/12,2:00 PM,ABG Huntingdon Upper,U11A,4,WC,
102,4/22/12,12:00 PM,ASH Lower Merion HS,U13A,4,ASH,
102,4/22/12,12:00 PM,ASH Lower Merion HS,U13A,4,KEN,
32,4/22/12,2:00 PM,ASH Lower Merion HS,U15A,4,ASH,
32,4/22/12,2:00 PM,ASH Lower Merion HS,U15A,5,WB,
337,4/22/12,2:00 PM,CVL Warrior Field,U13B,6,CVL,
337,4/22/12,2:00 PM,CVL Warrior Field,U13B,6,ABG,
23,4/22/12,1:30 PM,GV Great Valley MS,U15A,4,GV,
23,4/22/12,1:30 PM,GV Great Valley MS,U15A,5,ABG,
97,4/22/12,3:30 PM,GV Great Valley MS,U13A,4,GV,
97,4/22/12,3:30 PM,GV Great Valley MS,U13A,4,ABG,
40,4/22/12,12:00 PM,ST Wilson Park CYL,U15A,4,ST,
40,4/22/12,12:00 PM,ST Wilson Park CYL,U15A,3,AVG,
86,4/22/12,2:00 PM,WC Kelly Field,U13A,4,WC,
86,4/22/12,2:00 PM,WC Kelly Field,U13A,4,COV,
237,4/23/12,6:30 PM,ABG Huntingdon Upper,U13C,5,ABG,
237,4/23/12,6:30 PM,ABG Huntingdon Upper,U13C,6,CVL,
242,4/23/12,6:30 PM,ASH Lower Merion HS,U13C,5,ASH,
242,4/23/12,6:30 PM,ASH Lower Merion HS,U13C,5,BYC,
225,4/23/12,6:30 PM,AVG Avon Grove HS,U13C,6,AVG,
225,4/23/12,6:30 PM,AVG Avon Grove HS,U13C,5,LV,
399,4/23/12,6:30 PM,BYC Garnet Valley MS,U13B,7,BYC2,
399,4/23/12,6:30 PM,BYC Garnet Valley MS,U13B,7,WB,
261,4/23/12,6:30 PM,CVL Mt Kirk,U15B,5,CVL,
261,4/23/12,6:30 PM,CVL Mt Kirk,U15B,4,BYC,
275,4/23/12,6:30 PM,KEN Legacy Field A,U15B,6,KEN,
275,4/23/12,6:30 PM,KEN Legacy Field A,U15B,4,PHX,
370,4/23/12,6:30 PM,LV Lionville MS,U13B,5,LV,
370,4/23/12,6:30 PM,LV Lionville MS,U13B,5,GV,
353,4/23/12,6:30 PM,ST TE Middle Sch 1,U13B,6,ST2,
353,4/23/12,6:30 PM,ST TE Middle Sch 1,U13B,7,PHX,
361,4/23/12,6:30 PM,ST TE Middle Sch 2,U13B,5,ST1,
361,4/23/12,6:30 PM,ST TE Middle Sch 2,U13B,4,ASH,
233,4/23/12,6:30 PM,UNV Patton MS 17,U13C,6,UNV,
233,4/23/12,6:30 PM,UNV Patton MS 17,U13C,7,KEN,
320,4/23/12,6:30 PM,WB Embreeville,U15B,5,WB,
320,4/23/12,6:30 PM,WB Embreeville,U15B,5,WC2,
453,4/23/12,6:30 PM,WC Kelly Field,U13B,5,WC1,
453,4/23/12,6:30 PM,WC Kelly Field,U13B,5,AVG2,
120,4/24/12,6:30 PM,AVG Harmony Park,U13A,5,AVG,
120,4/24/12,6:30 PM,AVG Harmony Park,U13A,5,ST2,
127,4/24/12,6:30 PM,BYC Garnet Valley MS,U13A,5,BYC,
127,4/24/12,6:30 PM,BYC Garnet Valley MS,U13A,6,LV1,
454,4/24/12,6:30 PM,KEN Legacy Field A,U13B,5,KEN,
454,4/24/12,6:30 PM,KEN Legacy Field A,U13B,6,WC4,
224,4/24/12,6:30 PM,LV Pine Creek,U13C,6,LV,
224,4/24/12,6:30 PM,LV Pine Creek,U13C,6,BYC,
366,4/24/12,6:30 PM,ST TE Middle Sch 2,U13B,6,ST1,
366,4/24/12,6:30 PM,ST TE Middle Sch 2,U13B,6,LV,
70,4/24/12,6:30 PM,ST Wilson Park CYL,U13A,5,ST1,
70,4/24/12,6:30 PM,ST Wilson Park CYL,U13A,5,CVL,
132,4/24/12,6:30 PM,UNV Patton MS 17,U13A,5,UNV,
132,4/24/12,6:30 PM,UNV Patton MS 17,U13A,4,LV2,
402,4/24/12,6:30 PM,UNV Upland Country DS,U13B,7,UNV,
402,4/24/12,6:30 PM,UNV Upland Country DS,U13B,7,AVG1,
371,4/24/12,6:30 PM,WC Kelly Field,U13B,6,WC1,
371,4/24/12,6:30 PM,WC Kelly Field,U13B,6,WC2,
136,4/24/12,8:00 PM,WC Kelly Field,U13A,5,WC,
136,4/24/12,8:00 PM,WC Kelly Field,U13A,5,GV,
584,4/25/12,6:30 PM,AVG Avon Grove HS,U11B,3,AVG3,
584,4/25/12,6:30 PM,AVG Avon Grove HS,U11B,4,LV2,
562,4/25/12,6:30 PM,AVG Harmony Park,U11B,5,AVG2,
562,4/25/12,6:30 PM,AVG Harmony Park,U11B,6,BYC3,
175,4/25/12,6:30 PM,BYC Bethel Spr ES 12,U11A,5,BYC,
175,4/25/12,6:30 PM,BYC Bethel Spr ES 12,U11A,5,ST,
467,4/25/12,6:30 PM,COV Batdorf Park,U11B,5,COV1,
467,4/25/12,6:30 PM,COV Batdorf Park,U11B,5,CVL2,
575,4/25/12,6:30 PM,CVL Warrior Field,U11B,6,CVL1,
575,4/25/12,6:30 PM,CVL Warrior Field,U11B,4,WC,
559,4/25/12,6:30 PM,KEN Legacy Field B,U11B,4,KEN2,
559,4/25/12,6:30 PM,KEN Legacy Field B,U11B,4,BYC2,
514,4/25/12,6:30 PM,LV Eagleview 1,U11B,5,LV3,
514,4/25/12,6:30 PM,LV Eagleview 1,U11B,4,GV,
505,4/25/12,6:30 PM,LV Eagleview 2,U11B,5,LV1,
505,4/25/12,6:30 PM,LV Eagleview 2,U11B,5,ST,
493,4/25/12,6:30 PM,PHX PMYC,U11B,4,PHX,
493,4/25/12,6:30 PM,PHX PMYC,U11B,4,COV2,
535,4/25/12,6:30 PM,UNV Patton MS 17,U11B,5,UNV1,
535,4/25/12,6:30 PM,UNV Patton MS 17,U11B,4,KEN1,
28,4/26/12,6:30 PM,ASH Haverford Upper,U15A,5,ASH,
28,4/26/12,6:30 PM,ASH Haverford Upper,U15A,5,ST,
9,4/26/12,6:30 PM,CVL Mt Kirk,U15A,4,CVL,
9,4/26/12,6:30 PM,CVL Mt Kirk,U15A,4,BYC,
282,4/26/12,6:30 PM,PHX PMYC,U15B,5,PHX,
282,4/26/12,6:30 PM,PHX PMYC,U15B,6,WB,
254,4/26/12,6:30 PM,ST Wilson Park TEYSA,U15B,6,ST,
254,4/26/12,6:30 PM,ST Wilson Park TEYSA,U15B,6,CVL,
181,4/26/12,6:30 PM,WC Kelly Field,U11A,5,WC,
181,4/26/12,6:30 PM,WC Kelly Field,U11A,4,WB,
16,4/26/12,8:00 PM,WC Kelly Field,U15A,5,WC,
16,4/26/12,8:00 PM,WC Kelly Field,U15A,5,COV,
501,4/27/12,6:30 PM,ASH Lower Merion HS,U11B,6,ASH,
501,4/27/12,6:30 PM,ASH Lower Merion HS,U11B,5,LV2,
10,4/27/12,6:30 PM,AVG Avon Grove HS,U15A,4,AVG,
10,4/27/12,6:30 PM,AVG Avon Grove HS,U15A,5,CVL,
565,4/27/12,6:30 PM,AVG Harmony Park,U11B,6,AVG2,
565,4/27/12,6:30 PM,AVG Harmony Park,U11B,5,AVG1,
518,4/27/12,6:30 PM,BYC Bethel Spr ES 12,U11B,3,BYC1,
518,4/27/12,6:30 PM,BYC Bethel Spr ES 12,U11B,5,WC,
475,4/27/12,6:30 PM,CVL Warrior Field,U11B,5,CVL3,
475,4/27/12,6:30 PM,CVL Warrior Field,U11B,6,LV3,
499,4/27/12,6:30 PM,GV Great Valley MS,U11B,5,GV,
499,4/27/12,6:30 PM,GV Great Valley MS,U11B,5,PHX,
43,4/27/12,6:30 PM,LV Hoeffecker,U15A,4,LV,
43,4/27/12,6:30 PM,LV Hoeffecker,U15A,6,WB,
527,4/27/12,6:30 PM,UNV Patton MS 17,U11B,6,UNV2,
527,4/27/12,6:30 PM,UNV Patton MS 17,U11B,7,WB,
209,4/28/12,2:00 PM,ABG Huntingdon Upper,U13C,6,ABG,
209,4/28/12,2:00 PM,ABG Huntingdon Upper,U13C,6,ASH,
20,4/28/12,TBD,ABG Samson Festival,U15A,6,ABG,
20,4/28/12,TBD,ABG Samson Festival,U15A,6,ASH,
148,4/28/12,10:00 AM,AVG Avon Grove HS,U13A,6,AVG,
148,4/28/12,10:00 AM,AVG Avon Grove HS,U13A,6,BYC,
304,4/28/12,12:00 PM,AVG Avon Grove HS,U15B,6,AVG,
304,4/28/12,12:00 PM,AVG Avon Grove HS,U15B,6,LV1,
452,4/28/12,2:00 PM,AVG Avon Grove HS,U13B,8,AVG1,
452,4/28/12,2:00 PM,AVG Avon Grove HS,U13B,7,WC2,
171,4/28/12,10:00 AM,AVG Harmony Park,U11A,5,AVG,
171,4/28/12,10:00 AM,AVG Harmony Park,U11A,6,ASH,
541,4/28/12,12:00 PM,AVG Harmony Park,U11B,7,AVG2,
541,4/28/12,12:00 PM,AVG Harmony Park,U11B,6,UNV1,
407,4/28/12,2:00 PM,AVG Harmony Park,U13B,6,AVG2,
407,4/28/12,2:00 PM,AVG Harmony Park,U13B,7,BYC1,
553,4/28/12,10:00 AM,BYC Bethel Spr ES 12,U11B,5,BYC2,
553,4/28/12,10:00 AM,BYC Bethel Spr ES 12,U11B,4,BYC1,
561,4/28/12,12:00 PM,BYC Bethel Spr ES 12,U11B,7,BYC3,
561,4/28/12,12:00 PM,BYC Bethel Spr ES 12,U11B,4,AVG3,
200,4/28/12,2:00 PM,BYC Bethel Spr ES 12,U11A,6,BYC,
200,4/28/12,2:00 PM,BYC Bethel Spr ES 12,U11A,4,LV,
311,4/28/12,4:00 PM,BYC Garnet Valley MS,U15B,5,BYC,
311,4/28/12,4:00 PM,BYC Garnet Valley MS,U15B,5,LV2,
271,4/28/12,2:00 PM,COV Batdorf Park,U15B,6,COV,
271,4/28/12,2:00 PM,COV Batdorf Park,U15B,6,WC2,
458,4/28/12,4:00 PM,COV Batdorf Park,U11B,5,COV2,
458,4/28/12,4:00 PM,COV Batdorf Park,U11B,7,CVL1,
344,4/28/12,2:00 PM,COV West Vincent Twp,U13B,3,COV,
344,4/28/12,2:00 PM,COV West Vincent Twp,U13B,5,ASH,
415,4/28/12,10:00 AM,CVL Black Rock 6,U13B,7,CVL,
415,4/28/12,10:00 AM,CVL Black Rock 6,U13B,7,WC1,
259,4/28/12,12:00 PM,CVL Mt Kirk,U15B,7,CVL,
259,4/28/12,12:00 PM,CVL Mt Kirk,U15B,7,WB,
69,4/28/12,2:00 PM,CVL Mt Kirk,U13A,6,CVL,
69,4/28/12,2:00 PM,CVL Mt Kirk,U13A,5,ASH,
1,4/28/12,4:00 PM,CVL Mt Kirk,U15A,6,CVL,
1,4/28/12,4:00 PM,CVL Mt Kirk,U15A,6,COV,
480,4/28/12,2:00 PM,CVL Warrior Field,U11B,6,CVL3,
480,4/28/12,2:00 PM,CVL Warrior Field,U11B,6,ST,
367,4/28/12,2:00 PM,GV Great Valley MS,U13B,6,GV,
367,4/28/12,2:00 PM,GV Great Valley MS,U13B,7,ST1,
64,4/28/12,4:00 PM,GV Great Valley MS,U15A,5,GV,
64,4/28/12,4:00 PM,GV Great Valley MS,U15A,5,AVG,
411,4/28/12,10:00 AM,KEN Legacy Field C,U13B,6,KEN,
411,4/28/12,10:00 AM,KEN Legacy Field C,U13B,8,BYC2,
586,4/28/12,12:00 PM,KEN Legacy Field C,U11B,5,KEN2,
586,4/28/12,12:00 PM,KEN Legacy Field C,U11B,6,GV,
524,4/28/12,2:00 PM,KEN Legacy Field C,U11B,5,KEN1,
524,4/28/12,2:00 PM,KEN Legacy Field C,U11B,6,WC,
91,4/28/12,4:00 PM,KEN Legacy Field C,U13A,5,KEN,
91,4/28/12,4:00 PM,KEN Legacy Field C,U13A,5,ABG,
131,4/28/12,10:00 AM,LV Hoeffecker,U13A,5,LV2,
131,4/28/12,10:00 AM,LV Hoeffecker,U13A,6,WC,
360,4/28/12,12:00 PM,LV Hoeffecker,U13B,7,LV,
360,4/28/12,12:00 PM,LV Hoeffecker,U13B,7,ABG,
226,4/28/12,2:00 PM,LV Hoeffecker,U13C,7,LV,
226,4/28/12,2:00 PM,LV Hoeffecker,U13C,8,KEN,
482,4/28/12,4:00 PM,LV Hoeffecker,U11B,6,LV2,
482,4/28/12,4:00 PM,LV Hoeffecker,U11B,6,COV1,
498,4/28/12,10:00 AM,PHX PMYC,U11B,6,PHX,
498,4/28/12,10:00 AM,PHX PMYC,U11B,7,LV3,
280,4/28/12,12:00 PM,PHX PMYC,U15B,6,PHX,
280,4/28/12,12:00 PM,PHX PMYC,U15B,6,WC1,
113,4/28/12,12:00 PM,ST Wilson Park TEYSA,U13A,6,ST1,
113,4/28/12,12:00 PM,ST Wilson Park TEYSA,U13A,6,ST2,
39,4/28/12,2:00 PM,ST Wilson Park TEYSA,U15A,6,ST,
39,4/28/12,2:00 PM,ST Wilson Park TEYSA,U15A,5,BYC,
231,4/28/12,2:00 PM,UNV Upland Country DS,U13C,7,UNV,
231,4/28/12,2:00 PM,UNV Upland Country DS,U13C,7,BYC,
398,4/28/12,10:00 AM,WB Embreeville,U13B,8,WB,
398,4/28/12,10:00 AM,WB Embreeville,U13B,8,UNV,
390,4/28/12,12:00 PM,WC Kelly Field,U13B,7,WC4,
390,4/28/12,12:00 PM,WC Kelly Field,U13B,6,WC3,
162,4/28/12,2:00 PM,WC Kelly Field,U11A,6,WC,
162,4/28/12,2:00 PM,WC Kelly Field,U11A,6,ABG,
42,4/28/12,4:00 PM,WC Kelly Field,U15A,6,WC,
42,4/28/12,4:00 PM,WC Kelly Field,U15A,5,LV,
211,4/29/12,12:00 PM,ABG Huntingdon Upper,U13C,7,ABG,
211,4/29/12,12:00 PM,ABG Huntingdon Upper,U13C,6,WC,
161,4/29/12,2:00 PM,ABG Huntingdon Upper,U11A,7,ABG,
161,4/29/12,2:00 PM,ABG Huntingdon Upper,U11A,5,LV,
345,4/29/12,4:00 PM,ABG Huntingdon Upper,U13B,8,ABG,
345,4/29/12,4:00 PM,ABG Huntingdon Upper,U13B,4,COV,
30,4/29/12,2:00 PM,ASH Lower Merion HS,U15A,7,ASH,
30,4/29/12,2:00 PM,ASH Lower Merion HS,U15A,6,GV,
272,4/29/12,4:00 PM,BYC Garnet Valley MS,U15B,6,BYC,
272,4/29/12,4:00 PM,BYC Garnet Valley MS,U15B,7,COV,
114,4/29/12,2:00 PM,LV Hoeffecker,U13A,7,LV1,
114,4/29/12,2:00 PM,LV Hoeffecker,U13A,7,ST1,
99,4/29/12,12:00 PM,UNV Upland Country DS,U13A,6,UNV,
99,4/29/12,12:00 PM,UNV Upland Country DS,U13A,6,ABG,
25,4/29/12,12:00 PM,WB Downingtown MS,U15A,7,WB,
25,4/29/12,12:00 PM,WB Downingtown MS,U15A,7,ABG,
220,4/30/12,6:30 PM,ASH Lower Merion HS,U13C,7,ASH,
220,4/30/12,6:30 PM,ASH Lower Merion HS,U13C,7,AVG,
388,4/30/12,6:30 PM,AVG Avon Grove HS,U13B,7,AVG2,
388,4/30/12,6:30 PM,AVG Avon Grove HS,U13B,7,WC3,
255,4/30/12,6:30 PM,CVL Black Rock 6,U15B,8,CVL,
255,4/30/12,6:30 PM,CVL Black Rock 6,U15B,7,LV1,
369,4/30/12,6:30 PM,GV Great Valley MS,U13B,7,GV,
369,4/30/12,6:30 PM,GV Great Valley MS,U13B,7,ST2,
239,4/30/12,6:30 PM,LV Pine Creek,U13C,8,LV,
239,4/30/12,6:30 PM,LV Pine Creek,U13C,7,CVL,
404,4/30/12,6:30 PM,UNV Patton MS 17,U13B,9,UNV,
404,4/30/12,6:30 PM,UNV Patton MS 17,U13B,8,BYC1,
328,4/30/12,6:30 PM,WB Embreeville,U15B,8,WB,
328,4/30/12,6:30 PM,WB Embreeville,U15B,7,KEN,
247,4/30/12,6:30 PM,WC Kelly Field,U13C,7,WC,
247,4/30/12,6:30 PM,WC Kelly Field,U13C,8,BYC,
300,4/30/12,8:00 PM,WC Kelly Field,U15B,7,WC2,
300,4/30/12,8:00 PM,WC Kelly Field,U15B,7,ST,
289,4/30/12,6:30 PM,WC Rustin HS,U15B,7,WC1,
289,4/30/12,6:30 PM,WC Rustin HS,U15B,5,ASH,
92,5/1/12,6:30 PM,ABG Huntingdon Upper,U13A,7,ABG,
92,5/1/12,6:30 PM,ABG Huntingdon Upper,U13A,6,ASH,
83,5/1/12,6:30 PM,COV OJR HS,U13A,5,COV,
83,5/1/12,6:30 PM,COV OJR HS,U13A,8,ST1,
71,5/1/12,6:30 PM,CVL Black Rock 6,U13A,7,CVL,
71,5/1/12,6:30 PM,CVL Black Rock 6,U13A,7,ST2,
339,5/1/12,6:30 PM,CVL Mt Kirk,U13B,8,CVL,
339,5/1/12,6:30 PM,CVL Mt Kirk,U13B,8,ST1,
137,5/1/12,6:30 PM,GV Great Valley MS,U13A,6,GV,
137,5/1/12,6:30 PM,GV Great Valley MS,U13A,7,UNV,
133,5/1/12,6:30 PM,LV Hoeffecker,U13A,6,LV2,
133,5/1/12,6:30 PM,LV Hoeffecker,U13A,7,BYC,
363,5/1/12,6:30 PM,LV Lionville MS,U13B,8,LV,
363,5/1/12,6:30 PM,LV Lionville MS,U13B,6,ASH,
144,5/1/12,6:30 PM,WC Henderson HS,U13A,7,WC,
144,5/1/12,6:30 PM,WC Henderson HS,U13A,6,KEN,
416,5/1/12,6:30 PM,WC Rustin HS,U13B,8,WC2,
416,5/1/12,6:30 PM,WC Rustin HS,U13B,5,COV,
566,5/2/12,6:30 PM,AVG Avon Grove HS,U11B,6,AVG1,
566,5/2/12,6:30 PM,AVG Avon Grove HS,U11B,5,AVG3,
563,5/2/12,6:30 PM,BYC Bethel Spr ES 12,U11B,8,BYC3,
563,5/2/12,6:30 PM,BYC Bethel Spr ES 12,U11B,6,KEN2,
579,5/2/12,7:00 PM,COV OJR HS,U11B,6,COV2,
579,5/2/12,7:00 PM,COV OJR HS,U11B,5,BYC1,
478,5/2/12,6:30 PM,CVL Warrior Field,U11B,7,CVL3,
478,5/2/12,6:30 PM,CVL Warrior Field,U11B,7,PHX,
585,5/2/12,6:30 PM,LV Eagleview 2,U11B,8,LV3,
585,5/2/12,6:30 PM,LV Eagleview 2,U11B,6,KEN1,
189,5/2/12,6:30 PM,ST TE Middle Sch 2,U11A,6,ST,
189,5/2/12,6:30 PM,ST TE Middle Sch 2,U11A,7,CVL,
199,5/2/12,6:30 PM,WB Embreeville,U11A,5,WB,
199,5/2/12,6:30 PM,WB Embreeville,U11A,6,AVG,
519,5/2/12,6:30 PM,WC Kelly Field,U11B,7,WC,
519,5/2/12,6:30 PM,WC Kelly Field,U11B,6,BYC2,
284,5/3/12,6:30 PM,ASH Haverford Upper,U15B,6,ASH,
284,5/3/12,6:30 PM,ASH Haverford Upper,U15B,7,BYC,
13,5/3/12,6:30 PM,COV Batdorf Park,U15A,7,COV,
13,5/3/12,6:30 PM,COV Batdorf Park,U15A,7,ST,
48,5/3/12,6:30 PM,GV Great Valley MS,U15A,7,GV,
48,5/3/12,6:30 PM,GV Great Valley MS,U15A,6,BYC,
29,5/3/12,6:30 PM,LV Hoeffecker,U15A,6,LV,
29,5/3/12,6:30 PM,LV Hoeffecker,U15A,8,ASH,
312,5/3/12,6:30 PM,LV Pine Creek,U15B,6,LV2,
312,5/3/12,6:30 PM,LV Pine Creek,U15B,7,AVG,
283,5/3/12,6:30 PM,UNV Upland Country DS,U15B,7,UNV,
283,5/3/12,6:30 PM,UNV Upland Country DS,U15B,7,PHX,
34,5/4/12,6:30 PM,ASH Haverford Upper,U15A,9,ASH,
34,5/4/12,6:30 PM,ASH Haverford Upper,U15A,6,AVG,
170,5/4/12,6:30 PM,ASH Lower Merion HS,U11A,7,ASH,
170,5/4/12,6:30 PM,ASH Lower Merion HS,U11A,7,BYC,
533,5/4/12,6:30 PM,AVG Harmony Park,U11B,6,AVG3,
533,5/4/12,6:30 PM,AVG Harmony Park,U11B,8,WB,
547,5/4/12,6:30 PM,BYC Bethel Spr ES 12,U11B,7,BYC2,
547,5/4/12,6:30 PM,BYC Bethel Spr ES 12,U11B,7,UNV2,
494,5/4/12,6:30 PM,COV OJR HS,U11B,7,COV2,
494,5/4/12,6:30 PM,COV OJR HS,U11B,7,ASH,
583,5/4/12,6:30 PM,LV Eagleview 1,U11B,6,LV1,
583,5/4/12,6:30 PM,LV Eagleview 1,U11B,8,AVG2,
177,5/4/12,6:30 PM,LV Eagleview 2,U11A,6,LV,
177,5/4/12,6:30 PM,LV Eagleview 2,U11A,7,WC,
176,5/4/12,6:30 PM,ST TE Middle Sch 1,U11A,7,ST,
176,5/4/12,6:30 PM,ST TE Middle Sch 1,U11A,7,AVG,
506,5/4/12,6:30 PM,ST TE Middle Sch 2,U11B,7,ST,
506,5/4/12,6:30 PM,ST TE Middle Sch 2,U11B,7,LV2,
540,5/4/12,6:30 PM,UNV Patton MS 17,U11B,7,UNV1,
540,5/4/12,6:30 PM,UNV Patton MS 17,U11B,7,AVG1,
98,5/5/12,10:00 AM,ABG Huntingdon Upper,U13A,8,ABG,
98,5/5/12,10:00 AM,ABG Huntingdon Upper,U13A,8,WC,
359,5/5/12,12:00 PM,ABG Huntingdon Upper,U13B,9,ABG,
359,5/5/12,12:00 PM,ABG Huntingdon Upper,U13B,8,GV,
80,5/5/12,12:00 PM,ASH Shipley Farm Field,U13A,7,ASH,
80,5/5/12,12:00 PM,ASH Shipley Farm Field,U13A,6,COV,
503,5/5/12,2:00 PM,ASH Shipley Farm Field,U11B,8,ASH,
503,5/5/12,2:00 PM,ASH Shipley Farm Field,U11B,7,GV,
54,5/5/12,10:00 AM,AVG Avon Grove HS,U15A,7,AVG,
54,5/5/12,10:00 AM,AVG Avon Grove HS,U15A,8,WB,
262,5/5/12,12:00 PM,AVG Avon Grove HS,U15B,8,AVG,
262,5/5/12,12:00 PM,AVG Avon Grove HS,U15B,9,CVL,
568,5/5/12,2:00 PM,AVG Avon Grove HS,U11B,8,AVG1,
568,5/5/12,2:00 PM,AVG Avon Grove HS,U11B,7,KEN2,
395,5/5/12,2:00 PM,AVG Harmony Park,U13B,9,AVG1,
395,5/5/12,2:00 PM,AVG Harmony Park,U13B,8,WC4,
558,5/5/12,4:00 PM,BYC Bethel Spr ES 12,U11B,8,BYC2,
558,5/5/12,4:00 PM,BYC Bethel Spr ES 12,U11B,7,KEN1,
33,5/5/12,10:00 AM,BYC Garnet Valley MS,U15A,7,BYC,
33,5/5/12,10:00 AM,BYC Garnet Valley MS,U15A,10,ASH,
408,5/5/12,12:00 PM,BYC Garnet Valley MS,U13B,9,BYC1,
408,5/5/12,12:00 PM,BYC Garnet Valley MS,U13B,7,KEN,
422,5/5/12,2:00 PM,BYC Garnet Valley MS,U13B,9,BYC2,
422,5/5/12,2:00 PM,BYC Garnet Valley MS,U13B,9,LV,
346,5/5/12,2:00 PM,COV Batdorf Park,U13B,6,COV,
346,5/5/12,2:00 PM,COV Batdorf Park,U13B,8,ST2,
267,5/5/12,4:00 PM,COV Batdorf Park,U15B,8,COV,
267,5/5/12,4:00 PM,COV Batdorf Park,U15B,8,ST,
77,5/5/12,2:00 PM,CVL Mt Kirk,U13A,8,CVL,
77,5/5/12,2:00 PM,CVL Mt Kirk,U13A,8,BYC,
7,5/5/12,4:00 PM,CVL Mt Kirk,U15A,7,CVL,
7,5/5/12,4:00 PM,CVL Mt Kirk,U15A,7,WC,
459,5/5/12,10:00 AM,CVL Warrior Field,U11B,8,CVL1,
459,5/5/12,10:00 AM,CVL Warrior Field,U11B,8,PHX,
468,5/5/12,12:00 PM,CVL Warrior Field,U11B,6,CVL2,
468,5/5/12,12:00 PM,CVL Warrior Field,U11B,8,COV2,
201,5/5/12,2:00 PM,CVL Warrior Field,U13C,8,CVL,
201,5/5/12,2:00 PM,CVL Warrior Field,U13C,8,ABG,
151,5/5/12,4:00 PM,CVL Warrior Field,U11A,8,CVL,
151,5/5/12,4:00 PM,CVL Warrior Field,U11A,8,ABG,
116,5/5/12,2:00 PM,GV Great Valley MS,U13A,7,GV,
116,5/5/12,2:00 PM,GV Great Valley MS,U13A,9,ST1,
36,5/5/12,4:00 PM,GV Great Valley MS,U15A,8,GV,
36,5/5/12,4:00 PM,GV Great Valley MS,U15A,8,ST,
313,5/5/12,10:00 AM,KEN Legacy Field C,U15B,8,KEN,
313,5/5/12,10:00 AM,KEN Legacy Field C,U15B,7,LV2,
129,5/5/12,12:00 PM,KEN Legacy Field C,U13A,7,KEN,
129,5/5/12,12:00 PM,KEN Legacy Field C,U13A,8,LV1,
122,5/5/12,10:00 AM,LV Hoeffecker,U13A,7,LV2,
122,5/5/12,10:00 AM,LV Hoeffecker,U13A,8,ST2,
14,5/5/12,12:00 PM,LV Hoeffecker,U15A,7,LV,
14,5/5/12,12:00 PM,LV Hoeffecker,U15A,8,COV,
197,5/5/12,2:00 PM,LV Hoeffecker,U11A,7,LV,
197,5/5/12,2:00 PM,LV Hoeffecker,U11A,6,WB,
351,5/5/12,10:00 AM,PHX PMYC,U13B,8,PHX,
351,5/5/12,10:00 AM,PHX PMYC,U13B,7,ASH,
276,5/5/12,12:00 PM,PHX PMYC,U15B,8,PHX,
276,5/5/12,12:00 PM,PHX PMYC,U15B,7,ASH,
195,5/5/12,10:00 AM,ST TE Middle Sch 2,U11A,8,ST,
195,5/5/12,10:00 AM,ST TE Middle Sch 2,U11A,8,BYC,
536,5/5/12,12:00 PM,UNV Patton MS 17,U11B,8,UNV2,
536,5/5/12,12:00 PM,UNV Patton MS 17,U11B,8,UNV1,
146,5/5/12,2:00 PM,UNV Upland Country DS,U13A,8,UNV,
146,5/5/12,2:00 PM,UNV Upland Country DS,U13A,7,AVG,
246,5/5/12,4:00 PM,UNV Upland Country DS,U13C,8,UNV,
246,5/5/12,4:00 PM,UNV Upland Country DS,U13C,8,WC,
528,5/5/12,10:00 AM,WB Embreeville,U11B,9,WB,
528,5/5/12,10:00 AM,WB Embreeville,U11B,6,BYC1,
523,5/5/12,10:00 AM,WC Kelly Field,U11B,8,WC,
523,5/5/12,10:00 AM,WC Kelly Field,U11B,7,AVG3,
183,5/5/12,12:00 PM,WC Kelly Field,U11A,8,WC,
183,5/5/12,12:00 PM,WC Kelly Field,U11A,8,AVG,
382,5/5/12,2:00 PM,WC Kelly Field,U13B,9,WC2,
382,5/5/12,2:00 PM,WC Kelly Field,U13B,9,WB,
321,5/5/12,4:00 PM,WC Kelly Field,U15B,8,WC2,
321,5/5/12,4:00 PM,WC Kelly Field,U15B,8,UNV,
317,5/5/12,12:00 PM,WC Rustin HS,U15B,8,WC1,
317,5/5/12,12:00 PM,WC Rustin HS,U15B,8,BYC,
375,5/5/12,2:00 PM,WC Rustin HS,U13B,8,WC1,
375,5/5/12,2:00 PM,WC Rustin HS,U13B,10,UNV,
425,5/6/12,12:00 PM,ABG Huntingdon Upper,U13B,10,ABG,
425,5/6/12,12:00 PM,ABG Huntingdon Upper,U13B,10,WC2,
419,5/6/12,12:00 PM,ASH Lower Merion HS,U13B,8,ASH,
419,5/6/12,12:00 PM,ASH Lower Merion HS,U13B,10,WB,
81,5/6/12,2:00 PM,COV Batdorf Park,U13A,7,COV,
81,5/6/12,2:00 PM,COV Batdorf Park,U13A,9,ABG,
57,5/6/12,2:00 PM,CVL Warrior Field,U15A,8,CVL,
57,5/6/12,2:00 PM,CVL Warrior Field,U15A,8,ABG,
124,5/6/12,2:00 PM,LV Hoeffecker,U13A,9,LV1,
124,5/6/12,2:00 PM,LV Hoeffecker,U13A,8,GV,
212,5/6/12,12:00 PM,UNV Upland Country DS,U13C,9,UNV,
212,5/6/12,12:00 PM,UNV Upland Country DS,U13C,9,ABG,
290,5/7/12,6:30 PM,ASH Lower Merion HS,U15B,8,ASH,
290,5/7/12,6:30 PM,ASH Lower Merion HS,U15B,8,LV2,
332,5/7/12,6:30 PM,AVG Avon Grove HS,U15B,9,AVG,
332,5/7/12,6:30 PM,AVG Avon Grove HS,U15B,9,BYC,
427,5/7/12,6:30 PM,COV OJR HS,U13B,7,COV,
427,5/7/12,6:30 PM,COV OJR HS,U13B,9,WC4,
305,5/7/12,6:30 PM,LV Pine Creek,U15B,8,LV1,
305,5/7/12,6:30 PM,LV Pine Creek,U15B,9,KEN,
354,5/7/12,6:30 PM,PHX PMYC,U13B,9,PHX,
354,5/7/12,6:30 PM,PHX PMYC,U13B,10,LV,
365,5/7/12,6:30 PM,ST TE Middle Sch 1,U13B,9,ST2,
365,5/7/12,6:30 PM,ST TE Middle Sch 1,U13B,9,ST1,
389,5/7/12,6:30 PM,WC Kelly Field,U13B,8,WC3,
389,5/7/12,6:30 PM,WC Kelly Field,U13B,8,KEN,
96,5/8/12,6:30 PM,ABG Huntingdon Upper,U13A,10,ABG,
96,5/8/12,6:30 PM,ABG Huntingdon Upper,U13A,8,LV2,
338,5/8/12,6:30 PM,ASH Lower Merion HS,U13B,9,ASH,
338,5/8/12,6:30 PM,ASH Lower Merion HS,U13B,9,CVL,
202,5/8/12,6:30 PM,ASH Shipley Farm Field,U13C,8,ASH,
202,5/8/12,6:30 PM,ASH Shipley Farm Field,U13C,9,CVL,
401,5/8/12,6:30 PM,AVG Harmony Park,U13B,8,AVG2,
401,5/8/12,6:30 PM,AVG Harmony Park,U13B,11,WB,
376,5/8/12,6:30 PM,BYC Garnet Valley MS,U13B,10,BYC1,
376,5/8/12,6:30 PM,BYC Garnet Valley MS,U13B,9,WC1,
89,5/8/12,6:30 PM,COV Batdorf Park,U13A,8,COV,
89,5/8/12,6:30 PM,COV Batdorf Park,U13A,9,UNV,
128,5/8/12,6:30 PM,LV Hoeffecker,U13A,10,LV1,
128,5/8/12,6:30 PM,LV Hoeffecker,U13A,8,AVG,
121,5/8/12,6:30 PM,ST Wilson Park TEYSA,U13A,9,ST2,
121,5/8/12,6:30 PM,ST Wilson Park TEYSA,U13A,8,KEN,
107,5/8/12,6:30 PM,WC Rustin HS,U13A,9,WC,
107,5/8/12,6:30 PM,WC Rustin HS,U13A,8,ASH,
549,5/9/12,6:30 PM,AVG Avon Grove HS,U11B,9,AVG1,
549,5/9/12,6:30 PM,AVG Avon Grove HS,U11B,7,BYC1,
520,5/9/12,6:30 PM,BYC Bethel Spr ES 12,U11B,9,BYC3,
520,5/9/12,6:30 PM,BYC Bethel Spr ES 12,U11B,9,WC,
434,5/9/12,6:30 PM,COV OJR HS,U13B,8,COV,
434,5/9/12,6:30 PM,COV OJR HS,U13B,9,KEN,
574,5/9/12,6:30 PM,KEN Legacy Field B,U11B,8,KEN1,
574,5/9/12,6:30 PM,KEN Legacy Field B,U11B,8,KEN2,
481,5/9/12,6:30 PM,LV Eagleview 1,U11B,7,LV1,
481,5/9/12,6:30 PM,LV Eagleview 1,U11B,8,CVL3,
473,5/9/12,6:30 PM,LV Eagleview 2,U11B,8,LV2,
473,5/9/12,6:30 PM,LV Eagleview 2,U11B,7,CVL2,
508,5/9/12,6:30 PM,ST TE Middle Sch 1,U11B,8,ST,
508,5/9/12,6:30 PM,ST TE Middle Sch 1,U11B,8,GV,
196,5/9/12,6:30 PM,WC Kelly Field,U11A,9,WC,
196,5/9/12,6:30 PM,WC Kelly Field,U11A,8,LV,
281,5/9/12,8:00 PM,WC Kelly Field,U15B,9,WC2,
281,5/9/12,8:00 PM,WC Kelly Field,U15B,9,PHX,
44,5/10/12,6:30 PM,BYC Garnet Valley MS,U15A,8,BYC,
44,5/10/12,6:30 PM,BYC Garnet Valley MS,U15A,8,LV,
6,5/10/12,6:30 PM,GV Great Valley MS,U15A,9,GV,
6,5/10/12,6:30 PM,GV Great Valley MS,U15A,9,CVL,
297,5/10/12,6:30 PM,ST Wilson Park CYL,U15B,9,ST,
297,5/10/12,6:30 PM,ST Wilson Park CYL,U15B,9,LV1,
37,5/10/12,6:30 PM,ST Wilson Park TEYSA,U15A,9,ST,
37,5/10/12,6:30 PM,ST Wilson Park TEYSA,U15A,8,WC,
309,5/10/12,6:30 PM,WB Embreeville,U15B,9,WB,
309,5/10/12,6:30 PM,WB Embreeville,U15B,9,LV2,
460,5/11/12,6:30 PM,ASH Lower Merion HS,U11B,9,ASH,
460,5/11/12,6:30 PM,ASH Lower Merion HS,U11B,9,CVL1,
27,5/11/12,6:30 PM,AVG Avon Grove HS,U15A,8,AVG,
27,5/11/12,6:30 PM,AVG Avon Grove HS,U15A,9,ABG,
542,5/11/12,6:30 PM,AVG Harmony Park,U11B,8,AVG3,
542,5/11/12,6:30 PM,AVG Harmony Park,U11B,9,UNV2,
186,5/11/12,6:30 PM,BYC Bethel Spr ES 12,U11A,9,BYC,
186,5/11/12,6:30 PM,BYC Bethel Spr ES 12,U11A,9,AVG,
472,5/11/12,6:30 PM,CVL Warrior Field,U11B,8,CVL2,
472,5/11/12,6:30 PM,CVL Warrior Field,U11B,8,LV1,
537,5/11/12,6:30 PM,UNV Patton MS 17,U11B,9,UNV1,
537,5/11/12,6:30 PM,UNV Patton MS 17,U11B,8,BYC1,
22,5/12/12,4:00 PM,ABG Huntingdon Upper,U15A,10,ABG,
22,5/12/12,4:00 PM,ABG Huntingdon Upper,U15A,9,LV,
100,5/12/12,10:00 AM,ASH Haverford Upper,U13A,9,ASH,
100,5/12/12,10:00 AM,ASH Haverford Upper,U13A,9,BYC,
12,5/12/12,12:00 PM,ASH Haverford Upper,U15A,11,ASH,
12,5/12/12,12:00 PM,ASH Haverford Upper,U15A,9,COV,
286,5/12/12,12:00 PM,ASH Shipley Farm Field,U15B,9,ASH,
286,5/12/12,12:00 PM,ASH Shipley Farm Field,U15B,10,KEN,
356,5/12/12,2:00 PM,ASH Shipley Farm Field,U13B,10,ASH,
356,5/12/12,2:00 PM,ASH Shipley Farm Field,U13B,11,ABG,
414,5/12/12,9:00 AM,AVG Avon Grove HS,U13B,9,AVG2,
414,5/12/12,9:00 AM,AVG Avon Grove HS,U13B,10,KEN,
134,5/12/12,11:00 AM,AVG Avon Grove HS,U13A,9,AVG,
134,5/12/12,11:00 AM,AVG Avon Grove HS,U13A,9,LV2,
236,5/12/12,1:00 PM,AVG Avon Grove HS,U13C,8,AVG,
236,5/12/12,1:00 PM,AVG Avon Grove HS,U13C,9,KEN,
569,5/12/12,1:00 PM,AVG Avon Grove HS,U11B,9,AVG3,
569,5/12/12,1:00 PM,AVG Avon Grove HS,U11B,9,AVG2,
318,5/12/12,3:00 PM,AVG Avon Grove HS,U15B,10,AVG,
318,5/12/12,3:00 PM,AVG Avon Grove HS,U15B,9,WC1,
206,5/12/12,10:00 AM,BYC Bethel Spr ES 12,U13C,9,BYC,
206,5/12/12,10:00 AM,BYC Bethel Spr ES 12,U13C,10,CVL,
529,5/12/12,12:00 PM,BYC Bethel Spr ES 12,U11B,9,BYC2,
529,5/12/12,12:00 PM,BYC Bethel Spr ES 12,U11B,10,WB,
554,5/12/12,2:00 PM,BYC Bethel Spr ES 12,U11B,9,BYC1,
554,5/12/12,2:00 PM,BYC Bethel Spr ES 12,U11B,10,BYC3,
322,5/12/12,10:00 AM,BYC Garnet Valley MS,U15B,10,BYC,
322,5/12/12,10:00 AM,BYC Garnet Valley MS,U15B,10,WC2,
55,5/12/12,12:00 PM,BYC Garnet Valley MS,U15A,9,BYC,
55,5/12/12,12:00 PM,BYC Garnet Valley MS,U15A,9,AVG,
405,5/12/12,2:00 PM,BYC Garnet Valley MS,U13B,10,BYC2,
405,5/12/12,2:00 PM,BYC Garnet Valley MS,U13B,11,UNV,
484,5/12/12,4:00 PM,COV Batdorf Park,U11B,7,COV1,
484,5/12/12,4:00 PM,COV Batdorf Park,U11B,9,GV,
477,5/12/12,10:00 AM,CVL Warrior Field,U11B,9,CVL3,
477,5/12/12,10:00 AM,CVL Warrior Field,U11B,9,COV2,
423,5/12/12,12:15PM,GV Great Valley MS,U13B,9,GV,
423,5/12/12,12:15PM,GV Great Valley MS,U13B,10,AVG1,
140,5/12/12,10:00 AM,KEN Legacy Field C,U13A,9,KEN,
140,5/12/12,10:00 AM,KEN Legacy Field C,U13A,9,GV,
567,5/12/12,12:00 PM,KEN Legacy Field C,U11B,9,KEN1,
567,5/12/12,12:00 PM,KEN Legacy Field C,U11B,10,AVG1,
507,5/12/12,12:00 PM,LV Eagleview 1,U11B,9,LV3,
507,5/12/12,12:00 PM,LV Eagleview 1,U11B,9,ST,
509,5/12/12,2:00 PM,LV Eagleview 1,U11B,9,LV2,
509,5/12/12,2:00 PM,LV Eagleview 1,U11B,9,LV1,
256,5/12/12,12:00 PM,LV Hoeffecker,U15B,10,LV2,
256,5/12/12,12:00 PM,LV Hoeffecker,U15B,10,CVL,
266,5/12/12,2:00 PM,LV Hoeffecker,U15B,10,LV1,
266,5/12/12,2:00 PM,LV Hoeffecker,U15B,9,COV,
72,5/12/12,4:00 PM,LV Hoeffecker,U13A,11,LV1,
72,5/12/12,4:00 PM,LV Hoeffecker,U13A,9,CVL,
469,5/12/12,2:00 PM,PHX PMYC,U11B,9,PHX,
469,5/12/12,2:00 PM,PHX PMYC,U11B,9,CVL2,
347,5/12/12,12:00 PM,ST TE Middle Sch 2,U13B,10,ST1,
347,5/12/12,12:00 PM,ST TE Middle Sch 2,U13B,9,COV,
340,5/12/12,2:00 PM,ST TE Middle Sch 2,U13B,10,ST2,
340,5/12/12,2:00 PM,ST TE Middle Sch 2,U13B,10,CVL,
4,5/12/12,10:00 AM,ST Wilson Park CYL,U15A,10,ST,
4,5/12/12,10:00 AM,ST Wilson Park CYL,U15A,10,CVL,
82,5/12/12,2:00 PM,ST Wilson Park CYL,U13A,10,ST2,
82,5/12/12,2:00 PM,ST Wilson Park CYL,U13A,9,COV,
277,5/12/12,10:00 AM,ST Wilson Park TEYSA,U15B,10,ST,
277,5/12/12,10:00 AM,ST Wilson Park TEYSA,U15B,10,PHX,
93,5/12/12,12:00 PM,ST Wilson Park TEYSA,U13A,10,ST1,
93,5/12/12,12:00 PM,ST Wilson Park TEYSA,U13A,11,ABG,
325,5/12/12,10:00 AM,UNV Patton MS 17,U15B,9,UNV,
325,5/12/12,10:00 AM,UNV Patton MS 17,U15B,10,WB,
141,5/12/12,12:00 PM,UNV Patton MS 17,U13A,10,UNV,
141,5/12/12,12:00 PM,UNV Patton MS 17,U13A,10,WC,
544,5/12/12,2:00 PM,UNV Patton MS 17,U11B,10,UNV2,
544,5/12/12,2:00 PM,UNV Patton MS 17,U11B,9,KEN2,
223,5/12/12,4:00 PM,UNV Patton MS 17,U13C,10,UNV,
223,5/12/12,4:00 PM,UNV Patton MS 17,U13C,9,LV,
156,5/12/12,12:00 PM,WB Embreeville,U11A,7,WB,
156,5/12/12,12:00 PM,WB Embreeville,U11A,9,CVL,
50,5/12/12,10:00 AM,WC Kelly Field,U15A,9,WC,
50,5/12/12,10:00 AM,WC Kelly Field,U15A,9,WB,
372,5/12/12,12:00 PM,WC Kelly Field,U13B,9,WC3,
372,5/12/12,12:00 PM,WC Kelly Field,U13B,10,WC1,
173,5/12/12,2:00 PM,WC Kelly Field,U11A,10,WC,
173,5/12/12,2:00 PM,WC Kelly Field,U11A,9,ST,
383,5/12/12,4:00 PM,WC Kelly Field,U13B,10,WC4,
383,5/12/12,4:00 PM,WC Kelly Field,U13B,11,WC2,
163,5/13/12,12:00 PM,ABG Huntingdon Upper,U11A,9,ABG,
163,5/13/12,12:00 PM,ABG Huntingdon Upper,U11A,8,WB,
215,5/13/12,2:00 PM,ABG Huntingdon Upper,U13C,10,ABG,
215,5/13/12,2:00 PM,ABG Huntingdon Upper,U13C,10,KEN,
364,5/14/12,6:30 PM,ASH Lower Merion HS,U13B,11,ASH,
364,5/14/12,6:30 PM,ASH Lower Merion HS,U13B,10,GV,
243,5/14/12,6:30 PM,AVG Avon Grove HS,U13C,9,AVG,
243,5/14/12,6:30 PM,AVG Avon Grove HS,U13C,9,ASH,
228,5/14/12,6:30 PM,BYC Bethel Spr ES 12,U13C,10,BYC,
228,5/14/12,6:30 PM,BYC Bethel Spr ES 12,U13C,9,WC,
343,5/14/12,6:30 PM,COV OJR HS,U13B,10,COV,
343,5/14/12,6:30 PM,COV OJR HS,U13B,10,PHX,
441,5/14/12,6:30 PM,ST TE Middle Sch 1,U13B,11,ST2,
441,5/14/12,6:30 PM,ST TE Middle Sch 1,U13B,12,UNV,
440,5/14/12,6:30 PM,WC Kelly Field,U13B,11,WC4,
440,5/14/12,6:30 PM,WC Kelly Field,U13B,11,ST1,
94,5/15/12,6:30 PM,ABG Huntingdon Upper,U13A,12,ABG,
94,5/15/12,6:30 PM,ABG Huntingdon Upper,U13A,11,ST2,
149,5/15/12,6:30 PM,BYC Garnet Valley MS,U13A,10,BYC,
149,5/15/12,6:30 PM,BYC Garnet Valley MS,U13A,10,KEN,
87,5/15/12,6:30 PM,COV OJR HS,U13A,10,COV,
87,5/15/12,6:30 PM,COV OJR HS,U13A,10,GV,
105,5/15/12,6:30 PM,LV Hoeffecker,U13A,10,LV2,
105,5/15/12,6:30 PM,LV Hoeffecker,U13A,10,ASH,
222,5/15/12,6:30 PM,LV Pine Creek,U13C,10,LV,
222,5/15/12,6:30 PM,LV Pine Creek,U13C,10,WC,
165,5/16/12,6:30 PM,ABG Huntingdon Upper,U11A,10,ABG,
165,5/16/12,6:30 PM,ABG Huntingdon Upper,U11A,10,AVG,
152,5/16/12,6:30 PM,ASH Lower Merion HS,U11A,8,ASH,
152,5/16/12,6:30 PM,ASH Lower Merion HS,U11A,10,CVL,
580,5/16/12,6:30 PM,BYC Bethel Spr ES 12,U11B,10,BYC2,
580,5/16/12,6:30 PM,BYC Bethel Spr ES 12,U11B,10,PHX,
476,5/16/12,6:30 PM,COV Batdorf Park,U11B,8,COV1,
476,5/16/12,6:30 PM,COV Batdorf Park,U11B,10,CVL3,
512,5/16/12,6:30 PM,LV Eagleview 2,U11B,10,LV2,
512,5/16/12,6:30 PM,LV Eagleview 2,U11B,10,LV3,
172,5/16/12,6:30 PM,ST TE Middle Sch 2,U11A,10,ST,
172,5/16/12,6:30 PM,ST TE Middle Sch 2,U11A,9,LV,
288,5/17/12,6:30 PM,ASH Haverford Upper,U15B,10,ASH,
288,5/17/12,6:30 PM,ASH Haverford Upper,U15B,11,ST,
49,5/17/12,6:30 PM,AVG Harmony Park,U15A,10,AVG,
49,5/17/12,6:30 PM,AVG Harmony Park,U15A,10,GV,
269,5/17/12,6:30 PM,COV Batdorf Park,U15B,10,COV,
269,5/17/12,6:30 PM,COV Batdorf Park,U15B,11,LV2,
17,5/17/12,6:30 PM,COV OJR HS,U15A,10,COV,
17,5/17/12,6:30 PM,COV OJR HS,U15A,10,WB,
63,5/17/12,6:30 PM,LV Hoeffecker,U15A,10,LV,
63,5/17/12,6:30 PM,LV Hoeffecker,U15A,10,BYC,
278,5/17/12,6:30 PM,PHX PMYC,U15B,11,PHX,
278,5/17/12,6:30 PM,PHX PMYC,U15B,11,LV1,
316,5/17/12,6:30 PM,UNV Upland Country DS,U15B,1,UNV1,
316,5/17/12,6:30 PM,UNV Upland Country DS,U15B,10,WC1,
31,5/17/12,6:30 PM,WC Kelly Field,U15A,10,WC,
31,5/17/12,6:30 PM,WC Kelly Field,U15A,12,ASH,
168,5/18/12,6:30 PM,ASH Lower Merion HS,U11A,9,ASH,
168,5/18/12,6:30 PM,ASH Lower Merion HS,U11A,11,WC,
78,5/18/12,6:30 PM,AVG Harmony Park,U13A,10,AVG,
78,5/18/12,6:30 PM,AVG Harmony Park,U13A,10,CVL,
545,5/18/12,6:30 PM,BYC Bethel Spr ES 12,U11B,10,BYC1,
545,5/18/12,6:30 PM,BYC Bethel Spr ES 12,U11B,11,UNV2,
486,5/18/12,6:30 PM,COV OJR HS,U11B,9,COV1,
486,5/18/12,6:30 PM,COV OJR HS,U11B,10,ASH,
577,5/18/12,6:30 PM,CVL Warrior Field,U11B,11,CVL3,
577,5/18/12,6:30 PM,CVL Warrior Field,U11B,10,UNV1,
178,5/18/12,6:30 PM,WB Embreeville,U11A,9,WB,
178,5/18/12,6:30 PM,WB Embreeville,U11A,10,LV,
218,5/19/12,10:00 AM,ASH Lower Merion HS,U13C,10,ASH,
218,5/19/12,10:00 AM,ASH Lower Merion HS,U13C,11,UNV,
439,5/19/12,12:00 PM,ASH Lower Merion HS,U13B,12,ASH,
439,5/19/12,12:00 PM,ASH Lower Merion HS,U13B,12,WC2,
192,5/19/12,2:00 PM,ASH Lower Merion HS,U11A,10,ASH,
192,5/19/12,2:00 PM,ASH Lower Merion HS,U11A,10,WB,
104,5/19/12,4:00 PM,ASH Lower Merion HS,U13A,11,ASH,
104,5/19/12,4:00 PM,ASH Lower Merion HS,U13A,11,ST1,
264,5/19/12,12:00 PM,ASH Shipley Farm Field,U15B,11,ASH,
264,5/19/12,12:00 PM,ASH Shipley Farm Field,U15B,11,COV,
572,5/19/12,12:00 PM,AVG Avon Grove HS,U11B,10,AVG3,
572,5/19/12,12:00 PM,AVG Avon Grove HS,U11B,10,KEN1,
451,5/19/12,2:00 PM,BYC Garnet Valley MS,U13B,11,BYC1,
451,5/19/12,2:00 PM,BYC Garnet Valley MS,U13B,11,BYC2,
66,5/19/12,4:00 PM,BYC Garnet Valley MS,U15A,11,BYC,
66,5/19/12,4:00 PM,BYC Garnet Valley MS,U15A,11,WB,
485,5/19/12,12:00 PM,COV OJR HS,U11B,10,COV2,
485,5/19/12,12:00 PM,COV OJR HS,U11B,10,COV1,
85,5/19/12,2:00 PM,COV OJR HS,U13A,11,COV,
85,5/19/12,2:00 PM,COV OJR HS,U13A,12,LV1,
15,5/19/12,4:00 PM,COV OJR HS,U15A,11,COV,
15,5/19/12,4:00 PM,COV OJR HS,U15A,11,GV,
435,5/19/12,10:00 AM,CVL Mt Kirk,U13B,11,CVL,
435,5/19/12,10:00 AM,CVL Mt Kirk,U13B,10,AVG2,
73,5/19/12,12:00 PM,CVL Mt Kirk,U13A,11,CVL,
73,5/19/12,12:00 PM,CVL Mt Kirk,U13A,11,LV2,
5,5/19/12,2:00 PM,CVL Mt Kirk,U15A,11,CVL,
5,5/19/12,2:00 PM,CVL Mt Kirk,U15A,11,LV,
257,5/19/12,4:00 PM,CVL Mt Kirk,U15B,11,CVL,
257,5/19/12,4:00 PM,CVL Mt Kirk,U15B,11,WC1,
157,5/19/12,10:00 AM,CVL Warrior Field,U11A,11,CVL,
157,5/19/12,10:00 AM,CVL Warrior Field,U11A,10,BYC,
461,5/19/12,12:00 PM,CVL Warrior Field,U11B,10,CVL1,
461,5/19/12,12:00 PM,CVL Warrior Field,U11B,10,ST,
470,5/19/12,2:00 PM,CVL Warrior Field,U11B,10,CVL2,
470,5/19/12,2:00 PM,CVL Warrior Field,U11B,11,ASH,
207,5/19/12,4:00 PM,CVL Warrior Field,U13C,11,CVL,
207,5/19/12,4:00 PM,CVL Warrior Field,U13C,10,AVG,
510,5/19/12,12:15 PM,GV Great Valley MS,U11B,10,GV,
510,5/19/12,12:15 PM,GV Great Valley MS,U11B,10,LV1,
448,5/19/12,2:00 PM,GV Great Valley MS,U13B,11,GV,
448,5/19/12,2:00 PM,GV Great Valley MS,U13B,12,WB,
139,5/19/12,4:00 PM,GV Great Valley MS,U13A,11,GV,
139,5/19/12,4:00 PM,GV Great Valley MS,U13A,11,AVG,
570,5/19/12,12:00 PM,KEN Legacy Field C,U11B,10,KEN2,
570,5/19/12,12:00 PM,KEN Legacy Field C,U11B,10,AVG2,
147,5/19/12,2:00 PM,KEN Legacy Field C,U13A,11,KEN,
147,5/19/12,2:00 PM,KEN Legacy Field C,U13A,11,UNV,
331,5/19/12,4:00 PM,KEN Legacy Field C,U15B,11,KEN,
331,5/19/12,4:00 PM,KEN Legacy Field C,U15B,10,UNV,
349,5/19/12,12:00 PM,LV Pine Creek,U13B,11,LV,
349,5/19/12,12:00 PM,LV Pine Creek,U13B,11,COV,
190,5/19/12,2:00 PM,LV Pine Creek,U11A,11,LV,
190,5/19/12,2:00 PM,LV Pine Creek,U11A,11,ABG,
21,5/19/12,10:00 AM,ST Wilson Park TEYSA,U15A,11,ST,
21,5/19/12,10:00 AM,ST Wilson Park TEYSA,U15A,11,ABG,
538,5/19/12,10:00 AM,UNV Patton MS 17,U11B,11,UNV1,
538,5/19/12,10:00 AM,UNV Patton MS 17,U11B,11,BYC2,
530,5/19/12,2:00 PM,WB Embreeville,U11B,11,WB,
530,5/19/12,2:00 PM,WB Embreeville,U11B,11,BYC3,
326,5/19/12,4:00 PM,WB Embreeville,U15B,11,WB,
326,5/19/12,4:00 PM,WB Embreeville,U15B,11,BYC,
521,5/19/12,10:00 AM,WC Kelly Field,U11B,10,WC,
521,5/19/12,10:00 AM,WC Kelly Field,U11B,11,AVG1,
424,5/19/12,12:00 PM,WC Kelly Field,U13B,11,WC1,
424,5/19/12,12:00 PM,WC Kelly Field,U13B,11,PHX,
323,5/19/12,2:00 PM,WC Kelly Field,U15B,11,WC2,
323,5/19/12,2:00 PM,WC Kelly Field,U15B,11,AVG,
142,5/19/12,4:00 PM,WC Kelly Field,U13A,11,WC,
142,5/19/12,4:00 PM,WC Kelly Field,U13A,11,BYC,
438,5/19/12,12:00 PM,WC Rustin HS,U13B,10,WC3,
438,5/19/12,12:00 PM,WC Rustin HS,U13B,12,ABG,
240,5/19/12,2:00 PM,WC Rustin HS,U13C,11,WC,
240,5/19/12,2:00 PM,WC Rustin HS,U13C,11,ABG,
52,5/19/12,4:00 PM,WC Rustin HS,U15A,11,WC,
52,5/19/12,4:00 PM,WC Rustin HS,U15A,11,AVG,
Blackout,5/20/12, ,PPL PARK !!,NCAA DIV I,1,AT,
Blackout,5/20/12, ,PPL PARK !!,NCAA DIV I,1,QTRFINALS,
412,5/21/12,6:30 PM,AVG Avon Grove HS,U13B,11,AVG1,
412,5/21/12,6:30 PM,AVG Avon Grove HS,U13B,11,AVG2,
393,5/21/12,6:30 PM,BYC Garnet Valley MS,U13B,12,BYC1,
393,5/21/12,6:30 PM,BYC Garnet Valley MS,U13B,12,WC4,
403,5/21/12,6:30 PM,KEN Kennett MS,U13B,11,KEN,
403,5/21/12,6:30 PM,KEN Kennett MS,U13B,13,UNV,
230,5/21/12,6:30 PM,KEN Legacy Field A,U13C,11,KEN,
230,5/21/12,6:30 PM,KEN Legacy Field A,U13C,12,WC,
279,5/21/12,6:30 PM,LV Pine Creek,U15B,12,LV2,
279,5/21/12,6:30 PM,LV Pine Creek,U15B,12,PHX,
336,5/21/12,6:30 PM,PHX PMYC,U13B,12,PHX,
336,5/21/12,6:30 PM,PHX PMYC,U13B,12,CVL,
368,5/21/12,6:30 PM,ST TE Middle Sch 2,U13B,12,ST2,
368,5/21/12,6:30 PM,ST TE Middle Sch 2,U13B,12,LV,
268,5/21/12,6:30 PM,WC Kelly Field,U15B,12,WC1,
268,5/21/12,6:30 PM,WC Kelly Field,U15B,12,COV,
216,5/22/12,6:30 PM,ASH Shipley Farm Field,U13C,11,ASH,
216,5/22/12,6:30 PM,ASH Shipley Farm Field,U13C,11,LV,
143,5/22/12,6:30 PM,AVG Harmony Park,U13A,12,AVG,
143,5/22/12,6:30 PM,AVG Harmony Park,U13A,12,WC,
234,5/22/12,6:30 PM,BYC Bethel Spr ES 12,U13C,11,BYC,
234,5/22/12,6:30 PM,BYC Bethel Spr ES 12,U13C,11,AVG,
145,5/22/12,6:30 PM,BYC Garnet Valley MS,U13A,12,BYC,
145,5/22/12,6:30 PM,BYC Garnet Valley MS,U13A,12,UNV,
348,5/22/12,6:30 PM,COV Batdorf Park,U13B,12,COV,
348,5/22/12,6:30 PM,COV Batdorf Park,U13B,12,GV,
74,5/22/12,6:30 PM,GV Great Valley MS,U13A,12,GV,
74,5/22/12,6:30 PM,GV Great Valley MS,U13A,12,CVL,
112,5/22/12,6:30 PM,KEN Legacy Field A,U13A,12,KEN,
112,5/22/12,6:30 PM,KEN Legacy Field A,U13A,12,ST1,
84,5/22/12,6:30 PM,LV Hoeffecker,U13A,12,LV2,
84,5/22/12,6:30 PM,LV Hoeffecker,U13A,12,COV,
446,5/22/12,6:30 PM,ST TE Middle Sch 2,U13B,12,ST1,
446,5/22/12,6:30 PM,ST TE Middle Sch 2,U13B,11,WC3,
103,5/22/12,6:30 PM,ST Wilson Park TEYSA,U13A,12,ST2,
103,5/22/12,6:30 PM,ST Wilson Park TEYSA,U13A,12,ASH,
377,5/22/12,6:30 PM,WC Kelly Field,U13B,12,WC1,
377,5/22/12,6:30 PM,WC Kelly Field,U13B,12,BYC2,
166,5/23/12,6:30 PM,ASH Lower Merion HS,U11A,11,ASH,
166,5/23/12,6:30 PM,ASH Lower Merion HS,U11A,11,ST,
180,5/23/12,6:30 PM,AVG Avon Grove HS,U11A,11,AVG,
180,5/23/12,6:30 PM,AVG Avon Grove HS,U11A,12,LV,
522,5/23/12,6:30 PM,AVG Harmony Park,U11B,11,AVG2,
522,5/23/12,6:30 PM,AVG Harmony Park,U11B,11,WC,
552,5/23/12,6:30 PM,BYC Bethel Spr ES 12,U11B,11,BYC1,
552,5/23/12,6:30 PM,BYC Bethel Spr ES 12,U11B,11,KEN1,
492,5/23/12,6:30 PM,COV OJR HS,U11B,11,COV2,
492,5/23/12,6:30 PM,COV OJR HS,U11B,11,LV3,
513,5/23/12,6:30 PM,GV Great Valley MS,U11B,11,GV,
513,5/23/12,6:30 PM,GV Great Valley MS,U11B,11,LV2,
573,5/23/12,6:30 PM,KEN Legacy Field B,U11B,11,KEN2,
573,5/23/12,6:30 PM,KEN Legacy Field B,U11B,11,AVG3,
462,5/23/12,6:30 PM,LV Eagleview 1,U11B,11,LV1,
462,5/23/12,6:30 PM,LV Eagleview 1,U11B,11,CVL1,
487,5/23/12,6:30 PM,PHX PMYC,U11B,11,PHX,
487,5/23/12,6:30 PM,PHX PMYC,U11B,11,COV1,
471,5/23/12,6:30 PM,ST TE Middle Sch 1,U11B,11,ST,
471,5/23/12,6:30 PM,ST TE Middle Sch 1,U11B,11,CVL2,
184,5/23/12,6:30 PM,WB Embreeville,U11A,11,WB,
184,5/23/12,6:30 PM,WB Embreeville,U11A,11,BYC,
26,5/24/12,6:30 PM,ABG Huntingdon Upper,U15A,12,ABG,
26,5/24/12,6:30 PM,ABG Huntingdon Upper,U15A,12,BYC,
327,5/24/12,6:30 PM,AVG Harmony Park,U15B,12,AVG,
327,5/24/12,6:30 PM,AVG Harmony Park,U15B,12,WB,
329,5/24/12,6:30 PM,BYC Garnet Valley MS,U15B,12,BYC,
329,5/24/12,6:30 PM,BYC Garnet Valley MS,U15B,11,UNV,
19,5/24/12,7:00 PM,COV OJR HS,U15A,12,COV,
19,5/24/12,7:00 PM,COV OJR HS,U15A,12,AVG,
46,5/24/12,6:30 PM,GV Great Valley MS,U15A,12,GV,
46,5/24/12,6:30 PM,GV Great Valley MS,U15A,12,WC,
296,5/24/12,6:30 PM,KEN Legacy Field B,U15B,12,KEN,
296,5/24/12,6:30 PM,KEN Legacy Field B,U15B,12,ST,
287,5/24/12,6:30 PM,LV Pine Creek,U15B,12,LV1,
287,5/24/12,6:30 PM,LV Pine Creek,U15B,12,ASH,
35,5/24/12,6:30 PM,ST Wilson Park TEYSA,U15A,12,ST,
35,5/24/12,6:30 PM,ST Wilson Park TEYSA,U15A,12,LV,
8,5/24/12,6:30 PM,WB Downingtown MS,U15A,12,WB,
8,5/24/12,6:30 PM,WB Downingtown MS,U15A,12,CVL,
258,5/24/12,6:30 PM,WC Kelly Field,U15B,12,WC2,
258,5/24/12,6:30 PM,WC Kelly Field,U15B,12,CVL,
Make-up 1,5/25/12,6:30PM,TBA,ONLY,1,NEEDED,
Make-up 1,5/25/12,6:30PM,TBA,ONLY,1,IF,
Blackout,5/26/12,,,MEMORIAL,1,WEEKEND,
Blackout,5/26/12,,,MEMORIAL,1,DAY,
Blackout,5/27/12,,,MEMORIAL,2,WEEKEND,
Blackout,5/27/12,,,MEMORIAL,2,DAY,
Blackout,5/28/12,,,MEMORIAL,3,WEEKEND,
Blackout,5/28/12,,,MEMORIAL,3,DAY,
Make-up 2,5/29/12,6:30PM,TBA,ONLY,2,NEEDED,
Make-up 2,5/29/12,6:30PM,TBA,ONLY,2,IF,
Playoff 1,5/30/12,6:30 PM,TBA: Playoff Round 1,U13B,1,TBA,
Playoff 1,5/30/12,6:30 PM,TBA: Playoff Round 1,U13B,2,TBA,
Playoff 1,5/30/12,6:30 PM,TBA: Playoff Round 1,U13A,1,TBA,
Playoff 1,5/30/12,6:30 PM,TBA: Playoff Round 1,U13A,2,TBA,
Playoff 1,5/31/12,6:30 PM,TBA: Playoff Round 1,U15B,1,TBA,
Playoff 1,5/31/12,6:30 PM,TBA: Playoff Round 1,U15B,2,TBA,
Playoff 1,5/31/12,6:30 PM,TBA: Playoff Round 1,U15A,1,TBA,
Playoff 1,5/31/12,6:30 PM,TBA: Playoff Round 1,U15A,2,TBA,
Playoff 2,6/2/12,6:30 PM,TBA: Playoff Round 2,U13B,3,TBA,
Playoff 2,6/2/12,6:30 PM,TBA: Playoff Round 2,U13B,4,TBA,
Playoff 2,6/2/12,6:30 PM,TBA: Playoff Round 2,U13A,3,TBA,
Playoff 2,6/2/12,6:30 PM,TBA: Playoff Round 2,U13A,4,TBA,
Playoff 2,6/3/12,6:30 PM,TBA: Playoff Round 2,U15B,3,TBA,
Playoff 2,6/3/12,6:30 PM,TBA: Playoff Round 2,U15B,4,TBA,
Playoff 2,6/3/12,6:30 PM,TBA: Playoff Round 2,U15A,3,TBA,
Playoff 2,6/3/12,6:30 PM,TBA: Playoff Round 2,U15A,4,TBA,
Champ,6/5/12,6:30 PM,USTC: Championship,U13B,5,TBA,
Champ,6/5/12,6:30 PM,USTC: Championship,U13B,6,TBA,
Champ,6/5/12,8:00 PM,USTC: Championship,U13A,5,TBA,
Champ,6/5/12,8:00 PM,USTC: Championship,U13A,6,TBA,
Champ,6/6/12,6:30 PM,USTC: Championship,U15B,5,TBA,
Champ,6/6/12,6:30 PM,USTC: Championship,U15B,6,TBA,
Champ,6/6/12,8:00 PM,USTC: Championship,U15A,5,TBA,
Champ,6/6/12,8:00 PM,USTC: Championship,U15A,6,TBA,
,,,,,1,,
,,,,,2,,
,,,,,3,,
,,,,,4,,
,,,,,5,,
,,,,,6,,
,,,,,7,,
,,,,,8,,
,,,,,9,,
,,,,,10,,
,,,,,11,,
,,,,,12,,
,,,,,13,,
,,,,,14,,
,,,,,15,,
,,,,,16,,
,,,,,17,,
,,,,,18,,
,,,,,19,,
,,,,,20,,
