GAME,DATE,time,field,bracket,ROUND,team,score
,,8:00 AM,Tinicum #1,White,,Springfield Warriors,
,,8:00 AM,Tinicum #2,White,,BYC Chaos,
,,8:00 AM,Edgewood,White,,Springfield Shamrocks,
,,8:00 AM,Mann,White,,Montgomery Juventus,
,,8:00 AM,Catania Park #1,Green,,GVSC Hot Shots,
,,8:00 AM,Catania Park #2,Green,,Aston Lightning,
,,8:00 AM,RHS #1,White,,BYC Whales,
,,8:00 AM,Tinicum #3,Green,,WCU Eagles,
,,8:00 AM,RHS #3,White,,Haverford Spirit,
,,8:00 AM,RHS #4,White,,White Clay Firehawks,
,,8:00 AM,RHS #6,,,Aston Avalanche,
,,8:00 AM,RMS Upper,Green,,Aston Strikers,
,,8:00 AM,RHS #2,Green,,RUSC Rockers,
,,9:00 AM,Tinicum #1,Green,,Springfield Celtic,
,,9:00 AM,Tinicum #2,Green,,BYC United,
,,9:00 AM,Edgewood,White,,Aston Devils,
,,9:00 AM,Mann,White,,BYC Explosion,
,,9:00 AM,Catania Park #1,White,,MNSA Crush,
,,9:00 AM,Catania Park #2,White,,Springfield Sparks,
,,9:00 AM,RHS #1,White,,GVSC Griffins,
,,9:00 AM,Tinicum #3,Green,,BYC Cobras,
,,9:00 AM,RHS #6,,,White Clay Lightning,
,,9:00 AM,RHS #3,Green,,Interboro Thunder,
,,9:00 AM,RHS #4,Green,,Montgomery Revolution,
,,9:00 AM,RMS Upper,Green,,BYC Blaze,
,,9:00 AM,RHS #5,Green,,BYC Spartaks,
,,9:00 AM,Interboro JV,White,,GVSC Stealth,
,,9:00 AM,Interboro Varsity,White,,Rose Tree Outlawz,
,,9:00 AM,RMS Lower,Green,,BYC Galaxy,
,,9:00 AM,Amosland,,,Rose Tree Strikers,
,,9:00 AM,RHS #2,Green,,RUSC Rhinos,
,,10:00 AM,Edgewood,Green,,BYC Tigers,
,,10:00 AM,Mann,Green,,Haverford Red,
,,10:00 AM,Catania Park #1,Green,,Towamencin Titans,
,,10:00 AM,Catania Park #2,Green,,FC York,
,,10:00 AM,RHS #1,White,,RUSC Storm,
,,10:00 AM,Tinicum #3,Green,,BYC Fury,
,,10:00 AM,Tinicum #1,Green,,Haverford Revolution,
,,10:00 AM,Tinicum #2,Green,,Amity AC Storm,
,,10:00 AM,RHS #6,,,Rose Tree Breeze,
,,10:00 AM,RHS #3,White,,Haverford Red Flash,
,,10:00 AM,RHS #4,White,,Blue White '10 SC Panthers,
,,10:00 AM,Interboro JV,,,HFC United,
,,10:00 AM,Interboro Varsity,,,Aston Storm,
,,10:00 AM,RMS Upper,Green,,Rose Tree Rebels,
,,10:00 AM,RHS #5,Green,,Aston Fury,
,,10:00 AM,RMS Lower,Green,,Harford FC Lazers United,
,,10:00 AM,Amosland,,,RUSC Young Guns,
,,10:00 AM,RHS #2,Green,,BYC Strikers,
,,11:00 AM,Tinicum #1,White,,Interboro Bucs,
,,11:00 AM,Tinicum #2,White,,BYC Chaos,
,,11:00 AM,Edgewood,White,,Springfield Shamrocks,
,,11:00 AM,Mann,White,,RUSC Rage,
,,11:00 AM,Catania Park #1,Green,,RUSC Rebels,
,,11:00 AM,Catania Park #2,Green,,Aston Lightning,
,,11:00 AM,RHS #1,White,,Springfield Chargers,
,,11:00 AM,Tinicum #3,Green,,Aston Rage,
,,11:00 AM,RHS #3,White,,RUSC Stingers,
,,11:00 AM,RHS #4,White,,White Clay Firehawks,
,,11:00 AM,RHS #6,,,RUSC Rolling Thunder,
,,11:00 AM,RMS Upper,Green,,Harford FC United,
,,11:00 AM,Interboro JV,White,,GVSC Stealth,
,,11:00 AM,Interboro Varsity,White,,RUSC Rebels,
,,11:00 AM,RHS #2,Green,,Chicester SC Cheetahs,
,,12:00 PM,Tinicum #1,Green,,RUSC Rams,
,,12:00 PM,Tinicum #2,Green,,BYC United,
,,12:00 PM,Edgewood,White,,RUSC Raiders,
,,12:00 PM,Mann,White,,BYC Explosion,
,,12:00 PM,Catania Park #1,White,,RUSC Revenge,
,,12:00 PM,Catania Park #2,White,,Springfield Sparks,
,,12:00 PM,RHS #1,White,,HSC Tornadoes,
,,12:00 PM,Tinicum #3,Green,,HFC Defazio United,
,,12:00 PM,RHS #6,,,Nether Lenape Thunder,
,,12:00 PM,RHS #3,Green,,Springfield Sizzle,
,,12:00 PM,RHS #4,Green,,Montgomery Revolution,
,,12:00 PM,Interboro JV,,,HFC United,
,,12:00 PM,Interboro Varsity,,,Lionville Kixx,
,,12:00 PM,RMS Upper,Green,,RUSC Rockets,
,,12:00 PM,RHS #5,Green,,RUSC Dynamite,
,,12:00 PM,RMS Lower,Green,,RUSC Strikers,
,,12:00 PM,Amosland,,,Aston Revolution,
,,12:00 PM,RHS #2,Green,,West Deptford Storm,
,,1:00 PM,Edgewood,Green,,BYC Tigers,
,,1:00 PM,Mann,Green,,RUSC Rampage,
,,1:00 PM,Catania Park #1,Green,,BYC Strikers,
,,1:00 PM,Catania Park #2,Green,,FC York,
,,1:00 PM,RHS #1,White,,HFC United - White,
,,1:00 PM,Tinicum #3,Green,,Rose Tree Thunder,
,,1:00 PM,Tinicum #1,Green,,RUSC Rumble,
,,1:00 PM,Tinicum #2,Green,,Amity AC Storm,
,,1:00 PM,RHS #6,,,Springfield Storm,
,,1:00 PM,RHS #3,White,,Haverford Red Flash,
,,1:00 PM,RHS #4,White,,RUSC Revolution,
,,1:00 PM,RMS Upper,Green,,Bel Air FC Blaze,
,,1:00 PM,RHS #5,Green,,Aston Fury,
,,1:00 PM,Interboro JV,White,,Interboro Wizards,
,,1:00 PM,Interboro Varsity,White,,RUSC Rebels,
,,1:00 PM,RMS Lower,Green,,Harford FC Lazers United,
,,1:00 PM,Amosland,,,RUSC Young Guns,
,,1:00 PM,RHS #2,Green,,Harleysville Valencia,
,,2:00 PM,Tinicum #1,White,,Interboro Bucs,
,,2:00 PM,Tinicum #2,White,,Aston United,
,,2:00 PM,Edgewood,White,,MNSA Ambush,
,,2:00 PM,Mann,White,,RUSC Rage,
,,2:00 PM,Catania Park #1,Green,,RUSC Rebels,
,,2:00 PM,Catania Park #2,Green,,LMSC Liberty,
,,2:00 PM,RHS #3,White,,RUSC Stingers,
,,2:00 PM,RHS #4,White,,Rose Tree Fireworks,
,,2:00 PM,Interboro JV,,,BYC Dragons,
,,2:00 PM,Interboro Varsity,,,Lionville Kixx,
,,2:30 PM,Tinicum #3,Green,,3rd Place Pool B,
,,2:30 PM,RHS #6,,,3rd Place Pool B,
,,2:30 PM,RHS #1,White,,3rd Place Pool B,
,,2:30 PM,RMS Upper,Green,,3rd Place Pool B,
,,2:30 PM,RHS #2,Green,,3rd Place Pool B,
,,3:00 PM,Tinicum #1,Green,,RUCS Rams,
,,3:00 PM,Tinicum #2,Green,,Haverford Heat Wave,
,,3:00 PM,Edgewood,White,,RUSC Raiders,
,,3:00 PM,Mann,White,,Interboro Bucs,
,,3:00 PM,Catania Park #1,White,,RUSC Revenge,
,,3:00 PM,Catania Park #2,White,,Haverford Wildcats,
,,3:00 PM,RHS #3,Green,,Springfield Sizzle,
,,3:00 PM,RHS #4,Green,,Haverford Lightning,
,,3:00 PM,RHS #5,Green,,RUSC Dynamite,
,,3:00 PM,RMS Lower,Green,,RUSC Strikers,
,,3:00 PM,Amosland,,,Aston Revolution,
,,3:30 PM,Tinicum #3,Green,,2nd Place Pool B,
,,3:30 PM,RHS #6,,,2nd Place Pool B,
,,3:30 PM,RHS #1,White,,2nd Place Pool B,
,,3:30 PM,RMS Upper,Green,,2nd Place Pool B,
,,3:30 PM,RHS #2,Green,,2nd Place Pool B,
,,4:00 PM,Edgewood,Green,,Haverford Blackout,
,,4:00 PM,Mann,Green,,RUSC Rampage,
,,4:00 PM,Catania Park #1,Green,,BYC Strikers,
,,4:00 PM,Catania Park #2,Green,,BYC Blue Sharks,
,,4:00 PM,Tinicum #1,Green,,RUSC Rumble,
,,4:00 PM,Tinicum #2,Green,,Springfield Sharks,
,,4:00 PM,RHS #3,White,,Lower Merion Fear,
,,4:00 PM,RHS #4,White,,RUSC Revolution,
,,4:00 PM,RHS #5,Green,,FC York 99 Elite,
,,4:00 PM,RMS Lower,Green,,West Mont United Union,
,,4:00 PM,Amosland,,,Towamencin Thrashers,
,,4:30 PM,Tinicum #3,Green,,1st Place Pool B,
,,4:30 PM,RHS #6,,,1st Place Pool B,
,,4:30 PM,RHS #1,White,,1st Place Pool B,
,,4:30 PM,RMS Upper,Green,,1st Place Pool B,
,,4:30 PM,RHS #2,Green,,1st Place Pool B,
