GAME,date,time,field,bracket,ROUND,team,SCORE
,04/11/2015,9:00 AM,Wissahickon,A3,,Horsham A3,
,04/11/2015,9:00 AM,CCLC,B3,,Souderton B3,
,04/11/2015,9:00 AM,CBAA 2,B2,,Boyertown B2,
,04/11/2015,9:00 AM,William Penn Middle Scho,A3,,Lansing A3,
,04/11/2015,9:30 AM,Haven - King Field Turf,A3,,Radnor Maroon A3,
,04/11/2015,10:00 AM,Twin Oaks Day Camp Field,B2,,Souderton B2,
,04/11/2015,10:00 AM,St Joe - Mary St,A2,,Aston A2,
,04/11/2015,10:00 AM,Gauntlett Center,A1,,Warriors A1,
,04/11/2015,10:00 AM,Spartan,B3,,North Penn B3,
,04/11/2015,10:00 AM,Wissahickon,A1,,Conshohocken A1,
,04/11/2015,10:30 AM,Nathaniel Boileau Park,B3,,Council Rock B3,
,04/11/2015,10:30 AM,CBAA 1,A1A,,Council Rock A1A,
,04/11/2015,10:30 AM,Deep Run,A1,,Boyertown A1,
,04/11/2015,10:30 AM,CCLC,A1A,,Springfield A1A,
,04/11/2015,10:30 AM,CBAA 2,B1A,,Boyertown B1A,
,04/11/2015,10:30 AM,Cedar Hill Park,B1,,Warriors B1,
,04/11/2015,10:30 AM,Souderton,A2,,Council Rock White A2,
,04/11/2015,10:30 AM,William Penn Middle Scho,A3,,Warriors A3,
,04/11/2015,10:30 AM,Perk Valley Middle Schoo,A1,,Horsham A1,
,04/11/2015,10:30 AM,Brooke Elementary School,A3,,North Penn A3,
,04/11/2015,11:00 AM,Haven - King Field Turf,A1,,Ashbee A1,
,04/11/2015,11:30 AM,Spartan,A1,,North Penn A1,
,04/11/2015,11:45 AM,Gauntlett Center,A3,,Haverford A3,
,04/11/2015,12:00 PM,Cedar Hill Park,B3,,Lansing B3,
,04/11/2015,12:00 PM,PMYC Clubhouse Field,B2,,Deep Run B2,
,04/11/2015,12:00 PM,Souderton,A2,,Phoenixville A2,
,04/11/2015,12:00 PM,Harriton 1,B1A,,Springfield B1A,
,04/11/2015,12:00 PM,CCLC,A2,,Council Rock Blue A2,
,04/11/2015,12:00 PM,William Penn Middle Scho,A2,,Warriors A2,
,04/11/2015,12:00 PM,Perk Valley Middle Schoo,B3,,Wissahickon Blue B3,
,04/11/2015,12:00 PM,CBAA 1,A1,,Calvary A1,
,04/11/2015,12:00 PM,Deep Run,A2,,Boyertown A2,
,04/11/2015,12:00 PM,Moorestown,B1A,,Radnor B1A,
,04/11/2015,12:00 PM,Nathaniel Boileau Park,A3,,Council Rock  A3,
,04/11/2015,12:00 PM,Prevost Field,A3,,Ashbee A3,
,04/11/2015,12:00 PM,CBAA 2,B3,,Boyertown B3,
,04/11/2015,12:00 PM,Brooke Elementary School,A2,,North Penn A2,
,04/11/2015,1:00 PM,Spartan,B1,,North Penn B1,
,04/11/2015,1:30 PM,Nathaniel Boileau Park,B2,,Council Rock B2,
,04/11/2015,1:30 PM,CBAA 1,A3,,Perkiomen Valley A3,
,04/11/2015,1:30 PM,CBAA 2,B1,,Calvary B1,
,04/11/2015,1:30 PM,CBAA 2,B1,,Calvary B1,
,04/11/2015,1:30 PM,CBAA 2,B1,,Calvary B1,
,04/11/2015,1:30 PM,Brooke Elementary,B1A,,Crooked Crosse B1A,
,04/11/2015,1:30 PM,William Penn Middle Scho,B3,,Warriors White B3,
,04/11/2015,3:00 PM,Brooke Elementary School,B3,,New Hope B3,
,04/11/2015,3:00 PM,William Penn Middle Scho,B3,,Wariors Blue B3,
,04/11/2015,3:00 PM,Ridley Municipal Park,B2,,Drexel Hill B2,
,04/12/2015,10:30 AM,Newtown Elementary,B2,,CBAA B2,
,04/12/2015,10:30 AM,Boyertown,B1A,,Wissahickon B1A,
,04/12/2015,11:00 AM,CCLC,B1A,,Perkiomen Valley B1A,
,04/12/2015,12:00 PM,Deep Run,A1,,North Penn A1,
,04/12/2015,12:00 PM,Springfield - Church Rd,B1A,,Moorestown B1A,
,04/12/2015,12:00 PM,Nathaniel Boileau Park,A3,,North Penn A3,
,04/12/2015,12:00 PM,Newtown Elementary,B3,,Spartan B3,
,04/12/2015,12:00 PM,Calvary AA,B1,,Warriors B1,
,04/12/2015,12:00 PM,Cedar Hill Park,A3,,Spring-Ford A3,
,04/12/2015,12:00 PM,Abraham Lincoln High Sch,B3,,Wariors Blue B3,
,04/12/2015,12:00 PM,Boyertown,B3,,Wissahickon Gold B3,
,04/12/2015,12:00 PM,CBAA 2,B1A,,Spring-Ford B1A,
,04/12/2015,12:00 PM,Twin Oaks Day Camp Field,B3,,Lower Bucks Blue B3,
,04/12/2015,12:00 PM,Perk Valley Middle Schoo,B3,,Upper Moreland B3,
,04/12/2015,12:00 PM,Lower Merion - Grass,B1A,,Rose Tree B1A,
,04/12/2015,12:00 PM,Hardy Bush Fields,B3,,Wissahickon Blue B3,
,04/12/2015,12:00 PM,William Penn Middle Scho,A2,,Spring-Ford A2,
,04/12/2015,12:30 PM,CCLC,A2,,Phoenixville A2,
,04/12/2015,1:00 PM,Haverford,B3,,Radnor White B3,
,04/12/2015,1:00 PM,Heuser Field 1,C2,,Haven C2,
,04/12/2015,1:00 PM,Encke Field,B2,,Haverford B2,
,04/12/2015,1:00 PM,Rose Tree,C,,Ridley C,
,04/12/2015,1:00 PM,Aston (Pennell Field),B3,,Rose Tree B3,
,04/12/2015,1:00 PM,Conshohocken,B2,,Marple Newtown B2,
,04/12/2015,1:00 PM,Drexel Hill,A2,,Radnor A2,
,04/12/2015,1:00 PM,Interboro,A2,,Rose Tree A2,
,04/12/2015,1:00 PM,Haven - King Field Turf,B1,,Radnor B1,
,04/12/2015,1:00 PM,Radnor Memorial Park,A1A,,Haverford A1A,
,04/12/2015,1:00 PM,Episcopal Academy Turf,B3,,Radnor Maroon B3,
,04/12/2015,1:30 PM,CBAA 2,B3,,Spring-Ford B3,
,04/12/2015,1:30 PM,PMYC Clubhouse Field,B2,,Upper Moreland B2,
,04/12/2015,1:30 PM,Abraham Lincoln High Sch,B2,,Warriors B2,
,04/12/2015,1:30 PM,Cedar Hill Park,A1,,Spartan A1,
,04/12/2015,1:30 PM,William Penn Middle Scho,B1,,Horsham B1,
,04/12/2015,1:30 PM,Perk Valley Middle Schoo,A3,,Wissahickon A3,
,04/12/2015,1:30 PM,Twin Oaks Day Camp Field,A3,,Calvary A3,
,04/12/2015,1:30 PM,Newtown Elementary,B1,,Spartan B1,
,04/12/2015,1:30 PM,Calvary AA,A1,,Perkiomen Valley A1,
,04/12/2015,1:30 PM,Deep Run,A2,,North Penn A2,
,04/12/2015,1:45 PM,Springfield - Church Rd,B2,,Ashbee B2,
,04/12/2015,1:45 PM,Lower Merion - Grass,B1,,Springfield B1,
,04/12/2015,2:00 PM,Souderton,B3,,North Penn B3,
,04/12/2015,2:45 PM,EA Stadium Turf,C2,,Aston C2,
,04/12/2015,2:45 PM,Haven - King Field Turf,B3,,Ridley B3,
,04/12/2015,2:45 PM,Radnor Memorial Park,B1A,,Haverford B1A,
,04/12/2015,2:45 PM,Episcopal Academy Turf,C,,Upper Merion C,
,04/12/2015,2:45 PM,Encke Field,C1,,Springfield C1,
,04/12/2015,2:45 PM,Interboro,B1,,Ridley B1,
,04/12/2015,2:45 PM,Drexel Hill,C2,,Conshohocken C2,
,04/12/2015,3:00 PM,CBAA 1,A3,,Lower Bucks Blue A3,
,04/12/2015,3:00 PM,Deep Run,B1,,North Penn B1,
,04/12/2015,3:00 PM,Newtown Elementary,A2,,Souderton White A2,
,04/12/2015,3:00 PM,Ridley Municipal Park,A1,,Lower Bucks A1,
,04/12/2015,3:00 PM,Boyertown,B2,,Wissahickon B2,
,04/12/2015,3:00 PM,William Penn Middle Scho,B3,,Horsham B3,
,04/12/2015,3:30 PM,Springfield - Church Rd,Green,,Ridley C2 Green,
,04/12/2015,4:30 PM,Haverford,C,,Haven C,
,04/12/2015,4:30 PM,Ridley Municipal Park,A3,,Springfield A3,
,04/12/2015,4:30 PM,Newtown Elementary,A2,,Souderton Red A2,
,04/12/2015,4:30 PM,Deep Run,B2,,Souderton B2,
,04/12/2015,4:30 PM,Interboro,C,,Ashbee C,
,04/12/2015,4:30 PM,Boyertown,A2,,Warriors A2,
,04/18/2015,10:00 AM,Aston (Pennell Field),A2,,Interboro A2,
,04/18/2015,10:00 AM,Conshohocken,A1,,Warriors A1,
,04/18/2015,10:00 AM,Rose Tree,A2,,Drexel Hill A2,
,04/18/2015,10:00 AM,Ridley Municipal Park,A1,,Haven A1,
,04/18/2015,10:00 AM,Heuser Field 1,A2,,StJoes A2,
,04/18/2015,10:00 AM,Gauntlett Center,A1,,Lower Bucks A1,
,04/18/2015,10:00 AM,Twin Oaks Day Camp Field,A3,,Upper Moreland A3,
,04/18/2015,10:30 AM,Brooke Elementary School,A3,,Council Rock  A3,
,04/18/2015,10:30 AM,William Penn Middle Scho,A3,,North Penn A3,
,04/18/2015,10:30 AM,Springfield - Sabold,A1A,,Moorestown A1A,
,04/18/2015,10:30 AM,Wissahickon,B2,,Phoenixville B2,
,04/18/2015,10:30 AM,Boyertown,A1,,Horsham A1,
,04/18/2015,10:30 AM,Boyertown,B1A,,Spring-Ford B1A,
,04/18/2015,10:30 AM,Cedar Hill Park,A3,,Lansing A3,
,04/18/2015,10:30 AM,Perk Valley MS west,B1A,,Wissahickon B1A,
,04/18/2015,10:30 AM,Deep Run,A1,,Spartan A1,
,04/18/2015,10:30 AM,CBAA 1,A1A,,Radnor A1A,
,04/18/2015,10:30 AM,Nathaniel Boileau Park,B3,,CBAA B3,
,04/18/2015,10:30 AM,Newtown Elementary,B3,,Souderton B3,
,04/18/2015,11:00 AM,Spartan,B1,,Lower Bucks B1,
,04/18/2015,11:00 AM,Hardy Bush Fields,B3,,Perkiomen Valley B3,
,04/18/2015,11:00 AM,Haverford High School,B1A,,Rose Tree B1A,
,04/18/2015,11:45 AM,Ridley Municipal Park,A3,,Radnor White A3,
,04/18/2015,12:00 PM,Abraham Lincoln High Sch,B3,,Wissahickon Gold B3,
,04/18/2015,12:00 PM,PMYC Clubhouse Field,A2,,Souderton White A2,
,04/18/2015,12:00 PM,Boyertown,A2,,Council Rock White A2,
,04/18/2015,12:00 PM,CBAA 1,A1,,Perkiomen Valley A1,
,04/18/2015,12:00 PM,Deep Run,B1,,Council Rock B1,
,04/18/2015,12:00 PM,CCLC,A2,,Souderton Red A2,
,04/18/2015,12:00 PM,Nathaniel Boileau Park,B2,,CBAA B2,
,04/18/2015,12:00 PM,William Penn Middle Scho,A2,,North Penn A2,
,04/18/2015,12:00 PM,Shipley Farms 1,A1,,Wissahickon A1,
,04/18/2015,12:00 PM,Perk Valley Middle Schoo,A3,,Lower Bucks White A3,
,04/18/2015,12:00 PM,Brooke Elementary School,A2,,Council Rock Blue A2,
,04/18/2015,12:15 PM,Springfield - Sabold,A3,,Radnor Maroon A3,
,04/18/2015,12:30 PM,Spartan,B3,,Lower Bucks Blue B3,
,04/18/2015,12:30 PM,Haverford High School,A1A,,Council Rock A1A,
,04/18/2015,1:00 PM,Twin Oaks Day Camp Field,A2,,Deep Run A2,
,04/18/2015,1:30 PM,Brooke Elementary School,B3,,Crooked Crosse B3,
,04/18/2015,1:30 PM,William Penn Middle Scho,B3,,North Penn B3,
,04/18/2015,1:30 PM,Ridley Municipal Park,B1,,Haven B1,
,04/18/2015,1:30 PM,Deep Run,B2,,Council Rock B2,
,04/18/2015,1:30 PM,Boyertown,B3,,Warriors White B3,
,04/18/2015,1:45 PM,Shipley Farms 1,A3,,Marple Newtown A3,
,04/18/2015,2:15 PM,Haverford High School,A3,,Haven A3,
,04/18/2015,3:00 PM,Boyertown,B2,,Warriors B2,
,04/18/2015,3:15 PM,Ridley Municipal Park,C2,,Marple Newtown C2,
,04/18/2015,3:30 PM,Calvary AA,A3,,Wissahickon A3,
,04/19/2015,9:30 AM,Brooke Elementary,B1A,,Haverford B1A,
,04/19/2015,10:30 AM,CBAA 2,B1,,Horsham B1,
,04/19/2015,10:30 AM,CBAA 2,B1,,Horsham B1,
,04/19/2015,10:30 AM,CBAA 2,B1,,Horsham B1,
,04/19/2015,10:30 AM,Boyertown,B1A,,Ashbee B1A,
,04/19/2015,10:30 AM,Newtown Elementary,A1A,,Crooked Crosse A1A,
,04/19/2015,11:00 AM,CCLC,B3,,North Penn B3,
,04/19/2015,12:00 PM,Newtown Elementary,A3,,Council Rock  A3,
,04/19/2015,12:00 PM,Nathaniel Boileau Park,A3,,Horsham A3,
,04/19/2015,12:00 PM,Wissahickon,B1A,,Springfield B1A,
,04/19/2015,12:00 PM,Moorestown,B1A,,CBAA B1A,
,04/19/2015,12:00 PM,Abraham Lincoln High Sch,B3,,CBAA B3,
,04/19/2015,12:00 PM,Penncrest  HS Field 9,B1A,,Crooked Crosse B1A,
,04/19/2015,12:00 PM,Perk Valley MS west,B1A,,Radnor B1A,
,04/19/2015,12:00 PM,Souderton,B3,,New Hope B3,
,04/19/2015,12:00 PM,William Penn Middle Scho,A3,,Spring-Ford A3,
,04/19/2015,12:00 PM,Twin Oaks Day Camp Field,A2,,Crooked Crosse A2,
,04/19/2015,1:00 PM,Lower Merion - Grass,B2,,Ridley B2,
,04/19/2015,1:00 PM,Episcopal Academy Turf,B1,,Interboro B1,
,04/19/2015,1:00 PM,Encke Field,A1A,,Radnor A1A,
,04/19/2015,1:00 PM,Prevost Field,B3,,Haven B3,
,04/19/2015,1:00 PM,Haven - King Field Turf,C,,Rose Tree C,
,04/19/2015,1:00 PM,Aston (Pennell Field),C2,,Drexel Hill C2,
,04/19/2015,1:00 PM,Conshohocken,C2,,Upper Merion C2,
,04/19/2015,1:00 PM,Drexel Hill,B2,,Radnor B2,
,04/19/2015,1:00 PM,Springfield - Church Rd,C,,Marple Newtown C,
,04/19/2015,1:00 PM,Haverford,A1A,,Moorestown A1A,
,04/19/2015,1:00 PM,Heuser Field 1,B2,,Springfield B2,
,04/19/2015,1:30 PM,Nathaniel Boileau Park,B3,,Horsham B3,
,04/19/2015,1:30 PM,Wissahickon,B3,,Boyertown B3,
,04/19/2015,1:30 PM,Abraham Lincoln High Sch,A3,,CBAA A3,
,04/19/2015,1:30 PM,PMYC Clubhouse Field,B2,,Boyertown B2,
,04/19/2015,1:30 PM,Twin Oaks Day Camp Field,B3,,Council Rock B3,
,04/19/2015,1:30 PM,Perk Valley Middle Schoo,B3,,Lower Bucks White B3,
,04/19/2015,1:30 PM,William Penn Middle Scho,B3,,Spring-Ford B3,
,04/19/2015,1:30 PM,Souderton,B2,,Lansing B2,
,04/19/2015,2:30 PM,Haven - King Field Turf,C2,,Springfield C2,
,04/19/2015,2:45 PM,Prevost Field,B3,,Rose Tree B3,
,04/19/2015,2:45 PM,Episcopal Academy Turf,B3,,Haverford B3,
,04/19/2015,2:45 PM,Lower Merion - Grass,C,,Haverford C,
,04/19/2015,2:45 PM,Heuser Field 1,C,,Interboro Black C,
,04/19/2015,2:45 PM,Encke Field,B1,,Asbee B1,
,04/19/2015,2:45 PM,Haverford,B1,,Conshohocken B1,
,04/19/2015,3:00 PM,Ridley Municipal Park,B3,,Aston B3,
,04/19/2015,3:00 PM,Deep Run,B1,,Calvary B1,
,04/19/2015,3:00 PM,Wissahickon,B3,,Spartan B3,
,04/19/2015,3:00 PM,Perk Valley Middle Schoo,A1,,Boyertown A1,
,04/19/2015,3:00 PM,William Penn Middle Scho,B1,,Warriors B1,
,04/19/2015,3:30 PM,Calvary AA,A3,,Perkiomen Valley A3,
,04/19/2015,4:30 PM,Wissahickon,B2,,Warriors B2,
,04/19/2015,4:45 PM,Ridley Municipal Park,C,,Radnor C,
,04/25/2015,9:00 AM,Cedar Hill Park,A3,,CBAA A3,
,04/25/2015,9:00 AM,William Penn Middle Scho,A3,,Council Rock  A3,
,04/25/2015,9:00 AM,Pennbrook Middle School,A3,,Wissahickon A3,
,04/25/2015,9:00 AM,Radnor High School,A1A,,Moorestown A1A,
,04/25/2015,10:00 AM,Middletown Comm Park,A1,,Conshohocken A1,
,04/25/2015,10:00 AM,Wissahickon,A1,,Warriors A1,
,04/25/2015,10:00 AM,Drexel Hill,A2,,Aston A2,
,04/25/2015,10:00 AM,Interboro,A2,,UpperMerion A2,
,04/25/2015,10:00 AM,Rose Tree,A2,,Rose Tree A2,
,04/25/2015,10:00 AM,Gauntlett Center,A3,,Ridley A3,
,04/25/2015,10:00 AM,Haven - King Field Turf,A1,,Marple A1,
,04/25/2015,10:00 AM,Twin Oaks Day Camp Field,A3,,Perkiomen Valley A3,
,04/25/2015,10:30 AM,William Penn Middle Scho,A2,,Boyertown A2,
,04/25/2015,10:30 AM,Pennbrook Middle School,A1,,Boyertown A1,
,04/25/2015,10:30 AM,Cedar Hill Park,A1,,CBAA A1,
,04/25/2015,10:30 AM,CCLC,A1A,,CBAA  A1A,
,04/25/2015,10:30 AM,Newtown Elementary,A2,,Crooked Crosse A2,
,04/25/2015,10:45 AM,Radnor Memorial Park,A3,,Haverford A3,
,04/25/2015,11:00 AM,Nathaniel Boileau Park,A3,,Lower Bucks Blue A3,
,04/25/2015,11:30 AM,Spartan,A1,,Perkiomen Valley A1,
,04/25/2015,11:30 AM,Twin Oaks Day Camp Field,A2,,Souderton Red A2,
,04/25/2015,11:45 AM,Haven - King Field Turf,A3,,Ashbee A3,
,04/25/2015,12:00 PM,PMYC Clubhouse Field,A2,,Spring-Ford A2,
,04/25/2015,12:00 PM,Pennbrook Middle School,A2,,Souderton White A2,
,04/25/2015,12:00 PM,Newtown Elementary,A2,,Deep Run A2,
,04/25/2015,12:30 PM,Haverford,A1A,,Springfield A1A,
,04/25/2015,12:30 PM,Radnor Memorial Park,A3,,Springfield A3,
,04/25/2015,2:00 PM,Calvary AA,A1,,Deep Run A1,
,04/25/2015,3:30 PM,Calvary AA,A3,,Lansing A3,
,04/26/2015,10:30 AM,Boyertown,B1A,,Moorestown B1A,
,04/26/2015,11:00 AM,Spartan,B1,,CBAA B1,
,04/26/2015,11:00 AM,CCLC,A1A,,Council Rock A1A,
,04/26/2015,12:00 PM,Cedar Hill Park,B1,,Deep Run B1,
,04/26/2015,12:00 PM,CBAA 2,B1A,,Rose Tree B1A,
,04/26/2015,12:00 PM,Newtown Elementary,B1,,Lower Bucks B1,
,04/26/2015,12:00 PM,Nathaniel Boileau Park,B2,,Deep Run B2,
,04/26/2015,12:00 PM,Springfield - Church Rd,A1A,,Springfield A1A,
,04/26/2015,12:00 PM,Souderton,B2,,Boyertown B2,
,04/26/2015,12:00 PM,Abraham Lincoln High Sch,B2,,Wissahickon B2,
,04/26/2015,12:00 PM,Hardy Bush Fields,B3,,Spartan B3,
,04/26/2015,12:00 PM,Pennbrook Middle School,B3,,Boyertown B3,
,04/26/2015,12:00 PM,Twin Oaks Day Camp Field,B3,,Wissahickon Gold B3,
,04/26/2015,12:30 PM,CCLC,B1A,,Springfield B1A,
,04/26/2015,12:30 PM,Haverford,C,,Upper Merion C,
,04/26/2015,1:00 PM,Heuser Field 1,C2,,Aston C2,
,04/26/2015,1:00 PM,Encke Field,B2,,Ashbee B2,
,04/26/2015,1:00 PM,Episcopal Academy Turf,B2,,Haverford B2,
,04/26/2015,1:00 PM,Rose Tree,B3,,Ridley B3,
,04/26/2015,1:00 PM,Aston (Pennell Field),B3,,Radnor White B3,
,04/26/2015,1:00 PM,Conshohocken,B2,,Drexel Hill B2,
,04/26/2015,1:00 PM,Drexel Hill,White,,Ridley C2 White,
,04/26/2015,1:00 PM,Interboro,C1,,Springfield C1,
,04/26/2015,1:00 PM,Haven - King Field Turf,B1,,Marple Newtown B1,
,04/26/2015,1:30 PM,Abraham Lincoln High Sch,B3,,Crooked Crosse B3,
,04/26/2015,1:30 PM,Cedar Hill Park,B3,,Perkiomen Valley B3,
,04/26/2015,1:30 PM,Twin Oaks Day Camp Field,B3,,CBAA B3,
,04/26/2015,1:30 PM,Brooke Elementary School,B3,,Upper Moreland B3,
,04/26/2015,1:30 PM,Newtown Elementary,B3,,Lower Bucks Blue B3,
,04/26/2015,1:45 PM,Springfield - Church Rd,B1,,Radnor B1,
,04/26/2015,1:45 PM,Lower Merion - Grass,B1,,Ridley B1,
,04/26/2015,2:15 PM,Haverford,B3,,Radnor Maroon B3,
,04/26/2015,2:45 PM,Episcopal Academy Turf,C,,Ridley C,
,04/26/2015,2:45 PM,Radnor Memorial Park,B1A,,Spring-Ford B1A,
,04/26/2015,2:45 PM,Rose Tree,C,,Radnor C,
,04/26/2015,2:45 PM,Haven - King Field Turf,B3,,Marple B3,
,04/26/2015,3:00 PM,Newtown Elementary,B2,,Phoenixville B2,
,04/26/2015,3:00 PM,Ridley Municipal Park,UpperMerion,,UpperMerion,
,04/26/2015,3:30 PM,Springfield - Church Rd,C2,,Conshohocken C2,
,04/26/2015,3:30 PM,Lower Merion - Grass,A1,,Ridley A1,
,04/26/2015,4:00 PM,Pennbrook Middle School,B1,,Calvary B1,
,04/26/2015,4:00 PM,Haverford,B1A,,Perkiomen Valley B1A,
,04/26/2015,4:15 PM,Haven - King Field Turf,C,,Ashbee C,
,04/26/2015,4:45 PM,Ridley Municipal Park,C2,,Haven C2,
,05/01/2015,7:30 PM,William Penn Middle Scho,B1,,North Penn B1,
,05/02/2015,8:00 AM,Deep Run,B2,,Lansing B2,
,05/02/2015,9:00 AM,Newtown Elementary,B2,,Wissahickon B2,
,05/02/2015,9:00 AM,Boyertown,B2,,Upper Moreland B2,
,05/02/2015,9:00 AM,Perk Valley Middle Schoo,A3,,Upper Moreland A3,
,05/02/2015,9:00 AM,Pennbrook Middle School,A3,,Horsham A3,
,05/02/2015,9:30 AM,Prevost Field,A3,,Radnor Maroon A3,
,05/02/2015,10:00 AM,St Joe - Mary St,A2,,Interboro A2,
,05/02/2015,10:00 AM,Gauntlett Center,A1,,Ashbee A1,
,05/02/2015,10:00 AM,Twin Oaks Day Camp Field,A1,,Lower Bucks A1,
,05/02/2015,10:00 AM,Drexel Hill,B2,,Springfield B2,
,05/02/2015,10:00 AM,Aston (Pennell Field),A2,,Radnor A2,
,05/02/2015,10:00 AM,Conshohocken,A1,,Haven A1,
,05/02/2015,10:00 AM,Ridley Municipal Park,A1,,Wissahickon A1,
,05/02/2015,10:00 AM,Spartan,A1,,Calvary A1,
,05/02/2015,10:00 AM,Heuser Field 1,A2,,Drexel Hill A2,
,05/02/2015,10:30 AM,Newtown Elementary,A3,,Calvary A3,
,05/02/2015,10:30 AM,Wissahickon,B1A,,Crooked Crosse B1A,
,05/02/2015,10:30 AM,Moorestown,A1A,,Crooked Crosse A1A,
,05/02/2015,10:30 AM,Springfield - Sabold,A1A,,CBAA  A1A,
,05/02/2015,10:30 AM,CBAA 2,B1,,Lower Bucks B1,
,05/02/2015,10:30 AM,CBAA 2,B1,,Lower Bucks B1,
,05/02/2015,10:30 AM,CBAA 2,B1,,Lower Bucks B1,
,05/02/2015,10:30 AM,Boyertown,A1,,CBAA A1,
,05/02/2015,10:30 AM,Pennbrook Middle School,A1,,Horsham A1,
,05/02/2015,10:30 AM,Perk Valley Middle Schoo,A1,,Deep Run A1,
,05/02/2015,10:30 AM,Souderton,A2,,Deep Run A2,
,05/02/2015,11:00 AM,Encke Field,A3,,Marple Newtown A3,
,05/02/2015,11:45 AM,Gauntlett Center,B2,,Radnor B2,
,05/02/2015,11:45 AM,Ridley Municipal Park,A3,,Haven A3,
,05/02/2015,12:00 PM,CCLC,A2,,Spring-Ford A2,
,05/02/2015,12:00 PM,Wissahickon,A3,,Lower Bucks White A3,
,05/02/2015,12:00 PM,Newtown Elementary,A2,,Boyertown A2,
,05/02/2015,12:00 PM,Abraham Lincoln High Sch,A3,,Spring-Ford A3,
,05/02/2015,12:00 PM,Souderton,A2,,Lower Bucks A2,
,05/02/2015,12:00 PM,Pennbrook Middle School,A2,,Phoenixville A2,
,05/02/2015,12:15 PM,Springfield - Sabold,A3,,Haverford A3,
,05/02/2015,12:30 PM,Haverford,B2,,Ridley B2,
,05/02/2015,1:30 PM,CBAA 1,A3,,Warriors A3,
,05/02/2015,1:30 PM,Newtown Elementary,A2,,Warriors A2,
,05/02/2015,1:45 PM,Shipley Farms 1,UpperMerion,,UpperMerion,
,05/02/2015,2:00 PM,Calvary AA,B1,,Horsham B1,
,05/02/2015,3:00 PM,Newtown Elementary,A1A,,Radnor A1A,
,05/02/2015,3:00 PM,Ridley Municipal Park,B1,,Springfield B1,
,05/02/2015,3:00 PM,CBAA 2,B2,,Warriors B2,
,05/02/2015,4:30 PM,Newtown Elementary,B1,,Warriors B1,
,05/03/2015,12:00 PM,Penncrest  HS Field 9,B1A,,Perkiomen Valley B1A,
,05/03/2015,12:00 PM,Boyertown,A2,,Souderton White A2,
,05/03/2015,12:00 PM,Cedar Hill Park,B1,,Spartan B1,
,05/03/2015,12:00 PM,Brooke Elementary,B1A,,Moorestown B1A,
,05/03/2015,12:00 PM,Spartan,A1,,CBAA A1,
,05/03/2015,12:00 PM,Gauntlett Center,B1,,Asbee B1,
,05/03/2015,12:00 PM,CBAA 1,A1A,,Crooked Crosse A1A,
,05/03/2015,12:00 PM,Nathaniel Boileau Park,B3,,Wariors Blue B3,
,05/03/2015,12:00 PM,Newtown Elementary,B1,,CBAA B1,
,05/03/2015,12:00 PM,Wissahickon,B3,,Warriors White B3,
,05/03/2015,12:00 PM,PMYC Clubhouse Field,B2,,Lansing B2,
,05/03/2015,12:00 PM,William Penn Middle Scho,B3,,New Hope B3,
,05/03/2015,12:00 PM,Pennbrook Middle School,A3,,Calvary A3,
,05/03/2015,12:00 PM,Twin Oaks Day Camp Field,A3,,Lower Bucks Blue A3,
,05/03/2015,12:00 PM,Lower Merion - Grass,B1A,,CBAA B1A,
,05/03/2015,12:30 PM,CCLC,B1A,,Radnor B1A,
,05/03/2015,1:00 PM,Encke Field,B3,,Ridley B3,
,05/03/2015,1:00 PM,Springfield - Church Rd,A1A,,Haverford A1A,
,05/03/2015,1:00 PM,Haverford,B3,,Haven B3,
,05/03/2015,1:00 PM,Conshohocken,Green,,Ridley C2 Green,
,05/03/2015,1:00 PM,Drexel Hill,B2,,Marple Newtown B2,
,05/03/2015,1:00 PM,Interboro,B1,,Haven B1,
,05/03/2015,1:00 PM,Moorestown,A1A,,Council Rock A1A,
,05/03/2015,1:00 PM,Aston (Pennell Field),C2,,Springfield C2,
,05/03/2015,1:00 PM,Heuser Field 1,B2,,Radnor B2,
,05/03/2015,1:00 PM,Prevost Field,B1,,Conshohocken B1,
,05/03/2015,1:30 PM,CBAA 2,B3,,Council Rock B3,
,05/03/2015,1:30 PM,Boyertown,B3,,Perkiomen Valley B3,
,05/03/2015,1:30 PM,Cedar Hill Park,B3,,Spartan B3,
,05/03/2015,1:30 PM,Twin Oaks Day Camp Field,B1,,Deep Run B1,
,05/03/2015,1:30 PM,Pennbrook Middle School,A1,,Calvary A1,
,05/03/2015,1:30 PM,William Penn Middle Scho,B3,,Souderton B3,
,05/03/2015,1:30 PM,Wissahickon,B2,,CBAA B2,
,05/03/2015,1:45 PM,Lower Merion - Grass,C,,Rose Tree C,
,05/03/2015,1:45 PM,Gauntlett Center,B3,,Aston B3,
,05/03/2015,2:45 PM,Encke Field,B3,,Rose Tree B3,
,05/03/2015,2:45 PM,Prevost Field,C,,Marple Newtown C,
,05/03/2015,2:45 PM,Heuser Field 1,C,,Haven C,
,05/03/2015,2:45 PM,Springfield - Church Rd,B1A,,Boyertown B1A,
,05/03/2015,3:00 PM,Haverford,B1A,,Wissahickon B1A,
,05/03/2015,3:00 PM,Ridley Municipal Park,C,,Interboro Black C,
,05/03/2015,3:00 PM,Cedar Hill Park,A3,,Lower Bucks White A3,
,05/03/2015,3:00 PM,Boyertown,B2,,Council Rock B2,
,05/03/2015,3:00 PM,Twin Oaks Day Camp Field,B2,,Deep Run B2,
,05/03/2015,3:15 PM,Gauntlett Center,C2,,Drexel Hill C2,
,05/03/2015,4:30 PM,Springfield - Church Rd,B2,,Ridley B2,
,05/03/2015,4:30 PM,Ridley Municipal Park,C2,,Upper Merion C2,
,05/03/2015,6:00 PM,Springfield - Church Rd,C,,Haverford C,
,05/08/2015,6:30 PM,Twin Oaks Day Camp Field,B1,,North Penn B1,
,05/09/2015,9:00 AM,CBAA 1,B3,,Lower Bucks Blue B3,
,05/09/2015,9:00 AM,Radnor Memorial Park,A2,,UpperMerion A2,
,05/09/2015,9:30 AM,Encke Field,A3,,Ridley A3,
,05/09/2015,9:30 AM,Ditmar Front Fie,B1,,Interboro B1,
,05/09/2015,10:00 AM,Heuser Field 1,B2,,Drexel Hill B2,
,05/09/2015,10:00 AM,Springfield - Sabold,B1,,Haven B1,
,05/09/2015,10:00 AM,Gauntlett Center,A3,,Springfield A3,
,05/09/2015,10:00 AM,Haven - King Field Turf,A1,,Warriors A1,
,05/09/2015,10:00 AM,Rose Tree,A2,,Aston A2,
,05/09/2015,10:00 AM,Ridley Municipal Park,A1,,Marple A1,
,05/09/2015,10:00 AM,Drexel Hill,A2,,StJoes A2,
,05/09/2015,10:00 AM,Wissahickon,A1,,Lower Bucks A1,
,05/09/2015,10:00 AM,Twin Oaks Day Camp Field,B2,,Phoenixville B2,
,05/09/2015,10:30 AM,Brooke Elementary School,A3,,CBAA A3,
,05/09/2015,10:30 AM,William Penn Middle Scho,B1,,Deep Run B1,
,05/09/2015,10:30 AM,Wissahickon,A3,,Lower Bucks Blue A3,
,05/09/2015,10:30 AM,CBAA 1,A1A,,Moorestown A1A,
,05/09/2015,10:30 AM,Newtown Elementary,A1A,,Springfield A1A,
,05/09/2015,10:30 AM,Cedar Hill Park,A1,,Calvary A1,
,05/09/2015,10:30 AM,Perk Valley MS west,B1A,,CBAA B1A,
,05/09/2015,10:30 AM,Souderton,B3,,Spring-Ford B3,
,05/09/2015,10:30 AM,Boyertown,A1,,Spartan A1,
,05/09/2015,10:30 AM,Abraham Lincoln High Sch,A3,,Lower Bucks White A3,
,05/09/2015,10:45 AM,Radnor Memorial Park,B1A,,Springfield B1A,
,05/09/2015,11:00 AM,Spartan,B3,,Wissahickon Blue B3,
,05/09/2015,11:15 AM,Ditmar Front Fie,B1,,Conshohocken B1,
,05/09/2015,11:30 AM,Twin Oaks Day Camp Field,B1,,CBAA B1,
,05/09/2015,11:45 AM,Springfield - Sabold,B2,,Haverford B2,
,05/09/2015,11:45 AM,Haven - King Field Turf,A3,,Radnor White A3,
,05/09/2015,11:45 AM,Ridley Municipal Park,B1,,Marple Newtown B1,
,05/09/2015,12:00 PM,Deep Run,A2,,Lower Bucks A2,
,05/09/2015,12:00 PM,Nathaniel Boileau Park,B2,,Wissahickon B2,
,05/09/2015,12:00 PM,Wissahickon,B3,,Wariors Blue B3,
,05/09/2015,12:00 PM,CBAA 1,A1,,North Penn A1,
,05/09/2015,12:00 PM,Cedar Hill Park,A3,,Calvary A3,
,05/09/2015,12:00 PM,Boyertown,A2,,Phoenixville A2,
,05/09/2015,12:00 PM,Haverford Reserve Grass,A3,,Ashbee A3,
,05/09/2015,12:00 PM,Souderton,A2,,Council Rock Blue A2,
,05/09/2015,12:00 PM,Shipley Farms 1,A1,,Conshohocken A1,
,05/09/2015,12:00 PM,Hardy Bush Fields,B3,,Upper Moreland B3,
,05/09/2015,12:00 PM,Brooke Elementary School,A2,,Council Rock White A2,
,05/09/2015,12:00 PM,Pennbrook Middle School,A2,,Warriors A2,
,05/09/2015,12:00 PM,Perk Valley Middle Schoo,A3,,Council Rock  A3,
,05/09/2015,12:30 PM,Haverford,B1A,,Ashbee B1A,
,05/09/2015,1:30 PM,Cedar Hill Park,B3,,Warriors White B3,
,05/09/2015,1:30 PM,Souderton,A2,,Crooked Crosse A2,
,05/09/2015,1:30 PM,CBAA 1,B2,,Lansing B2,
,05/09/2015,1:30 PM,CCLC,B3,,Boyertown B3,
,05/09/2015,1:30 PM,CCLC,B3,,Boyertown B3,
,05/09/2015,1:30 PM,Ridley Municipal Park,B2,,Marple Newtown B2,
,05/09/2015,1:30 PM,Pennbrook Middle School,A3,,Warriors A3,
,05/09/2015,2:00 PM,Calvary AA,B1,,Council Rock B1,
,05/09/2015,3:00 PM,Encke Field,A1A,,Crooked Crosse A1A,
,05/09/2015,4:30 PM,Newtown Elementary,B2,,Souderton B2,
,05/10/2015,10:30 AM,CBAA 1,B2,,Deep Run B2,
,05/10/2015,12:00 PM,Newtown Elementary,A2,,Lower Bucks A2,
,05/10/2015,12:00 PM,CBAA 1,B1,,Deep Run B1,
,05/10/2015,12:00 PM,CBAA 1,B1,,Deep Run B1,
,05/10/2015,12:00 PM,CBAA 1,B1,,Deep Run B1,
,05/10/2015,12:00 PM,Deep Run,A1,,CBAA A1,
,05/10/2015,12:00 PM,CCLC,B3,,Lower Bucks White B3,
,05/10/2015,12:00 PM,Springfield - Church Rd,B1A,,Spring-Ford B1A,
,05/10/2015,12:00 PM,Spartan,B1,,Calvary B1,
,05/10/2015,12:00 PM,Episcopal Academy Turf,A1,,Conshohocken A1,
,05/10/2015,12:00 PM,Abraham Lincoln High Sch,B3,,Wissahickon Blue B3,
,05/10/2015,12:00 PM,PMYC Clubhouse Field,A2,,Deep Run A2,
,05/10/2015,12:00 PM,Perk Valley MS west,B1A,,Ashbee B1A,
,05/10/2015,12:00 PM,Souderton,B3,,CBAA B3,
,05/10/2015,12:00 PM,William Penn Middle Scho,A3,,Upper Moreland A3,
,05/10/2015,12:00 PM,Hardy Bush Fields,B3,,Horsham B3,
,05/10/2015,12:00 PM,Pennbrook Middle School,B3,,Council Rock B3,
,05/10/2015,12:00 PM,Brooke Elementary School,A2,,Souderton Red A2,
,05/10/2015,1:00 PM,Twin Oaks Day Camp Field,A1,,Ridley A1,
,05/10/2015,1:00 PM,Lower Merion - Grass,B1,,Interboro B1,
,05/10/2015,1:00 PM,Haven - King Field Turf,A3,,Springfield A3,
,05/10/2015,1:00 PM,Radnor Memorial Park,A2,,Interboro A2,
,05/10/2015,1:00 PM,Prevost Field,B2,,Springfield B2,
,05/10/2015,1:00 PM,Interboro,C,,Radnor C,
,05/10/2015,1:00 PM,Rose Tree,A2,,StJoes A2,
,05/10/2015,1:00 PM,Haverford,A3,,Radnor White A3,
,05/10/2015,1:00 PM,Heuser Field 1,C2,,Marple Newtown C2,
,05/10/2015,1:00 PM,Middletown Comm Park,A1,,Ashbee A1,
,05/10/2015,1:00 PM,Conshohocken,UpperMerion,,UpperMerion,
,05/10/2015,1:00 PM,Moorestown,A1A,,Haverford A1A,
,05/10/2015,1:00 PM,Aston (Pennell Field),A2,,UpperMerion A2,
,05/10/2015,1:30 PM,Moorestown,B1A,,Crooked Crosse B1A,
,05/10/2015,1:30 PM,Wissahickon,B1A,,Rose Tree B1A,
,05/10/2015,1:30 PM,Newtown Elementary,A1A,,CBAA  A1A,
,05/10/2015,1:30 PM,CBAA 1,B1A,,Haverford B1A,
,05/10/2015,1:30 PM,Spartan,B3,,Perkiomen Valley B3,
,05/10/2015,1:30 PM,Episcopal Academy Turf,B2,,Ashbee B2,
,05/10/2015,1:30 PM,Abraham Lincoln High Sch,B2,,Upper Moreland B2,
,05/10/2015,1:30 PM,Souderton,B2,,Phoenixville B2,
,05/10/2015,1:30 PM,Brooke Elementary School,B3,,Wissahickon Gold B3,
,05/10/2015,1:30 PM,Pennbrook Middle School,B1,,Council Rock B1,
,05/10/2015,1:30 PM,William Penn Middle Scho,A3,,Spring-Ford A3,
,05/10/2015,1:45 PM,Springfield - Church Rd,B1,,Marple Newtown B1,
,05/10/2015,1:45 PM,Encke Field,B1,,Ridley B1,
,05/10/2015,2:30 PM,Lower Merion - Grass,A3,,Ridley A3,
,05/10/2015,2:45 PM,Lower Merion - Grass,C,,Upper Merion C,
,05/10/2015,2:45 PM,Haven - King Field Turf,B3,,Radnor Maroon B3,
,05/10/2015,2:45 PM,Haverford,B2,,Drexel Hill B2,
,05/10/2015,2:45 PM,Rose Tree,B3,,Marple B3,
,05/10/2015,2:45 PM,Aston (Pennell Field),B3,,Haverford B3,
,05/10/2015,3:00 PM,CBAA 1,A3,,Wissahickon A3,
,05/10/2015,3:00 PM,Wissahickon,A1,,Haven A1,
,05/10/2015,3:00 PM,Newtown Elementary,A3,,Lansing A3,
,05/10/2015,3:00 PM,Ridley Municipal Park,B3,,Radnor White B3,
,05/10/2015,3:00 PM,Radnor Memorial Park,A3,,Marple Newtown A3,
,05/10/2015,3:30 PM,Encke Field,B1A,,Boyertown B1A,
,05/10/2015,3:30 PM,Springfield - Church Rd,White,,Ridley C2 White,
,05/10/2015,4:15 PM,Haven - King Field Turf,C1,,Springfield C1,
,05/10/2015,4:30 PM,Rose Tree,C,,Marple Newtown C,
,05/10/2015,4:30 PM,Haverford,C,,Ridley C,
,05/10/2015,4:45 PM,Ridley Municipal Park,C2,,Aston C2,
,05/10/2015,5:45 PM,Haven - King Field Turf,C2,,Conshohocken C2,
,05/16/2015,9:00 AM,Twin Oaks Day Camp Field,A2,,Spring-Ford A2,
,05/16/2015,9:00 AM,Pennbrook Middle School,A2,,Crooked Crosse A2,
,05/16/2015,9:30 AM,Abraham Lincoln High Sch,A3,,Upper Moreland A3,
,05/16/2015,9:30 AM,Brooke Elementary School,B3,,Lower Bucks White B3,
,05/16/2015,10:00 AM,Middletown Comm Park,A1,,Haven A1,
,05/16/2015,10:00 AM,Conshohocken,A1,,Ridley A1,
,05/16/2015,10:00 AM,Interboro,A2,,Drexel Hill A2,
,05/16/2015,10:00 AM,Ridley Municipal Park,A3,,Haverford A3,
,05/16/2015,10:00 AM,Heuser Field 1,A2,,Rose Tree A2,
,05/16/2015,10:00 AM,St Joe - Mary St,A2,,Radnor A2,
,05/16/2015,10:00 AM,Encke Field,A3,,Radnor Maroon A3,
,05/16/2015,10:00 AM,Springfield - Sabold,A3,,Ashbee A3,
,05/16/2015,10:00 AM,Gauntlett Center,A1,,Wissahickon A1,
,05/16/2015,10:00 AM,Twin Oaks Day Camp Field,A3,,Spring-Ford A3,
,05/16/2015,10:30 AM,Pennbrook Middle School,A3,,Perkiomen Valley A3,
,05/16/2015,10:30 AM,Boyertown,B3,,Upper Moreland B3,
,05/16/2015,10:30 AM,Cedar Hill Park,A1,,Deep Run A1,
,05/16/2015,10:30 AM,CCLC,A1A,,Haverford A1A,
,05/16/2015,10:30 AM,Wissahickon,A3,,Council Rock  A3,
,05/16/2015,10:30 AM,Deep Run,B2,,Boyertown B2,
,05/16/2015,11:00 AM,Abraham Lincoln High Sch,B2,,Council Rock B2,
,05/16/2015,11:30 AM,Twin Oaks Day Camp Field,A1,,Ashbee A1,
,05/16/2015,11:45 AM,Gauntlett Center,A3,,Haven A3,
,05/16/2015,11:45 AM,Ridley Municipal Park,Green,,Ridley C2 Green,
,05/16/2015,12:00 PM,CCLC,B1A,,Boyertown B1A,
,05/16/2015,12:00 PM,Deep Run,B1,,Spartan B1,
,05/16/2015,12:00 PM,Newtown Elementary,B3,,Lansing B3,
,05/16/2015,12:00 PM,Wissahickon,B2,,Souderton B2,
,05/16/2015,12:00 PM,PMYC Clubhouse Field,A2,,Council Rock Blue A2,
,05/16/2015,12:00 PM,Souderton,A2,,Lower Bucks A2,
,05/16/2015,12:00 PM,Pennbrook Middle School,A1,,Perkiomen Valley A1,
,05/16/2015,12:00 PM,Penncrest  HS Field 9,B1A,,Moorestown B1A,
,05/16/2015,12:00 PM,William Penn Middle Scho,A3,,Horsham A3,
,05/16/2015,1:00 PM,Twin Oaks Day Camp Field,B3,,Perkiomen Valley B3,
,05/16/2015,1:30 PM,Wissahickon,B3,,Wariors Blue B3,
,05/16/2015,1:30 PM,Pennbrook Middle School,B3,,Horsham B3,
,05/16/2015,1:30 PM,Souderton,A2,,Boyertown A2,
,05/16/2015,1:30 PM,Deep Run,A2,,Council Rock White A2,
,05/16/2015,1:30 PM,CCLC,B3,,Spartan B3,
,05/16/2015,2:00 PM,Calvary AA,A3,,Lower Bucks White A3,
,05/16/2015,2:30 PM,Twin Oaks Day Camp Field,B2,,Upper Moreland B2,
,05/16/2015,3:00 PM,Wissahickon,B3,,New Hope B3,
,05/16/2015,3:00 PM,Pennbrook Middle School,B1,,Horsham B1,
,05/16/2015,3:30 PM,Calvary AA,A1,,Boyertown A1,
,05/17/2015,12:00 PM,Twin Oaks Day Camp Field,B1,,Spartan B1,
,05/17/2015,12:00 PM,Pennbrook Middle School,B3,,CBAA B3,
,05/17/2015,12:00 PM,Souderton,B2,,CBAA B2,
,05/17/2015,12:00 PM,Penncrest  HS Field 9,B1A,,Radnor B1A,
,05/17/2015,12:00 PM,Gauntlett Center,B1,,Radnor B1,
,05/17/2015,12:00 PM,Brooke Elementary,B1A,,Perkiomen Valley B1A,
,05/17/2015,12:00 PM,Cedar Hill Park,B1,,Council Rock B1,
,05/17/2015,12:00 PM,Wissahickon,B3,,Souderton B3,
,05/17/2015,12:00 PM,Calvary AA,B1,,Lower Bucks B1,
,05/17/2015,12:00 PM,Newtown Elementary,B3,,Crooked Crosse B3,
,05/17/2015,12:00 PM,Springfield - Church Rd,B1A,,Haverford B1A,
,05/17/2015,12:15 PM,Haverford,B3,,Rose Tree B3,
,05/17/2015,1:00 PM,Heuser Field 1,B2,,Marple Newtown B2,
,05/17/2015,1:00 PM,Encke Field,B3,,Radnor White B3,
,05/17/2015,1:00 PM,Interboro,B1,,Springfield B1,
,05/17/2015,1:00 PM,Aston (Pennell Field),C2,,Haven C2,
,05/17/2015,1:00 PM,Marple Newtown,C,,Interboro Black C,
,05/17/2015,1:00 PM,Drexel Hill,C2,,Upper Merion C2,
,05/17/2015,1:00 PM,Moorestown,A1A,,Radnor A1A,
,05/17/2015,1:00 PM,Haven - King Field Turf,B1,,Asbee B1,
,05/17/2015,1:00 PM,Lower Merion - Grass,B2,,Haverford B2,
,05/17/2015,1:30 PM,Perk Valley Middle Schoo,A3,,Lower Bucks Blue A3,
,05/17/2015,1:30 PM,Pennbrook Middle School,B1,,CBAA B1,
,05/17/2015,1:30 PM,Twin Oaks Day Camp Field,B3,,Lower Bucks White B3,
,05/17/2015,1:30 PM,Wissahickon,B1A,,CBAA B1A,
,05/17/2015,1:30 PM,Calvary AA,A3,,CBAA A3,
,05/17/2015,1:30 PM,Newtown Elementary,A2,,North Penn A2,
,05/17/2015,1:45 PM,Springfield - Church Rd,B1,,Conshohocken B1,
,05/17/2015,1:45 PM,Haverford,A1A,,CBAA  A1A,
,05/17/2015,1:45 PM,Gauntlett Center,B3,,Ridley B3,
,05/17/2015,2:30 PM,Moorestown,B1A,,Ashbee B1A,
,05/17/2015,2:45 PM,Marple Newtown,C2,,Springfield C2,
,05/17/2015,2:45 PM,Encke Field,C,,Haverford C,
,05/17/2015,2:45 PM,Heuser Field 1,C,,Rose Tree C,
,05/17/2015,2:45 PM,Haven - King Field Turf,B3,,Aston B3,
,05/17/2015,3:00 PM,Twin Oaks Day Camp Field,B3,,Lansing B3,
,05/17/2015,3:00 PM,Perk Valley Middle Schoo,B3,,Lower Bucks Blue B3,
,05/17/2015,3:00 PM,Ridley Municipal Park,B2,,Radnor B2,
,05/17/2015,3:00 PM,Wissahickon,B3,,Spring-Ford B3,
,05/17/2015,3:00 PM,Newtown Elementary,A3,,North Penn A3,
,05/17/2015,3:30 PM,Springfield - Church Rd,C,,Ashbee C,
,05/17/2015,4:45 PM,Ridley Municipal Park,C,,Haven C,
,05/30/2015,10:30 AM,Nathaniel Boileau Park,A3,,Wissahickon A3,
,05/30/2015,10:30 AM,Newtown Elementary,A3,,Horsham A3,
,05/30/2015,10:30 AM,CBAA 1,A3,,North Penn A3,
,05/30/2015,10:30 AM,Boyertown,B3,,Spring-Ford B3,
,05/30/2015,10:30 AM,Abraham Lincoln High Sch,A3,,Warriors A3,
,05/30/2015,10:30 AM,Brooke Elementary School,A3,,Perkiomen Valley A3,
,05/30/2015,10:30 AM,Souderton,B3,,Lansing B3,
,05/30/2015,10:30 AM,William Penn Middle Scho,B3,,New Hope B3,
,05/30/2015,12:00 PM,William Penn Middle Scho,A3,,Calvary A3,
,05/30/2015,12:00 PM,CBAA 2,B3,,Crooked Crosse B3,
,05/30/2015,1:30 PM,Perk Valley Middle Schoo,B3,,Council Rock B3,
,05/30/2015,1:30 PM,Perk Valley Middle Schoo,B3,,Council Rock B3,
,05/30/2015,1:30 PM,Twin Oaks Day Camp Field,B3,,North Penn B3,
,05/30/2015,1:30 PM,Wissahickon,B3,,Lower Bucks White B3,
,05/30/2015,3:00 PM,Wissahickon,B3,,Horsham B3,
,05/30/2015,3:00 PM,Twin Oaks Day Camp Field,B3,,Upper Moreland B3,
,05/31/2015,12:00 PM,Brooke Elementary School,A3,,Upper Moreland A3,
,05/31/2015,12:00 PM,Twin Oaks Day Camp Field,B3,,Crooked Crosse B3,
,05/31/2015,12:00 PM,Pennbrook Middle School,B3,,Wissahickon Gold B3,
,05/31/2015,12:00 PM,Cedar Hill Park,B3,,Souderton B3,
,05/31/2015,12:00 PM,Spartan,B3,,Warriors White B3,
,05/31/2015,12:00 PM,Wissahickon,A3,,Lansing A3,
,05/31/2015,12:00 PM,Nathaniel Boileau Park,B3,,Lansing B3,
,05/31/2015,12:00 PM,William Penn Middle Scho,A3,,CBAA A3,
,05/31/2015,1:00 PM,Drexel Hill,B2,,Ashbee B2,
,05/31/2015,1:00 PM,Conshohocken,B2,,Ridley B2,
,05/31/2015,1:00 PM,Aston (Pennell Field),B3,,Radnor Maroon B3,
,05/31/2015,1:00 PM,Rose Tree,B3,,Haven B3,
,05/31/2015,1:00 PM,Springfield - Church Rd,C2,,Drexel Hill C2,
,05/31/2015,1:00 PM,Haverford,UpperMerion,,UpperMerion,
,05/31/2015,1:00 PM,Encke Field,B3,,Marple B3,
,05/31/2015,1:00 PM,Heuser Field 1,C1,,Springfield C1,
,05/31/2015,1:00 PM,Haven - King Field Turf,C,,Radnor C,
,05/31/2015,1:00 PM,Episcopal Academy Turf,B2,,Springfield B2,
,05/31/2015,1:00 PM,Lower Merion - Grass,C,,Ridley C,
,05/31/2015,1:30 PM,William Penn Middle Scho,B3,,Boyertown B3,
,05/31/2015,2:30 PM,Haven - King Field Turf,White,,Ridley C2 White,
,05/31/2015,2:45 PM,Haverford,C,,Marple Newtown C,
,05/31/2015,2:45 PM,Rose Tree,C,,Interboro Black C,
,05/31/2015,2:45 PM,Conshohocken,C2,,Aston C2,
,05/31/2015,3:00 PM,Ridley Municipal Park,B3,,Haverford B3,
,05/31/2015,3:00 PM,William Penn Middle Scho,B3,,Wissahickon Blue B3,
,05/31/2015,4:45 PM,Ridley Municipal Park,C2,,Marple Newtown C2,
,06/06/2015,10:00 AM,Twin Oaks Day Camp Field,A1,,Marple A1,
,06/06/2015,10:00 AM,Middletown Comm Park,A1,,Ridley A1,
,06/06/2015,10:00 AM,Conshohocken,A1,,Wissahickon A1,
,06/06/2015,12:00 PM,Shipley Farms 1,A1,,Ashbee A1,
,06/07/2015,1:00 PM,Episcopal Academy Turf,C,,Haven C,
,06/07/2015,1:00 PM,Drexel Hill,Green,,Ridley C2 Green,
,06/07/2015,1:00 PM,Interboro,C,,Haverford C,
,06/07/2015,1:00 PM,Heuser Field 1,C2,,Springfield C2,
,06/07/2015,1:00 PM,Encke Field,C,,Ashbee C,
,06/07/2015,1:00 PM,Springfield - Church Rd,C,,Rose Tree C,
,06/07/2015,2:30 PM,Episcopal Academy Turf,C2,,Haven C2,
,06/07/2015,3:00 PM,Ridley Municipal Park,C,,Upper Merion C,
,06/07/2015,4:30 PM,Ridley Municipal Park,C2,,Conshohocken C2,
