game,date,time,field,bracket,ROUND,team,SCORE
292,4/9/12,6:30 PM,ASH Lower Merion HS,WC2ASH,,WC2ASH,
250,4/9/12,6:30 PM,AVG Avon Grove HS,WCAVG,,WCAVG,
249,4/9/12,6:30 PM,BYC Bethel Spr ES 12,KENBYC,,KENBYC,
294,4/9/12,6:30 PM,BYC Garnet Valley MS,STBYC,,STBYC,
355,4/9/12,6:30 PM,GV Great Valley MS,PHXGV,,PHXGV,
380,4/9/12,6:30 PM,KEN Kennett MS,WC2KEN,,WC2KEN,
334,4/9/12,6:30 PM,KEN Legacy Field A,AVGKEN,,AVGKEN,
421,4/9/12,6:30 PM,ST TE Middle Sch 2,BYC1ST2,,BYC1ST2,
260,4/9/12,6:30 PM,UNV Patton MS 17,CVLUNV,,CVLUNV,
374,4/9/12,6:30 PM,WB Embreeville,WC1WB,,WC1WB,
387,4/9/12,6:30 PM,WC Kelly Field,AVG1WC3,,AVG1WC3,
394,4/9/12,8:00 PM,WC Kelly Field,BYC2WC4,,BYC2WC4,
90,4/10/12,6:30 PM,ABG Huntingdon Upper,AVGABG,,AVGABG,
106,4/10/12,6:30 PM,ASH Lower Merion HS,LV1ASH,,LV1ASH,
409,4/10/12,6:30 PM,AVG Harmony Park,BYC2AVG1,,BYC2AVG1,
219,4/10/12,6:30 PM,BYC Bethel Spr ES 12,ASHBYC,,ASHBYC,
138,4/10/12,6:30 PM,BYC Garnet Valley MS,GVBYC,,GVBYC,
67,4/10/12,6:30 PM,CVL Mt Kirk,COVCVL,,COVCVL,
205,4/10/12,6:30 PM,CVL Warrior Field,UNVCVL,,UNVCVL,
342,4/10/12,6:30 PM,GV Great Valley MS,CVLGV,,CVLGV,
244,4/10/12,6:30 PM,KEN Legacy Field A,LVKEN,,LVKEN,
135,4/10/12,6:30 PM,LV Hoeffecker,KENLV2,,KENLV2,
417,4/10/12,6:30 PM,PHX PMYC,WC3PHX,,WC3PHX,
357,4/10/12,6:30 PM,ST TE Middle Sch 1,ABGST1,,ABGST1,
117,4/10/12,6:30 PM,ST Wilson Park CYL,WCST2,,WCST2,
109,4/10/12,6:30 PM,ST Wilson Park TEYSA,UNVST1,,UNVST1,
449,4/10/12,6:30 PM,UNV Patton MS 17,ASHUNV,,ASHUNV,
400,4/10/12,6:30 PM,WB Embreeville,BYC1WB,,BYC1WB,
436,4/10/12,6:30 PM,WC Henderson HS,COVWC1,,COVWC1,
396,4/10/12,6:30 PM,WC Rustin HS,AVG2WC4,,AVG2WC4,
581,4/11/12,6:30 PM,ASH Lower Merion HS,BYC3ASH,,BYC3ASH,
582,4/11/12,6:30 PM,AVG Avon Grove HS,STAVG1,,STAVG1,
556,4/11/12,6:30 PM,BYC Bethel Spr ES 12,AVG2BYC2,,AVG2BYC2,
490,4/11/12,6:30 PM,COV OJR HS,LV2COV2,,LV2COV2,
153,4/11/12,6:30 PM,CVL Warrior Field,STCVL,,STCVL,
474,4/11/12,6:30 PM,GV Great Valley MS,CVL3GV,,CVL3GV,
534,4/11/12,6:30 PM,KEN Legacy Field B,UNV1KEN2,,UNV1KEN2,
464,4/11/12,6:30 PM,LV Eagleview 2,CVL1LV3,,CVL1LV3,
496,4/11/12,6:30 PM,PHX PMYC,LV1PHX,,LV1PHX,
578,4/11/12,6:30 PM,UNV Patton MS 17,COV1UNV2,,COV1UNV2,
169,4/11/12,6:30 PM,WB Embreeville,ASHWB,,ASHWB,
515,4/11/12,6:30 PM,WC Kelly Field,WBWC,,WBWC,
314,4/11/12,8:00 PM,WC Kelly Field,WC1WC2,,WC1WC2,
59,4/12/12,6:30 PM,ABG Huntingdon Upper,GVABG,,GVABG,
51,4/12/12,6:30 PM,BYC Garnet Valley MS,WCBYC,,WCBYC,
56,4/12/12,6:30 PM,COV Batdorf Park,CVLCOV,,CVLCOV,
263,4/12/12,7:00 PM,COV OJR HS,KENCOV,,KENCOV,
298,4/12/12,6:30 PM,LV Pine Creek,STLV2,,STLV2,
274,4/12/12,6:30 PM,PHX PMYC,AVGPHX,,AVGPHX,
302,4/12/12,6:30 PM,UNV Upland Country DS,LV1UNV,,LV1UNV,
38,4/12/12,6:30 PM,WB Downingtown MS,STWB,,STWB,
291,4/12/12,6:30 PM,WB Embreeville,ASHWB,,ASHWB,
531,4/13/12,6:30 PM,AVG Harmony Park,WBAVG1,,WBAVG1,
550,4/13/12,6:30 PM,BYC Bethel Spr ES 12,AVG3BYC1,,AVG3BYC1,
455,4/13/12,6:30 PM,CVL Warrior Field,CVL2CVL1,,CVL2CVL1,
154,4/13/12,6:30 PM,LV Eagleview 1,CVLLV,,CVLLV,
504,4/13/12,6:30 PM,LV Eagleview 2,ASHLV3,,ASHLV3,
123,4/13/12,6:30 PM,ST Wilson Park CYL,LV1ST2,,LV1ST2,
546,4/13/12,6:30 PM,UNV Patton MS 17,BYC3UNV2,,BYC3UNV2,
350,4/14/12,10:00 AM,ABG Huntingdon Upper,PHXABG,,PHXABG,
101,4/14/12,10:00 AM,AVG Avon Grove HS,ASHAVG,,ASHAVG,
433,4/14/12,12:00 PM,AVG Avon Grove HS,GVAVG2,,GVAVG2,
555,4/14/12,2:00 PM,AVG Avon Grove HS,BYC2AVG1,,BYC2AVG1,
214,4/14/12,10:00 AM,AVG Harmony Park,ABGAVG,,ABGAVG,
194,4/14/12,12:00 PM,AVG Harmony Park,STAVG,,STAVG,
285,4/14/12,2:00 PM,AVG Harmony Park,ASHAVG,,ASHAVG,
164,4/14/12,2:00 PM,BYC Bethel Spr ES 12,ABGBYC,,ABGBYC,
251,4/14/12,10:00 AM,CVL Mt Kirk,COVCVL,,COVCVL,
335,4/14/12,12:00 PM,CVL Mt Kirk,COVCVL,,COVCVL,
465,4/14/12,10:00 AM,CVL Warrior Field,GVCVL2,,GVCVL2,
203,4/14/12,12:00 PM,CVL Warrior Field,LVCVL,,LVCVL,
456,4/14/12,2:00 PM,CVL Warrior Field,CVL1CVL3,,CVL1CVL3,
155,4/14/12,4:00 PM,CVL Warrior Field,WCCVL,,WCCVL,
413,4/14/12,12:00 PM,KEN Legacy Field C,AVG1KEN,,AVG1KEN,
564,4/14/12,2:00 PM,KEN Legacy Field C,BYC3KEN1,,BYC3KEN1,
235,4/14/12,4:00 PM,KEN Legacy Field C,BYCKEN,,BYCKEN,
502,4/14/12,12:00 PM,LV Eagleview 1,ASHLV1,,ASHLV1,
167,4/14/12,12:00 PM,LV Eagleview 2,ASHLV,,ASHLV,
483,4/14/12,2:00 PM,LV Eagleview 2,COV1LV3,,COV1LV3,
429,4/14/12,12:00 PM,LV Hoeffecker,UNVLV,,UNVLV,
308,4/14/12,2:00 PM,LV Hoeffecker,WC2LV2,,WC2LV2,
301,4/14/12,4:00 PM,LV Hoeffecker,WBLV1,,WBLV1,
489,4/14/12,10:00 AM,ST TE Middle Sch 1,COV2ST,,COV2ST,
450,4/14/12,12:00 PM,ST TE Middle Sch 1,BYC2ST2,,BYC2ST2,
293,4/14/12,2:00 PM,ST Wilson Park TEYSA,UNVST,,UNVST,
548,4/14/12,12:00 PM,UNV Patton MS 17,AVG2UNV2,,AVG2UNV2,
76,4/14/12,2:00 PM,UNV Patton MS 17,CVLUNV,,CVLUNV,
516,4/14/12,4:00 PM,UNV Patton MS 17,WCUNV1,,WCUNV1,
61,4/14/12,10:00 AM,WB Downingtown MS,ASHWB,,ASHWB,
525,4/14/12,12:00 PM,WB Embreeville,KEN2WB,,KEN2WB,
384,4/14/12,10:00 AM,WC Kelly Field,BYC1WC2,,BYC1WC2,
227,4/14/12,12:00 PM,WC Kelly Field,UNVWC,,UNVWC,
391,4/14/12,2:00 PM,WC Kelly Field,WBWC3,,WBWC3,
319,4/14/12,4:00 PM,WC Kelly Field,KENWC1,,KENWC1,
159,4/15/12,12:00 PM,ABG Huntingdon Upper,ASHABG,,ASHABG,
110,4/15/12,4:00 PM,BYC Garnet Valley MS,ST1BYC,,ST1BYC,
11,4/15/12,2:00 PM,COV OJR HS,ABGCOV,,ABGCOV,
221,4/15/12,1:00 PM,KEN Kennett MS,ASHKEN,,ASHKEN,
95,4/15/12,2:00 PM,LV Hoeffecker,ABGLV1,,ABGLV1,
41,4/15/12,4:00 PM,LV Hoeffecker,GVLV,,GVLV,
449,4/15/12,12:00 PM,UNV Upland Country DS,UNV,,ASH UNV,
418,4/15/12,3:00 PM,WC Kelly Field,ABGWC4,,ABGWC4,
62,4/15/12,4:30 PM,WC Kelly Field,STWC,,STWC,
213,4/16/12,6:30 PM,ABG Huntingdon Upper,BYCABG,,BYCABG,
378,4/16/12,6:30 PM,AVG Avon Grove HS,WC1AVG1,,WC1AVG1,
386,4/16/12,6:30 PM,BYC Garnet Valley MS,WC3BYC2,,WC3BYC2,
265,4/16/12,6:30 PM,COV Batdorf Park,PHXCOV,,PHXCOV,
253,4/16/12,6:30 PM,CVL Black Rock 6,ASHCVL,,ASHCVL,
341,4/16/12,6:30 PM,CVL Mt Kirk,LVCVL,,LVCVL,
238,4/16/12,6:30 PM,CVL Warrior Field,ASHCVL,,ASHCVL,
443,4/16/12,6:30 PM,GV Great Valley MS,BYC1GV,,BYC1GV,
248,4/16/12,6:30 PM,KEN Kennett MS,UNVKEN,,UNVKEN,
324,4/16/12,6:30 PM,KEN Legacy Field A,WC2KEN,,WC2KEN,
310,4/16/12,6:30 PM,LV Pine Creek,UNVLV2,,UNVLV2,
420,4/16/12,6:30 PM,UNV Patton MS 17,ST1UNV,,ST1UNV,
428,4/16/12,6:30 PM,WB Embreeville,ST2WB,,ST2WB,
445,4/16/12,6:30 PM,WC Kelly Field,PHXWC2,,PHXWC2,
306,4/16/12,8:00 PM,WC Kelly Field,LV1WC1,,LV1WC1,
229,4/16/12,6:30 PM,WC Rustin HS,AVGWC,,AVGWC,
358,4/17/12,6:30 PM,ABG Huntingdon Upper,ST2ABG,,ST2ABG,
432,4/17/12,6:30 PM,AVG Harmony Park,CVLAVG1,,CVLAVG1,
430,4/17/12,6:30 PM,BYC Garnet Valley MS,ASHBYC1,,ASHBYC1,
79,4/17/12,7:00 PM,COV OJR HS,KENCOV,,KENCOV,
75,4/17/12,6:30 PM,CVL Black Rock 6,WCCVL,,WCCVL,
130,4/17/12,6:30 PM,GV Great Valley MS,LV2GV,,LV2GV,
126,4/17/12,6:30 PM,LV Hoeffecker,UNVLV1,,UNVLV1,
245,4/17/12,6:30 PM,LV Pine Creek,AVGLV,,AVGLV,
437,4/17/12,6:30 PM,PHX PMYC,KENPHX,,KENPHX,
431,4/17/12,6:30 PM,ST TE Middle Sch 2,BYC2ST1,,BYC2ST1,
119,4/17/12,6:30 PM,ST Wilson Park CYL,BYCST2,,BYCST2,
111,4/17/12,6:30 PM,ST Wilson Park TEYSA,AVGST1,,AVGST1,
392,4/17/12,6:30 PM,UNV Upland Country DS,WC4UNV,,WC4UNV,
442,4/17/12,6:30 PM,WB Embreeville,LVWB,,LVWB,
204,4/17/12,6:30 PM,WC Henderson HS,CVLWC,,CVLWC,
379,4/17/12,6:30 PM,WC Rustin HS,AVG2WC2,,AVG2WC2,
187,4/18/12,6:30 PM,ABG Huntingdon Upper,CVLABG,,CVLABG,
198,4/18/12,6:30 PM,AVG Avon Grove HS,WCAVG,,WCAVG,
557,4/18/12,6:30 PM,AVG Harmony Park,BYC2AVG3,,BYC2AVG3,
560,4/18/12,6:30 PM,BYC Bethel Spr ES 12,AVG1BYC3,,AVG1BYC3,
488,4/18/12,6:30 PM,COV OJR HS,LV1COV1,,LV1COV1,
466,4/18/12,6:30 PM,CVL Warrior Field,CVL3CVL2,,CVL3CVL2,
491,4/18/12,6:30 PM,GV Great Valley MS,COV2GV,,COV2GV,
543,4/18/12,6:30 PM,KEN Legacy Field B,UNV2KEN1,,UNV2KEN1,
179,4/18/12,6:30 PM,LV Eagleview 1,BYCLV,,BYCLV,
174,4/18/12,6:30 PM,ST TE Middle Sch 2,WBST,,WBST,
532,4/18/12,6:30 PM,WB Embreeville,AVG2WB,,AVG2WB,
2,4/19/12,6:30 PM,ABG Huntingdon Upper,CVLABG,,CVLABG,
60,4/19/12,6:30 PM,ASH Haverford Upper,LVASH,,LVASH,
65,4/19/12,6:30 PM,AVG Harmony Park,WCAVG,,WCAVG,
18,4/19/12,6:30 PM,BYC Garnet Valley MS,COVBYC,,COVBYC,
273,4/19/12,6:30 PM,COV Batdorf Park,UNVCOV,,UNVCOV,
303,4/19/12,6:30 PM,LV Pine Creek,BYCLV1,,BYCLV1,
295,4/19/12,6:30 PM,ST Wilson Park CYL,AVGST,,AVGST,
47,4/19/12,6:30 PM,WB Downingtown MS,GVWB,,GVWB,
315,4/19/12,6:30 PM,WC Kelly Field,WBWC1,,WBWC1,
500,4/20/12,6:30 PM,ASH Lower Merion HS,STASH,,STASH,
158,4/20/12,6:30 PM,AVG Harmony Park,CVLAVG,,CVLAVG,
193,4/20/12,6:30 PM,BYC Bethel Spr ES 12,ASHBYC,,ASHBYC,
457,4/20/12,6:30 PM,CVL Warrior Field,COV1CVL1,,COV1CVL1,
497,4/20/12,6:30 PM,LV Eagleview 1,PHXLV2,,PHXLV2,
511,4/20/12,6:30 PM,LV Eagleview 2,LV3LV1,,LV3LV1,
526,4/20/12,6:30 PM,WB Embreeville,UNV1WB,,UNV1WB,
444,4/21/12,12:00 PM,ABG Huntingdon Upper,WC1ABG,,WC1ABG,
68,4/21/12,2:00 PM,ABG Huntingdon Upper,CVLABG,,CVLABG,
24,4/21/12,4:00 PM,ABG Huntingdon Upper,WCABG,,WCABG,
362,4/21/12,12:00 PM,ASH Lower Merion HS,ST2ASH,,ST2ASH,
479,4/21/12,2:00 PM,ASH Lower Merion HS,CVL3ASH,,CVL3ASH,
108,4/21/12,4:00 PM,ASH Lower Merion HS,GVASH,,GVASH,
571,4/21/12,10:00 AM,AVG Avon Grove HS,KEN1AVG2,,KEN1AVG2,
185,4/21/12,12:00 PM,AVG Avon Grove HS,WBAVG,,WBAVG,
232,4/21/12,2:00 PM,AVG Avon Grove HS,UNVAVG,,UNVAVG,
539,4/21/12,10:00 AM,BYC Bethel Spr ES 12,UNV1BYC3,,UNV1BYC3,
182,4/21/12,12:00 PM,BYC Bethel Spr ES 12,WCBYC,,WCBYC,
406,4/21/12,10:00 AM,BYC Garnet Valley MS,AVG1BYC1,,AVG1BYC1,
410,4/21/12,12:00 PM,BYC Garnet Valley MS,AVG2BYC2,,AVG2BYC2,
333,4/21/12,2:00 PM,BYC Garnet Valley MS,KENBYC,,KENBYC,
88,4/21/12,4:00 PM,BYC Garnet Valley MS,COVBYC,,COVBYC,
3,4/21/12,4:00 PM,CVL Mt Kirk,ASHCVL,,ASHCVL,
188,4/21/12,12:00 PM,CVL Warrior Field,ASHCVL,,ASHCVL,
463,4/21/12,2:00 PM,CVL Warrior Field,LV2CVL1,,LV2CVL1,
551,4/21/12,12:00 PM,KEN Legacy Field C,BYC1KEN2,,BYC1KEN2,
208,4/21/12,2:00 PM,KEN Legacy Field C,CVLKEN,,CVLKEN,
150,4/21/12,4:00 PM,KEN Legacy Field C,AVGKEN,,AVGKEN,
45,4/21/12,4:00 PM,LV Fellowship Field,AVGLV,,AVGLV,
447,4/21/12,10:00 AM,LV Hoeffecker,WC4LV,,WC4LV,
210,4/21/12,12:00 PM,LV Hoeffecker,ABGLV,,ABGLV,
307,4/21/12,2:00 PM,LV Hoeffecker,LV2LV1,,LV2LV1,
352,4/21/12,12:00 PM,PHX PMYC,ST1PHX,,ST1PHX,
252,4/21/12,2:00 PM,PHX PMYC,CVLPHX,,CVLPHX,
160,4/21/12,10:00 AM,ST TE Middle Sch 1,ABGST,,ABGST,
495,4/21/12,12:00 PM,ST TE Middle Sch 1,PHXST,,PHXST,
58,4/21/12,10:00 AM,ST Wilson Park CYL,COVST,,COVST,
299,4/21/12,2:00 PM,ST Wilson Park CYL,WC1ST,,WC1ST,
115,4/21/12,12:00 PM,ST Wilson Park TEYSA,LV2ST1,,LV2ST1,
330,4/21/12,12:00 PM,UNV Patton MS 17,AVGUNV,,AVGUNV,
385,4/21/12,2:00 PM,UNV Upland Country DS,WC2UNV,,WC2UNV,
118,4/21/12,4:00 PM,UNV Upland Country DS,ST2UNV,,ST2UNV,
53,4/21/12,4:00 PM,WB Downingtown MS,BYCWB,,BYCWB,
397,4/21/12,10:00 AM,WB Embreeville,KENWB,,KENWB,
270,4/21/12,12:00 PM,WB Embreeville,COVWB,,COVWB,
576,4/21/12,2:00 PM,WB Embreeville,CVL2WB,,CVL2WB,
426,4/21/12,10:00 AM,WC Kelly Field,CVLWC3,,CVLWC3,
517,4/21/12,12:00 PM,WC Kelly Field,UNV2WC,,UNV2WC,
217,4/21/12,2:00 PM,WC Kelly Field,ASHWC,,ASHWC,
125,4/21/12,4:00 PM,WC Kelly Field,LV1WC,,LV1WC,
241,4/22/12,12:00 PM,ABG Huntingdon Upper,UNVABG,,UNVABG,
191,4/22/12,2:00 PM,ABG Huntingdon Upper,WCABG,,WCABG,
102,4/22/12,12:00 PM,ASH Lower Merion HS,KENASH,,KENASH,
32,4/22/12,2:00 PM,ASH Lower Merion HS,WBASH,,WBASH,
337,4/22/12,2:00 PM,CVL Warrior Field,ABGCVL,,ABGCVL,
23,4/22/12,1:30 PM,GV Great Valley MS,ABGGV,,ABGGV,
97,4/22/12,3:30 PM,GV Great Valley MS,ABGGV,,ABGGV,
40,4/22/12,12:00 PM,ST Wilson Park CYL,AVGST,,AVGST,
86,4/22/12,2:00 PM,WC Kelly Field,COVWC,,COVWC,
237,4/23/12,6:30 PM,ABG Huntingdon Upper,CVLABG,,CVLABG,
242,4/23/12,6:30 PM,ASH Lower Merion HS,BYCASH,,BYCASH,
225,4/23/12,6:30 PM,AVG Avon Grove HS,LVAVG,,LVAVG,
399,4/23/12,6:30 PM,BYC Garnet Valley MS,WBBYC2,,WBBYC2,
261,4/23/12,6:30 PM,CVL Mt Kirk,BYCCVL,,BYCCVL,
275,4/23/12,6:30 PM,KEN Legacy Field A,PHXKEN,,PHXKEN,
370,4/23/12,6:30 PM,LV Lionville MS,GVLV,,GVLV,
353,4/23/12,6:30 PM,ST TE Middle Sch 1,PHXST2,,PHXST2,
361,4/23/12,6:30 PM,ST TE Middle Sch 2,ASHST1,,ASHST1,
233,4/23/12,6:30 PM,UNV Patton MS 17,KENUNV,,KENUNV,
320,4/23/12,6:30 PM,WB Embreeville,WC2WB,,WC2WB,
453,4/23/12,6:30 PM,WC Kelly Field,AVG2WC1,,AVG2WC1,
120,4/24/12,6:30 PM,AVG Harmony Park,ST2AVG,,ST2AVG,
127,4/24/12,6:30 PM,BYC Garnet Valley MS,LV1BYC,,LV1BYC,
454,4/24/12,6:30 PM,KEN Legacy Field A,WC4KEN,,WC4KEN,
224,4/24/12,6:30 PM,LV Pine Creek,BYCLV,,BYCLV,
366,4/24/12,6:30 PM,ST TE Middle Sch 2,LVST1,,LVST1,
70,4/24/12,6:30 PM,ST Wilson Park CYL,CVLST1,,CVLST1,
132,4/24/12,6:30 PM,UNV Patton MS 17,LV2UNV,,LV2UNV,
402,4/24/12,6:30 PM,UNV Upland Country DS,AVG1UNV,,AVG1UNV,
371,4/24/12,6:30 PM,WC Kelly Field,WC2WC1,,WC2WC1,
136,4/24/12,8:00 PM,WC Kelly Field,GVWC,,GVWC,
584,4/25/12,6:30 PM,AVG Avon Grove HS,LV2AVG3,,LV2AVG3,
562,4/25/12,6:30 PM,AVG Harmony Park,BYC3AVG2,,BYC3AVG2,
175,4/25/12,6:30 PM,BYC Bethel Spr ES 12,STBYC,,STBYC,
467,4/25/12,6:30 PM,COV Batdorf Park,CVL2COV1,,CVL2COV1,
575,4/25/12,6:30 PM,CVL Warrior Field,WCCVL1,,WCCVL1,
559,4/25/12,6:30 PM,KEN Legacy Field B,BYC2KEN2,,BYC2KEN2,
514,4/25/12,6:30 PM,LV Eagleview 1,GVLV3,,GVLV3,
505,4/25/12,6:30 PM,LV Eagleview 2,STLV1,,STLV1,
493,4/25/12,6:30 PM,PHX PMYC,COV2PHX,,COV2PHX,
535,4/25/12,6:30 PM,UNV Patton MS 17,KEN1UNV1,,KEN1UNV1,
28,4/26/12,6:30 PM,ASH Haverford Upper,STASH,,STASH,
9,4/26/12,6:30 PM,CVL Mt Kirk,BYCCVL,,BYCCVL,
282,4/26/12,6:30 PM,PHX PMYC,WBPHX,,WBPHX,
254,4/26/12,6:30 PM,ST Wilson Park TEYSA,CVLST,,CVLST,
181,4/26/12,6:30 PM,WC Kelly Field,WBWC,,WBWC,
16,4/26/12,8:00 PM,WC Kelly Field,COVWC,,COVWC,
501,4/27/12,6:30 PM,ASH Lower Merion HS,LV2ASH,,LV2ASH,
10,4/27/12,6:30 PM,AVG Avon Grove HS,CVLAVG,,CVLAVG,
565,4/27/12,6:30 PM,AVG Harmony Park,AVG1AVG2,,AVG1AVG2,
518,4/27/12,6:30 PM,BYC Bethel Spr ES 12,WCBYC1,,WCBYC1,
475,4/27/12,6:30 PM,CVL Warrior Field,LV3CVL3,,LV3CVL3,
499,4/27/12,6:30 PM,GV Great Valley MS,PHXGV,,PHXGV,
43,4/27/12,6:30 PM,LV Hoeffecker,WBLV,,WBLV,
527,4/27/12,6:30 PM,UNV Patton MS 17,WBUNV2,,WBUNV2,
209,4/28/12,2:00 PM,ABG Huntingdon Upper,ASHABG,,ASHABG,
20,4/28/12,TBD,ABG Samson Festival,ASHABG,,ASHABG,
148,4/28/12,10:00 AM,AVG Avon Grove HS,BYCAVG,,BYCAVG,
304,4/28/12,12:00 PM,AVG Avon Grove HS,LV1AVG,,LV1AVG,
452,4/28/12,2:00 PM,AVG Avon Grove HS,WC2AVG1,,WC2AVG1,
171,4/28/12,10:00 AM,AVG Harmony Park,ASHAVG,,ASHAVG,
541,4/28/12,12:00 PM,AVG Harmony Park,UNV1AVG2,,UNV1AVG2,
407,4/28/12,2:00 PM,AVG Harmony Park,BYC1AVG2,,BYC1AVG2,
553,4/28/12,10:00 AM,BYC Bethel Spr ES 12,BYC1BYC2,,BYC1BYC2,
561,4/28/12,12:00 PM,BYC Bethel Spr ES 12,AVG3BYC3,,AVG3BYC3,
200,4/28/12,2:00 PM,BYC Bethel Spr ES 12,LVBYC,,LVBYC,
311,4/28/12,4:00 PM,BYC Garnet Valley MS,LV2BYC,,LV2BYC,
271,4/28/12,2:00 PM,COV Batdorf Park,WC2COV,,WC2COV,
458,4/28/12,4:00 PM,COV Batdorf Park,CVL1COV2,,CVL1COV2,
344,4/28/12,2:00 PM,COV West Vincent Twp,ASHCOV,,ASHCOV,
415,4/28/12,10:00 AM,CVL Black Rock 6,WC1CVL,,WC1CVL,
259,4/28/12,12:00 PM,CVL Mt Kirk,WBCVL,,WBCVL,
69,4/28/12,2:00 PM,CVL Mt Kirk,ASHCVL,,ASHCVL,
1,4/28/12,4:00 PM,CVL Mt Kirk,COVCVL,,COVCVL,
480,4/28/12,2:00 PM,CVL Warrior Field,STCVL3,,STCVL3,
367,4/28/12,2:00 PM,GV Great Valley MS,ST1GV,,ST1GV,
64,4/28/12,4:00 PM,GV Great Valley MS,AVGGV,,AVGGV,
411,4/28/12,10:00 AM,KEN Legacy Field C,BYC2KEN,,BYC2KEN,
586,4/28/12,12:00 PM,KEN Legacy Field C,GVKEN2,,GVKEN2,
524,4/28/12,2:00 PM,KEN Legacy Field C,WCKEN1,,WCKEN1,
91,4/28/12,4:00 PM,KEN Legacy Field C,ABGKEN,,ABGKEN,
131,4/28/12,10:00 AM,LV Hoeffecker,WCLV2,,WCLV2,
360,4/28/12,12:00 PM,LV Hoeffecker,ABGLV,,ABGLV,
226,4/28/12,2:00 PM,LV Hoeffecker,KENLV,,KENLV,
482,4/28/12,4:00 PM,LV Hoeffecker,COV1LV2,,COV1LV2,
498,4/28/12,10:00 AM,PHX PMYC,LV3PHX,,LV3PHX,
280,4/28/12,12:00 PM,PHX PMYC,WC1PHX,,WC1PHX,
113,4/28/12,12:00 PM,ST Wilson Park TEYSA,ST2ST1,,ST2ST1,
39,4/28/12,2:00 PM,ST Wilson Park TEYSA,BYCST,,BYCST,
231,4/28/12,2:00 PM,UNV Upland Country DS,BYCUNV,,BYCUNV,
398,4/28/12,10:00 AM,WB Embreeville,UNVWB,,UNVWB,
390,4/28/12,12:00 PM,WC Kelly Field,WC3WC4,,WC3WC4,
162,4/28/12,2:00 PM,WC Kelly Field,ABGWC,,ABGWC,
42,4/28/12,4:00 PM,WC Kelly Field,LVWC,,LVWC,
211,4/29/12,12:00 PM,ABG Huntingdon Upper,WCABG,,WCABG,
161,4/29/12,2:00 PM,ABG Huntingdon Upper,LVABG,,LVABG,
345,4/29/12,4:00 PM,ABG Huntingdon Upper,COVABG,,COVABG,
30,4/29/12,2:00 PM,ASH Lower Merion HS,GVASH,,GVASH,
272,4/29/12,4:00 PM,BYC Garnet Valley MS,COVBYC,,COVBYC,
114,4/29/12,2:00 PM,LV Hoeffecker,ST1LV1,,ST1LV1,
99,4/29/12,12:00 PM,UNV Upland Country DS,ABGUNV,,ABGUNV,
25,4/29/12,12:00 PM,WB Downingtown MS,ABGWB,,ABGWB,
220,4/30/12,6:30 PM,ASH Lower Merion HS,AVGASH,,AVGASH,
388,4/30/12,6:30 PM,AVG Avon Grove HS,WC3AVG2,,WC3AVG2,
255,4/30/12,6:30 PM,CVL Black Rock 6,LV1CVL,,LV1CVL,
369,4/30/12,6:30 PM,GV Great Valley MS,ST2GV,,ST2GV,
239,4/30/12,6:30 PM,LV Pine Creek,CVLLV,,CVLLV,
404,4/30/12,6:30 PM,UNV Patton MS 17,BYC1UNV,,BYC1UNV,
328,4/30/12,6:30 PM,WB Embreeville,KENWB,,KENWB,
247,4/30/12,6:30 PM,WC Kelly Field,BYCWC,,BYCWC,
300,4/30/12,8:00 PM,WC Kelly Field,STWC2,,STWC2,
289,4/30/12,6:30 PM,WC Rustin HS,ASHWC1,,ASHWC1,
92,5/1/12,6:30 PM,ABG Huntingdon Upper,ASHABG,,ASHABG,
83,5/1/12,6:30 PM,COV OJR HS,ST1COV,,ST1COV,
71,5/1/12,6:30 PM,CVL Black Rock 6,ST2CVL,,ST2CVL,
339,5/1/12,6:30 PM,CVL Mt Kirk,ST1CVL,,ST1CVL,
137,5/1/12,6:30 PM,GV Great Valley MS,UNVGV,,UNVGV,
133,5/1/12,6:30 PM,LV Hoeffecker,BYCLV2,,BYCLV2,
363,5/1/12,6:30 PM,LV Lionville MS,ASHLV,,ASHLV,
144,5/1/12,6:30 PM,WC Henderson HS,KENWC,,KENWC,
416,5/1/12,6:30 PM,WC Rustin HS,COVWC2,,COVWC2,
566,5/2/12,6:30 PM,AVG Avon Grove HS,AVG3AVG1,,AVG3AVG1,
563,5/2/12,6:30 PM,BYC Bethel Spr ES 12,KEN2BYC3,,KEN2BYC3,
579,5/2/12,7:00 PM,COV OJR HS,BYC1COV2,,BYC1COV2,
478,5/2/12,6:30 PM,CVL Warrior Field,PHXCVL3,,PHXCVL3,
585,5/2/12,6:30 PM,LV Eagleview 2,KEN1LV3,,KEN1LV3,
189,5/2/12,6:30 PM,ST TE Middle Sch 2,CVLST,,CVLST,
199,5/2/12,6:30 PM,WB Embreeville,AVGWB,,AVGWB,
519,5/2/12,6:30 PM,WC Kelly Field,BYC2WC,,BYC2WC,
284,5/3/12,6:30 PM,ASH Haverford Upper,BYCASH,,BYCASH,
13,5/3/12,6:30 PM,COV Batdorf Park,STCOV,,STCOV,
48,5/3/12,6:30 PM,GV Great Valley MS,BYCGV,,BYCGV,
29,5/3/12,6:30 PM,LV Hoeffecker,ASHLV,,ASHLV,
312,5/3/12,6:30 PM,LV Pine Creek,AVGLV2,,AVGLV2,
283,5/3/12,6:30 PM,UNV Upland Country DS,PHXUNV,,PHXUNV,
34,5/4/12,6:30 PM,ASH Haverford Upper,AVGASH,,AVGASH,
170,5/4/12,6:30 PM,ASH Lower Merion HS,BYCASH,,BYCASH,
533,5/4/12,6:30 PM,AVG Harmony Park,WBAVG3,,WBAVG3,
547,5/4/12,6:30 PM,BYC Bethel Spr ES 12,UNV2BYC2,,UNV2BYC2,
494,5/4/12,6:30 PM,COV OJR HS,ASHCOV2,,ASHCOV2,
583,5/4/12,6:30 PM,LV Eagleview 1,AVG2LV1,,AVG2LV1,
177,5/4/12,6:30 PM,LV Eagleview 2,WCLV,,WCLV,
176,5/4/12,6:30 PM,ST TE Middle Sch 1,AVGST,,AVGST,
506,5/4/12,6:30 PM,ST TE Middle Sch 2,LV2ST,,LV2ST,
540,5/4/12,6:30 PM,UNV Patton MS 17,AVG1UNV1,,AVG1UNV1,
98,5/5/12,10:00 AM,ABG Huntingdon Upper,WCABG,,WCABG,
359,5/5/12,12:00 PM,ABG Huntingdon Upper,GVABG,,GVABG,
80,5/5/12,12:00 PM,ASH Shipley Farm Field,COVASH,,COVASH,
503,5/5/12,2:00 PM,ASH Shipley Farm Field,GVASH,,GVASH,
54,5/5/12,10:00 AM,AVG Avon Grove HS,WBAVG,,WBAVG,
262,5/5/12,12:00 PM,AVG Avon Grove HS,CVLAVG,,CVLAVG,
568,5/5/12,2:00 PM,AVG Avon Grove HS,KEN2AVG1,,KEN2AVG1,
395,5/5/12,2:00 PM,AVG Harmony Park,WC4AVG1,,WC4AVG1,
558,5/5/12,4:00 PM,BYC Bethel Spr ES 12,KEN1BYC2,,KEN1BYC2,
33,5/5/12,10:00 AM,BYC Garnet Valley MS,ASHBYC,,ASHBYC,
408,5/5/12,12:00 PM,BYC Garnet Valley MS,KENBYC1,,KENBYC1,
422,5/5/12,2:00 PM,BYC Garnet Valley MS,LVBYC2,,LVBYC2,
346,5/5/12,2:00 PM,COV Batdorf Park,ST2COV,,ST2COV,
267,5/5/12,4:00 PM,COV Batdorf Park,STCOV,,STCOV,
77,5/5/12,2:00 PM,CVL Mt Kirk,BYCCVL,,BYCCVL,
7,5/5/12,4:00 PM,CVL Mt Kirk,WCCVL,,WCCVL,
459,5/5/12,10:00 AM,CVL Warrior Field,PHXCVL1,,PHXCVL1,
468,5/5/12,12:00 PM,CVL Warrior Field,COV2CVL2,,COV2CVL2,
201,5/5/12,2:00 PM,CVL Warrior Field,ABGCVL,,ABGCVL,
151,5/5/12,4:00 PM,CVL Warrior Field,ABGCVL,,ABGCVL,
116,5/5/12,2:00 PM,GV Great Valley MS,ST1GV,,ST1GV,
36,5/5/12,4:00 PM,GV Great Valley MS,STGV,,STGV,
313,5/5/12,10:00 AM,KEN Legacy Field C,LV2KEN,,LV2KEN,
129,5/5/12,12:00 PM,KEN Legacy Field C,LV1KEN,,LV1KEN,
122,5/5/12,10:00 AM,LV Hoeffecker,ST2LV2,,ST2LV2,
14,5/5/12,12:00 PM,LV Hoeffecker,COVLV,,COVLV,
197,5/5/12,2:00 PM,LV Hoeffecker,WBLV,,WBLV,
351,5/5/12,10:00 AM,PHX PMYC,ASHPHX,,ASHPHX,
276,5/5/12,12:00 PM,PHX PMYC,ASHPHX,,ASHPHX,
195,5/5/12,10:00 AM,ST TE Middle Sch 2,BYCST,,BYCST,
536,5/5/12,12:00 PM,UNV Patton MS 17,UNV1UNV2,,UNV1UNV2,
146,5/5/12,2:00 PM,UNV Upland Country DS,AVGUNV,,AVGUNV,
246,5/5/12,4:00 PM,UNV Upland Country DS,WCUNV,,WCUNV,
528,5/5/12,10:00 AM,WB Embreeville,BYC1WB,,BYC1WB,
523,5/5/12,10:00 AM,WC Kelly Field,AVG3WC,,AVG3WC,
183,5/5/12,12:00 PM,WC Kelly Field,AVGWC,,AVGWC,
382,5/5/12,2:00 PM,WC Kelly Field,WBWC2,,WBWC2,
321,5/5/12,4:00 PM,WC Kelly Field,UNVWC2,,UNVWC2,
317,5/5/12,12:00 PM,WC Rustin HS,BYCWC1,,BYCWC1,
375,5/5/12,2:00 PM,WC Rustin HS,UNVWC1,,UNVWC1,
425,5/6/12,12:00 PM,ABG Huntingdon Upper,WC2ABG,,WC2ABG,
419,5/6/12,12:00 PM,ASH Lower Merion HS,WBASH,,WBASH,
81,5/6/12,2:00 PM,COV Batdorf Park,ABGCOV,,ABGCOV,
57,5/6/12,2:00 PM,CVL Warrior Field,ABGCVL,,ABGCVL,
124,5/6/12,2:00 PM,LV Hoeffecker,GVLV1,,GVLV1,
212,5/6/12,12:00 PM,UNV Upland Country DS,ABGUNV,,ABGUNV,
290,5/7/12,6:30 PM,ASH Lower Merion HS,LV2ASH,,LV2ASH,
332,5/7/12,6:30 PM,AVG Avon Grove HS,BYCAVG,,BYCAVG,
427,5/7/12,6:30 PM,COV OJR HS,WC4COV,,WC4COV,
305,5/7/12,6:30 PM,LV Pine Creek,KENLV1,,KENLV1,
354,5/7/12,6:30 PM,PHX PMYC,LVPHX,,LVPHX,
365,5/7/12,6:30 PM,ST TE Middle Sch 1,ST1ST2,,ST1ST2,
389,5/7/12,6:30 PM,WC Kelly Field,KENWC3,,KENWC3,
96,5/8/12,6:30 PM,ABG Huntingdon Upper,LV2ABG,,LV2ABG,
338,5/8/12,6:30 PM,ASH Lower Merion HS,CVLASH,,CVLASH,
202,5/8/12,6:30 PM,ASH Shipley Farm Field,CVLASH,,CVLASH,
401,5/8/12,6:30 PM,AVG Harmony Park,WBAVG2,,WBAVG2,
376,5/8/12,6:30 PM,BYC Garnet Valley MS,WC1BYC1,,WC1BYC1,
89,5/8/12,6:30 PM,COV Batdorf Park,UNVCOV,,UNVCOV,
128,5/8/12,6:30 PM,LV Hoeffecker,AVGLV1,,AVGLV1,
121,5/8/12,6:30 PM,ST Wilson Park TEYSA,KENST2,,KENST2,
107,5/8/12,6:30 PM,WC Rustin HS,ASHWC,,ASHWC,
549,5/9/12,6:30 PM,AVG Avon Grove HS,BYC1AVG1,,BYC1AVG1,
520,5/9/12,6:30 PM,BYC Bethel Spr ES 12,WCBYC3,,WCBYC3,
434,5/9/12,6:30 PM,COV OJR HS,KENCOV,,KENCOV,
574,5/9/12,6:30 PM,KEN Legacy Field B,KEN2KEN1,,KEN2KEN1,
481,5/9/12,6:30 PM,LV Eagleview 1,CVL3LV1,,CVL3LV1,
473,5/9/12,6:30 PM,LV Eagleview 2,CVL2LV2,,CVL2LV2,
508,5/9/12,6:30 PM,ST TE Middle Sch 1,GVST,,GVST,
196,5/9/12,6:30 PM,WC Kelly Field,LVWC,,LVWC,
281,5/9/12,8:00 PM,WC Kelly Field,PHXWC2,,PHXWC2,
44,5/10/12,6:30 PM,BYC Garnet Valley MS,LVBYC,,LVBYC,
6,5/10/12,6:30 PM,GV Great Valley MS,CVLGV,,CVLGV,
297,5/10/12,6:30 PM,ST Wilson Park CYL,LV1ST,,LV1ST,
37,5/10/12,6:30 PM,ST Wilson Park TEYSA,WCST,,WCST,
309,5/10/12,6:30 PM,WB Embreeville,LV2WB,,LV2WB,
460,5/11/12,6:30 PM,ASH Lower Merion HS,CVL1ASH,,CVL1ASH,
27,5/11/12,6:30 PM,AVG Avon Grove HS,ABGAVG,,ABGAVG,
542,5/11/12,6:30 PM,AVG Harmony Park,UNV2AVG3,,UNV2AVG3,
186,5/11/12,6:30 PM,BYC Bethel Spr ES 12,AVGBYC,,AVGBYC,
472,5/11/12,6:30 PM,CVL Warrior Field,LV1CVL2,,LV1CVL2,
537,5/11/12,6:30 PM,UNV Patton MS 17,BYC1UNV1,,BYC1UNV1,
22,5/12/12,4:00 PM,ABG Huntingdon Upper,LVABG,,LVABG,
100,5/12/12,10:00 AM,ASH Haverford Upper,BYCASH,,BYCASH,
12,5/12/12,12:00 PM,ASH Haverford Upper,COVASH,,COVASH,
286,5/12/12,12:00 PM,ASH Shipley Farm Field,KENASH,,KENASH,
356,5/12/12,2:00 PM,ASH Shipley Farm Field,ABGASH,,ABGASH,
414,5/12/12,9:00 AM,AVG Avon Grove HS,KENAVG2,,KENAVG2,
134,5/12/12,11:00 AM,AVG Avon Grove HS,LV2AVG,,LV2AVG,
236,5/12/12,1:00 PM,AVG Avon Grove HS,KENAVG,,KENAVG,
569,5/12/12,1:00 PM,AVG Avon Grove HS,AVG2AVG3,,AVG2AVG3,
318,5/12/12,3:00 PM,AVG Avon Grove HS,WC1AVG,,WC1AVG,
206,5/12/12,10:00 AM,BYC Bethel Spr ES 12,CVLBYC,,CVLBYC,
529,5/12/12,12:00 PM,BYC Bethel Spr ES 12,WBBYC2,,WBBYC2,
554,5/12/12,2:00 PM,BYC Bethel Spr ES 12,BYC3BYC1,,BYC3BYC1,
322,5/12/12,10:00 AM,BYC Garnet Valley MS,WC2BYC,,WC2BYC,
55,5/12/12,12:00 PM,BYC Garnet Valley MS,AVGBYC,,AVGBYC,
405,5/12/12,2:00 PM,BYC Garnet Valley MS,UNVBYC2,,UNVBYC2,
484,5/12/12,4:00 PM,COV Batdorf Park,GVCOV1,,GVCOV1,
477,5/12/12,10:00 AM,CVL Warrior Field,COV2CVL3,,COV2CVL3,
423,5/12/12,12:15PM,GV Great Valley MS,AVG1GV,,AVG1GV,
140,5/12/12,10:00 AM,KEN Legacy Field C,GVKEN,,GVKEN,
567,5/12/12,12:00 PM,KEN Legacy Field C,AVG1KEN1,,AVG1KEN1,
507,5/12/12,12:00 PM,LV Eagleview 1,STLV3,,STLV3,
509,5/12/12,2:00 PM,LV Eagleview 1,LV1LV2,,LV1LV2,
256,5/12/12,12:00 PM,LV Hoeffecker,CVLLV2,,CVLLV2,
266,5/12/12,2:00 PM,LV Hoeffecker,COVLV1,,COVLV1,
72,5/12/12,4:00 PM,LV Hoeffecker,CVLLV1,,CVLLV1,
469,5/12/12,2:00 PM,PHX PMYC,CVL2PHX,,CVL2PHX,
347,5/12/12,12:00 PM,ST TE Middle Sch 2,COVST1,,COVST1,
340,5/12/12,2:00 PM,ST TE Middle Sch 2,CVLST2,,CVLST2,
4,5/12/12,10:00 AM,ST Wilson Park CYL,CVLST,,CVLST,
82,5/12/12,2:00 PM,ST Wilson Park CYL,COVST2,,COVST2,
277,5/12/12,10:00 AM,ST Wilson Park TEYSA,PHXST,,PHXST,
93,5/12/12,12:00 PM,ST Wilson Park TEYSA,ABGST1,,ABGST1,
325,5/12/12,10:00 AM,UNV Patton MS 17,WBUNV,,WBUNV,
141,5/12/12,12:00 PM,UNV Patton MS 17,WCUNV,,WCUNV,
544,5/12/12,2:00 PM,UNV Patton MS 17,KEN2UNV2,,KEN2UNV2,
223,5/12/12,4:00 PM,UNV Patton MS 17,LVUNV,,LVUNV,
156,5/12/12,12:00 PM,WB Embreeville,CVLWB,,CVLWB,
50,5/12/12,10:00 AM,WC Kelly Field,WBWC,,WBWC,
372,5/12/12,12:00 PM,WC Kelly Field,WC1WC3,,WC1WC3,
173,5/12/12,2:00 PM,WC Kelly Field,STWC,,STWC,
383,5/12/12,4:00 PM,WC Kelly Field,WC2WC4,,WC2WC4,
163,5/13/12,12:00 PM,ABG Huntingdon Upper,WBABG,,WBABG,
215,5/13/12,2:00 PM,ABG Huntingdon Upper,KENABG,,KENABG,
364,5/14/12,6:30 PM,ASH Lower Merion HS,GVASH,,GVASH,
243,5/14/12,6:30 PM,AVG Avon Grove HS,ASHAVG,,ASHAVG,
228,5/14/12,6:30 PM,BYC Bethel Spr ES 12,WCBYC,,WCBYC,
343,5/14/12,6:30 PM,COV OJR HS,PHXCOV,,PHXCOV,
441,5/14/12,6:30 PM,ST TE Middle Sch 1,UNVST2,,UNVST2,
440,5/14/12,6:30 PM,WC Kelly Field,ST1WC4,,ST1WC4,
94,5/15/12,6:30 PM,ABG Huntingdon Upper,ST2ABG,,ST2ABG,
149,5/15/12,6:30 PM,BYC Garnet Valley MS,KENBYC,,KENBYC,
87,5/15/12,6:30 PM,COV OJR HS,GVCOV,,GVCOV,
105,5/15/12,6:30 PM,LV Hoeffecker,ASHLV2,,ASHLV2,
222,5/15/12,6:30 PM,LV Pine Creek,WCLV,,WCLV,
165,5/16/12,6:30 PM,ABG Huntingdon Upper,AVGABG,,AVGABG,
152,5/16/12,6:30 PM,ASH Lower Merion HS,CVLASH,,CVLASH,
580,5/16/12,6:30 PM,BYC Bethel Spr ES 12,PHXBYC2,,PHXBYC2,
476,5/16/12,6:30 PM,COV Batdorf Park,CVL3COV1,,CVL3COV1,
512,5/16/12,6:30 PM,LV Eagleview 2,LV3LV2,,LV3LV2,
172,5/16/12,6:30 PM,ST TE Middle Sch 2,LVST,,LVST,
288,5/17/12,6:30 PM,ASH Haverford Upper,STASH,,STASH,
49,5/17/12,6:30 PM,AVG Harmony Park,GVAVG,,GVAVG,
269,5/17/12,6:30 PM,COV Batdorf Park,LV2COV,,LV2COV,
17,5/17/12,6:30 PM,COV OJR HS,WBCOV,,WBCOV,
63,5/17/12,6:30 PM,LV Hoeffecker,BYCLV,,BYCLV,
278,5/17/12,6:30 PM,PHX PMYC,LV1PHX,,LV1PHX,
316,5/17/12,6:30 PM,UNV Upland Country DS,WC1UNV1,,WC1UNV1,
31,5/17/12,6:30 PM,WC Kelly Field,ASHWC,,ASHWC,
168,5/18/12,6:30 PM,ASH Lower Merion HS,WCASH,,WCASH,
78,5/18/12,6:30 PM,AVG Harmony Park,CVLAVG,,CVLAVG,
545,5/18/12,6:30 PM,BYC Bethel Spr ES 12,UNV2BYC1,,UNV2BYC1,
486,5/18/12,6:30 PM,COV OJR HS,ASHCOV1,,ASHCOV1,
577,5/18/12,6:30 PM,CVL Warrior Field,UNV1CVL3,,UNV1CVL3,
178,5/18/12,6:30 PM,WB Embreeville,LVWB,,LVWB,
218,5/19/12,10:00 AM,ASH Lower Merion HS,UNVASH,,UNVASH,
439,5/19/12,12:00 PM,ASH Lower Merion HS,WC2ASH,,WC2ASH,
192,5/19/12,2:00 PM,ASH Lower Merion HS,WBASH,,WBASH,
104,5/19/12,4:00 PM,ASH Lower Merion HS,ST1ASH,,ST1ASH,
264,5/19/12,12:00 PM,ASH Shipley Farm Field,COVASH,,COVASH,
572,5/19/12,12:00 PM,AVG Avon Grove HS,KEN1AVG3,,KEN1AVG3,
451,5/19/12,2:00 PM,BYC Garnet Valley MS,BYC2BYC1,,BYC2BYC1,
66,5/19/12,4:00 PM,BYC Garnet Valley MS,WBBYC,,WBBYC,
485,5/19/12,12:00 PM,COV OJR HS,COV1COV2,,COV1COV2,
85,5/19/12,2:00 PM,COV OJR HS,LV1COV,,LV1COV,
15,5/19/12,4:00 PM,COV OJR HS,GVCOV,,GVCOV,
435,5/19/12,10:00 AM,CVL Mt Kirk,AVG2CVL,,AVG2CVL,
73,5/19/12,12:00 PM,CVL Mt Kirk,LV2CVL,,LV2CVL,
5,5/19/12,2:00 PM,CVL Mt Kirk,LVCVL,,LVCVL,
257,5/19/12,4:00 PM,CVL Mt Kirk,WC1CVL,,WC1CVL,
157,5/19/12,10:00 AM,CVL Warrior Field,BYCCVL,,BYCCVL,
461,5/19/12,12:00 PM,CVL Warrior Field,STCVL1,,STCVL1,
470,5/19/12,2:00 PM,CVL Warrior Field,ASHCVL2,,ASHCVL2,
207,5/19/12,4:00 PM,CVL Warrior Field,AVGCVL,,AVGCVL,
510,5/19/12,12:15 PM,GV Great Valley MS,LV1GV,,LV1GV,
448,5/19/12,2:00 PM,GV Great Valley MS,WBGV,,WBGV,
139,5/19/12,4:00 PM,GV Great Valley MS,AVGGV,,AVGGV,
570,5/19/12,12:00 PM,KEN Legacy Field C,AVG2KEN2,,AVG2KEN2,
147,5/19/12,2:00 PM,KEN Legacy Field C,UNVKEN,,UNVKEN,
331,5/19/12,4:00 PM,KEN Legacy Field C,UNVKEN,,UNVKEN,
349,5/19/12,12:00 PM,LV Pine Creek,COVLV,,COVLV,
190,5/19/12,2:00 PM,LV Pine Creek,ABGLV,,ABGLV,
21,5/19/12,10:00 AM,ST Wilson Park TEYSA,ABGST,,ABGST,
538,5/19/12,10:00 AM,UNV Patton MS 17,BYC2UNV1,,BYC2UNV1,
530,5/19/12,2:00 PM,WB Embreeville,BYC3WB,,BYC3WB,
326,5/19/12,4:00 PM,WB Embreeville,BYCWB,,BYCWB,
521,5/19/12,10:00 AM,WC Kelly Field,AVG1WC,,AVG1WC,
424,5/19/12,12:00 PM,WC Kelly Field,PHXWC1,,PHXWC1,
323,5/19/12,2:00 PM,WC Kelly Field,AVGWC2,,AVGWC2,
142,5/19/12,4:00 PM,WC Kelly Field,BYCWC,,BYCWC,
438,5/19/12,12:00 PM,WC Rustin HS,ABGWC3,,ABGWC3,
240,5/19/12,2:00 PM,WC Rustin HS,ABGWC,,ABGWC,
52,5/19/12,4:00 PM,WC Rustin HS,AVGWC,,AVGWC,
Blackout,5/20/12, ,PPL PARK !!,,,,
412,5/21/12,6:30 PM,AVG Avon Grove HS,AVG2AVG1,,AVG2AVG1,
393,5/21/12,6:30 PM,BYC Garnet Valley MS,WC4BYC1,,WC4BYC1,
403,5/21/12,6:30 PM,KEN Kennett MS,UNVKEN,,UNVKEN,
230,5/21/12,6:30 PM,KEN Legacy Field A,WCKEN,,WCKEN,
279,5/21/12,6:30 PM,LV Pine Creek,PHXLV2,,PHXLV2,
336,5/21/12,6:30 PM,PHX PMYC,CVLPHX,,CVLPHX,
368,5/21/12,6:30 PM,ST TE Middle Sch 2,LVST2,,LVST2,
268,5/21/12,6:30 PM,WC Kelly Field,COVWC1,,COVWC1,
216,5/22/12,6:30 PM,ASH Shipley Farm Field,LVASH,,LVASH,
143,5/22/12,6:30 PM,AVG Harmony Park,WCAVG,,WCAVG,
234,5/22/12,6:30 PM,BYC Bethel Spr ES 12,AVGBYC,,AVGBYC,
145,5/22/12,6:30 PM,BYC Garnet Valley MS,UNVBYC,,UNVBYC,
348,5/22/12,6:30 PM,COV Batdorf Park,GVCOV,,GVCOV,
74,5/22/12,6:30 PM,GV Great Valley MS,CVLGV,,CVLGV,
112,5/22/12,6:30 PM,KEN Legacy Field A,ST1KEN,,ST1KEN,
84,5/22/12,6:30 PM,LV Hoeffecker,COVLV2,,COVLV2,
446,5/22/12,6:30 PM,ST TE Middle Sch 2,WC3ST1,,WC3ST1,
103,5/22/12,6:30 PM,ST Wilson Park TEYSA,ASHST2,,ASHST2,
377,5/22/12,6:30 PM,WC Kelly Field,BYC2WC1,,BYC2WC1,
166,5/23/12,6:30 PM,ASH Lower Merion HS,STASH,,STASH,
180,5/23/12,6:30 PM,AVG Avon Grove HS,LVAVG,,LVAVG,
522,5/23/12,6:30 PM,AVG Harmony Park,WCAVG2,,WCAVG2,
552,5/23/12,6:30 PM,BYC Bethel Spr ES 12,KEN1BYC1,,KEN1BYC1,
492,5/23/12,6:30 PM,COV OJR HS,LV3COV2,,LV3COV2,
513,5/23/12,6:30 PM,GV Great Valley MS,LV2GV,,LV2GV,
573,5/23/12,6:30 PM,KEN Legacy Field B,AVG3KEN2,,AVG3KEN2,
462,5/23/12,6:30 PM,LV Eagleview 1,CVL1LV1,,CVL1LV1,
487,5/23/12,6:30 PM,PHX PMYC,COV1PHX,,COV1PHX,
471,5/23/12,6:30 PM,ST TE Middle Sch 1,CVL2ST,,CVL2ST,
184,5/23/12,6:30 PM,WB Embreeville,BYCWB,,BYCWB,
26,5/24/12,6:30 PM,ABG Huntingdon Upper,BYCABG,,BYCABG,
327,5/24/12,6:30 PM,AVG Harmony Park,WBAVG,,WBAVG,
329,5/24/12,6:30 PM,BYC Garnet Valley MS,UNVBYC,,UNVBYC,
19,5/24/12,7:00 PM,COV OJR HS,AVGCOV,,AVGCOV,
46,5/24/12,6:30 PM,GV Great Valley MS,WCGV,,WCGV,
296,5/24/12,6:30 PM,KEN Legacy Field B,STKEN,,STKEN,
287,5/24/12,6:30 PM,LV Pine Creek,ASHLV1,,ASHLV1,
35,5/24/12,6:30 PM,ST Wilson Park TEYSA,LVST,,LVST,
8,5/24/12,6:30 PM,WB Downingtown MS,CVLWB,,CVLWB,
258,5/24/12,6:30 PM,WC Kelly Field,CVLWC2,,CVLWC2,
Make-up 1,5/25/12,6:30PM,TBA,,,,
Blackout,5/26/12,,,,,,
Blackout,5/27/12,,,,,,
Blackout,5/28/12,,,,,,
Make-up 2,5/29/12,6:30PM,TBA,,,,
Playoff 1,5/30/12,6:30 PM,TBA: Playoff Round 1,,,,
Playoff 1,5/30/12,6:30 PM,TBA: Playoff Round 1,,,,
Playoff 1,5/31/12,6:30 PM,TBA: Playoff Round 1,,,,
Playoff 1,5/31/12,6:30 PM,TBA: Playoff Round 1,,,,
Playoff 2,6/2/12,6:30 PM,TBA: Playoff Round 2,,,,
Playoff 2,6/2/12,6:30 PM,TBA: Playoff Round 2,,,,
Playoff 2,6/3/12,6:30 PM,TBA: Playoff Round 2,,,,
Playoff 2,6/3/12,6:30 PM,TBA: Playoff Round 2,,,,
Champ,6/5/12,6:30 PM,USTC: Championship,,,,
Champ,6/5/12,8:00 PM,USTC: Championship,,,,
Champ,6/6/12,6:30 PM,USTC: Championship,,,,
Champ,6/6/12,8:00 PM,USTC: Championship,,,,
,,,,,,,
,,,,,,,
,,,,,,,
,,,,,,,
,,,,,,,
,,,,,,,
,,,,,,,
,,,,,,,
,,,,,,,
,,,,,,,
