game,date,time,field,bracket,ROUND,team,SCORE
299,4/1/13,6:30 PM,ST Wilson Park CYL,ABGST,,ABGST,
438,4/1/13,6:30 PM,UNV Patton MS 17,WB2UNV,,WB2UNV,
304,4/1/13,6:30 PM,WC Kelly Field,ASHWC2,,ASHWC2,
62,4/2/13,6:30 PM,ABG Huntingdon Lower S,CVLABG,,CVLABG,
411,4/2/13,6:30 PM,AVG Avon Grove HS 1,WC2AVG1,,WC2AVG1,
372,4/2/13,7:00 PM,COV OJR HS,ST2COV2,,ST2COV2,
193,4/2/13,6:30 PM,CVL Warrior Field,ABGCVL,,ABGCVL,
248,4/2/13,6:30 PM,GV Great Valley HS,KENGV,,KENGV,
430,4/2/13,6:30 PM,KEN Legacy Field B,WC4KEN,,WC4KEN,
110,4/2/13,6:30 PM,LV Hoeffecker,BYCLV,,BYCLV,
401,4/2/13,6:30 PM,LV Lionville MS,LV1LV2,,LV1LV2,
242,4/2/13,6:30 PM,LV Pine Creek 2,AVG2LV2,,AVG2LV2,
361,4/2/13,6:30 PM,PHX PMYC,COV1PHX,,COV1PHX,
389,4/2/13,6:30 PM,ST TE Middle Sch 2,ASHST1,,ASHST1,
105,4/2/13,6:30 PM,ST Wilson Park CYL,AVGST,,AVGST,
113,4/2/13,6:30 PM,UNV Upland Country DS,GVUNV1,,GVUNV1,
358,4/2/13,6:30 PM,WC Kelly Field,CVLWC1,,CVLWC1,
417,4/2/13,8:00 PM,WC Kelly Field,BYC1WC3,,BYC1WC3,
488,4/3/13,6:30 PM,ABG Huntingdon Lower N,CVL1ABG3,,CVL1ABG3,
538,4/3/13,6:30 PM,ABG Huntingdon Lower S,STABG1,,STABG1,
625,4/3/13,6:30 PM,AVG Harmony Park,BYC3AVG1,,BYC3AVG1,
606,4/3/13,6:30 PM,BYC Bethel Spr ES 12,WB2BYC2,,WB2BYC2,
617,4/3/13,6:30 PM,BYC Concord Municipal 2,KEN1BYC1,,KEN1BYC1,
506,4/3/13,6:30 PM,COV Batdorf Park,CVL3COV1,,CVL3COV1,
560,4/3/13,6:30 PM,GV Great Valley MS,WC2GV1,,WC2GV1,
191,4/3/13,6:30 PM,KEN Legacy Field B,UNVKEN,,UNVKEN,
493,4/3/13,6:30 PM,LV Eagleview 1,CVL2LV3,,CVL2LV3,
147,4/3/13,6:30 PM,LV Eagleview 2,ASHLV,,ASHLV,
532,4/3/13,6:30 PM,PHX PMYC,LV1PHX,,LV1PHX,
156,4/3/13,6:30 PM,ST TE Middle Sch 2,WC2ST,,WC2ST,
611,4/3/13,6:30 PM,UNV Patton MS 17,KEN2UNV,,KEN2UNV,
601,4/3/13,6:30 PM,WB Embreeville,AVG2WB1,,AVG2WB1,
140,4/3/13,6:30 PM,WC Kelly Field,ABGWC1,,ABGWC1,
249,4/3/13,6:30 PM,WC Rustin HS Stadium,BYCWC,,BYCWC,
269,4/4/13,6:30 PM,CVL Black Rock 6,WBCVL,,WBCVL,
48,4/4/13,6:30 PM,CVL Mt Kirk,ABGCVL,,ABGCVL,
319,4/4/13,6:30 PM,GV Great Valley MS,LVGV,,LVGV,
282,4/4/13,6:30 PM,PHX PMYC,BYCPHX,,BYCPHX,
35,4/4/13,6:30 PM,ST Wilson Park TEYSA,AVGST,,AVGST,
333,4/4/13,6:30 PM,WC Kelly Field,WC3WC1,,WC3WC1,
43,4/4/13,8:00 PM,WC Kelly Field,BYCWC,,BYCWC,
182,4/6/13,12:00 PM,ABG Huntingdon Lower N,CVLABG,,CVLABG,
185,4/6/13,10:00 AM,ASH Lower Merion HS,WC2ASH,,WC2ASH,
287,4/6/13,12:00 PM,ASH Lower Merion HS,PHXASH,,PHXASH,
27,4/6/13,2:00 PM,ASH Lower Merion HS,GVASH,,GVASH,
549,4/6/13,4:00 PM,ASH Lower Merion HS,LV2ASH,,LV2ASH,
98,4/6/13,10:00 AM,AVG Avon Grove HS 1,ASHAVG,,ASHAVG,
177,4/6/13,12:00 PM,AVG Avon Grove HS 1,UNVAVG,,UNVAVG,
344,4/6/13,2:00 PM,AVG Avon Grove HS 1,WBAVG,,WBAVG,
598,4/6/13,12:00 PM,BYC Concord Municipal 2,WB1BYC1,,WB1BYC1,
614,4/6/13,2:00 PM,BYC Concord Municipal 2,UNVBYC3,,UNVBYC3,
444,4/6/13,10:00 AM,BYC Garnet Valley MS,UNVBYC1,,UNVBYC1,
454,4/6/13,12:00 PM,BYC Garnet Valley MS,KENBYC2,,KENBYC2,
270,4/6/13,2:00 PM,BYC Garnet Valley MS,CVLBYC,,CVLBYC,
461,4/6/13,2:00 PM,COV OJR HS,WC4COV2,,WC4COV2,
277,4/6/13,4:00 PM,COV OJR HS,LVCOV,,LVCOV,
485,4/6/13,2:00 PM,CVL Warrior Field,PHXCVL1,,PHXCVL1,
494,4/6/13,4:00 PM,CVL Warrior Field,CVL3CVL2,,CVL3CVL2,
217,4/6/13,12:00 PM,GV Great Valley HS,ASHGV,,ASHGV,
325,4/6/13,4:00 PM,GV Great Valley HS,KENGV,,KENGV,
166,4/6/13,12:00 PM,KEN Kennett HS,LVKEN,,LVKEN,
570,4/6/13,12:00 PM,KEN Legacy Field C,GV2KEN2,,GV2KEN2,
623,4/6/13,2:00 PM,KEN Legacy Field C,BYC2KEN1,,BYC2KEN1,
479,4/6/13,10:00 AM,LV Hoeffecker,AVG2LV1,,AVG2LV1,
237,4/6/13,12:00 PM,LV Hoeffecker,KENLV1,,KENLV1,
514,4/6/13,2:00 PM,LV Hoeffecker,COV1LV1,,COV1LV1,
380,4/6/13,12:00 PM,ST TE Middle Sch 1,PHXST2,,PHXST2,
186,4/6/13,2:00 PM,ST TE Middle Sch 1,WC1ST,,WC1ST,
609,4/6/13,4:00 PM,WB Embreeville,AVG2WB2,,AVG2WB2,
590,4/6/13,10:00 AM,WC Kelly Field,AVG1WC2,,AVG1WC2,
419,4/6/13,12:00 PM,WC Kelly Field,AVG1WC3,,AVG1WC3,
392,4/6/13,2:00 PM,WC Kelly Field,ASHWC1,,ASHWC1,
313,4/6/13,4:00 PM,WC Kelly Field,STWC3,,STWC3,
226,4/6/13,12:00 PM,WC Rustin HS Stadium,STWC,,STWC,
559,4/6/13,2:00 PM,WC Rustin HS Stadium,GV1WC1,,GV1WC1,
521,4/7/13,2:00 PM,ABG Huntingdon Lower N,COV2ABG2,,COV2ABG2,
212,4/7/13,2:00 PM,ABG Huntingdon Upper,AVG2ABG,,AVG2ABG,
534,4/7/13,4:00 PM,ABG Huntingdon Upper,LV3ABG1,,LV3ABG1,
54,4/7/13,2:00 PM,ASH Lower Merion HS,AVGASH,,AVGASH,
5,4/7/13,2:00 PM,CVL Warrior Field,LVCVL,,LVCVL,
201,4/7/13,4:00 PM,CVL Warrior Field,AVG1CVL,,AVG1CVL,
297,4/7/13,2:00 PM,KEN Kennett MS,ABGKEN,,ABGKEN,
87,4/7/13,12:00 PM,UNV Upland Country DS,ABGUNV1,,ABGUNV1,
194,4/8/13,6:30 PM,ASH Lower Merion HS,CVLASH,,CVLASH,
445,4/8/13,6:30 PM,AVG Harmony Park,UNVAVG1,,UNVAVG1,
273,4/8/13,7:00 PM,COV OJR HS,PHXCOV,,PHXCOV,
459,4/8/13,6:30 PM,CVL Black Rock 6,WC2CVL,,WC2CVL,
265,4/8/13,6:30 PM,CVL Mt Kirk,GVCVL,,GVCVL,
252,4/8/13,6:30 PM,KEN Kennett HS,WCKEN,,WCKEN,
400,4/8/13,6:30 PM,LV Lionville MS,ST2LV2,,ST2LV2,
439,4/8/13,6:30 PM,WB Embreeville,BYC1WB2,,BYC1WB2,
421,4/8/13,6:30 PM,WC Kelly Field,KENWC3,,KENWC3,
341,4/8/13,8:00 PM,WC Kelly Field,AVGWC3,,AVGWC3,
383,4/9/13,6:30 PM,ASH Lower Merion HS,ABGASH,,ABGASH,
247,4/9/13,6:30 PM,AVG Avon Grove HS 1,GVAVG2,,GVAVG2,
104,4/9/13,6:30 PM,BYC Garnet Valley MS,STBYC,,STBYC,
364,4/9/13,7:00 PM,COV OJR HS,LV1COV1,,LV1COV1,
63,4/9/13,6:30 PM,CVL Mt Kirk,ASHCVL,,ASHCVL,
116,4/9/13,6:30 PM,GV Great Valley HS,AVGGV,,AVGGV,
240,4/9/13,6:30 PM,LV Pine Creek 1,BYCLV2,,BYCLV2,
235,4/9/13,6:30 PM,LV Pine Creek 2,AVG1LV1,,AVG1LV1,
375,4/9/13,6:30 PM,WC Kelly Field,COV2WC1,,COV2WC1,
427,4/9/13,8:00 PM,WC Kelly Field,BYC2WC4,,BYC2WC4,
542,4/10/13,6:30 PM,ABG Huntingdon Lower N,ABG3ABG2,,ABG3ABG2,
486,4/10/13,6:30 PM,ABG Huntingdon Lower S,CVL1ABG1,,CVL1ABG1,
502,4/10/13,6:30 PM,ASH Lower Merion HS,CVL3ASH,,CVL3ASH,
616,4/10/13,6:30 PM,AVG Harmony Park,BYC1AVG2,,BYC1AVG2,
588,4/10/13,6:30 PM,BYC Bethel Spr ES 12,WC2BYC2,,WC2BYC2,
579,4/10/13,6:30 PM,BYC Concord Municipal 2,WC1BYC3,,WC1BYC3,
638,4/10/13,6:30 PM,COV Batdorf Park,GV1COV1,,GV1COV1,
183,4/10/13,6:30 PM,CVL Warrior Field,ASHCVL,,ASHCVL,
184,4/10/13,6:30 PM,LV Eagleview 1,ABGLV,,ABGLV,
555,4/10/13,6:30 PM,LV Eagleview 2,LV1LV2,,LV1LV2,
520,4/10/13,6:30 PM,PHX PMYC,COV2PHX,,COV2PHX,
158,4/10/13,6:30 PM,ST TE Middle Sch 2,BYCST,,BYCST,
615,4/10/13,6:30 PM,UNV Patton MS 17,AVG1UNV,,AVG1UNV,
636,4/10/13,6:30 PM,WB Embreeville,CVL2WB1,,CVL2WB1,
171,4/10/13,6:30 PM,WC Kelly Field,KENWC1,,KENWC1,
172,4/10/13,8:00 PM,WC Kelly Field,UNVWC2,,UNVWC2,
305,4/11/13,6:30 PM,ASH Haverford Upper,BYCASH,,BYCASH,
44,4/11/13,6:30 PM,AVG Avon Grove HS 1,WCAVG,,WCAVG,
34,4/11/13,6:30 PM,BYC Garnet Valley MS,STBYC,,STBYC,
50,4/11/13,7:00 PM,COV OJR HS,LVCOV,,LVCOV,
3,4/11/13,6:30 PM,CVL Mt Kirk,ASHCVL,,ASHCVL,
332,4/11/13,6:30 PM,KEN Legacy Field B,WC1KEN,,WC1KEN,
309,4/11/13,6:30 PM,LV Pine Creek 2,STLV,,STLV,
335,4/11/13,6:30 PM,WB Downingtown MS,WC2WB,,WC2WB,
642,4/13/13,12:00 PM,ABG Huntingdon Upper,WC1ABG2,,WC1ABG2,
388,4/13/13,2:00 PM,ABG Huntingdon Upper,WC1ABG,,WC1ABG,
512,4/13/13,2:00 PM,ASH Lower Merion HS,COV1ASH,,COV1ASH,
150,4/13/13,4:00 PM,ASH Lower Merion HS,UNVASH,,UNVASH,
159,4/13/13,12:00 PM,AVG Avon Grove HS 1,STAVG,,STAVG,
241,4/13/13,2:00 PM,AVG Avon Grove HS 1,LV2AVG1,,LV2AVG1,
58,4/13/13,10:00 AM,AVG Avon Grove HS 2,GVAVG,,GVAVG,
337,4/13/13,12:00 PM,AVG Avon Grove HS 2,WC2AVG,,WC2AVG,
236,4/13/13,2:00 PM,AVG Avon Grove HS 2,LV1AVG2,,LV1AVG2,
219,4/13/13,12:00 PM,BYC Concord Municipal 1,ASHBYC,,ASHBYC,
565,4/13/13,10:00 AM,BYC Concord Municipal 2,GV1BYC2,,GV1BYC2,
173,4/13/13,2:00 PM,BYC Concord Municipal 2,WC2BYC,,WC2BYC,
612,4/13/13,4:00 PM,BYC Concord Municipal 2,UNVBYC1,,UNVBYC1,
115,4/13/13,10:00 AM,BYC Garnet Valley MS,GVBYC,,GVBYC,
453,4/13/13,12:00 PM,BYC Garnet Valley MS,AVG1BYC2,,AVG1BYC2,
78,4/13/13,10:00 AM,COV Batdorf Park,UNV1COV,,UNV1COV,
524,4/13/13,12:00 PM,COV Batdorf Park,LV1COV2,,LV1COV2,
1,4/13/13,10:00 AM,CVL Black Rock 6,COVCVL,,COVCVL,
481,4/13/13,12:00 PM,CVL Warrior Field,CVL2CVL1,,CVL2CVL1,
195,4/13/13,2:00 PM,CVL Warrior Field,STCVL,,STCVL,
578,4/13/13,12:15 PM,GV Great Valley MS,AVG1GV2,,AVG1GV2,
278,4/13/13,2:00 PM,GV Great Valley MS,COVGV,,COVGV,
317,4/13/13,10:00 AM,KEN Legacy Field C,LVKEN,,LVKEN,
458,4/13/13,12:00 PM,KEN Legacy Field C,AVG2KEN,,AVG2KEN,
632,4/13/13,2:00 PM,KEN Legacy Field C,AVG2KEN1,,AVG2KEN1,
130,4/13/13,10:00 AM,LV Eagleview 1,CVLLV,,CVLLV,
533,4/13/13,12:00 PM,LV Eagleview 1,ABG1LV2,,ABG1LV2,
92,4/13/13,2:00 PM,LV Hoeffecker,ASHLV,,ASHLV,
26,4/13/13,4:00 PM,LV Hoeffecker,ASHLV,,ASHLV,
367,4/13/13,12:00 PM,LV Lionville MS,COV1LV2,,COV1LV2,
471,4/13/13,4:00 PM,PHX PMYC,WC3PHX,,WC3PHX,
531,4/13/13,12:00 PM,ST TE Middle Sch 1,PHXST,,PHXST,
398,4/13/13,10:00 AM,ST TE Middle Sch 2,LV1ST2,,LV1ST2,
354,4/13/13,2:00 PM,ST TE Middle Sch 2,CVLST1,,CVLST1,
33,4/13/13,12:00 PM,ST Wilson Park TEYSA,WCST,,WCST,
464,4/13/13,4:00 PM,UNV Upland Country DS,ASHUNV,,ASHUNV,
599,4/13/13,12:00 PM,WB Embreeville,BYC3WB1,,BYC3WB1,
603,4/13/13,2:00 PM,WB Embreeville,KEN2WB2,,KEN2WB2,
311,4/13/13,10:00 AM,WC Kelly Field,STWC1,,STWC1,
209,4/13/13,2:00 PM,WC Kelly Field,ABGWC,,ABGWC,
424,4/13/13,4:00 PM,WC Kelly Field,WB2WC4,,WB2WC4,
406,4/13/13,2:00 PM,WC Rustin HS Grass,WB1WC2,,WB1WC2,
268,4/13/13,4:00 PM,WC Rustin HS Grass,CVLWC3,,CVLWC3,
551,4/14/13,2:00 PM,ASH Lower Merion HS,LV3ASH,,LV3ASH,
295,4/14/13,2:00 PM,BYC Garnet Valley MS,ABGBYC,,ABGBYC,
16,4/14/13,2:00 PM,COV Batdorf Park,BYCCOV,,BYCCOV,
271,4/14/13,4:00 PM,COV Batdorf Park,AVGCOV,,AVGCOV,
135,4/14/13,12:00 PM,CVL Warrior Field,AVGCVL,,AVGCVL,
71,4/14/13,2:00 PM,CVL Warrior Field,AVGCVL,,AVGCVL,
213,4/14/13,2:00 PM,KEN Kennett MS,ABGKEN,,ABGKEN,
55,4/14/13,2:00 PM,LV Hoeffecker,STLV,,STLV,
301,4/15/13,6:30 PM,ASH Lower Merion HS,WC1ASH,,WC1ASH,
234,4/15/13,6:30 PM,BYC Bethel Spr ES 12,LV1BYC,,LV1BYC,
315,4/15/13,6:30 PM,BYC Garnet Valley MS,STBYC,,STBYC,
387,4/15/13,6:30 PM,LV Lionville MS,ABGLV2,,ABGLV2,
443,4/15/13,6:30 PM,WB Embreeville,KENWB2,,KENWB2,
293,4/15/13,6:30 PM,WC Kelly Field,ABGWC3,,ABGWC3,
82,4/16/13,6:30 PM,ABG Huntingdon Lower N,ASHABG,,ASHABG,
214,4/16/13,6:30 PM,ASH Lower Merion HS,STASH,,STASH,
455,4/16/13,6:30 PM,AVG Avon Grove HS 1,BYC2AVG2,,BYC2AVG2,
409,4/16/13,6:30 PM,BYC Garnet Valley MS,WC2BYC1,,WC2BYC1,
366,4/16/13,7:00 PM,COV OJR HS,WC1COV1,,WC1COV1,
353,4/16/13,6:30 PM,CVL Black Rock 6,ASHCVL,,ASHCVL,
246,4/16/13,6:30 PM,GV Great Valley MS,AVG1GV,,AVG1GV,
106,4/16/13,6:30 PM,LV Hoeffecker,GVLV,,GVLV,
395,4/16/13,6:30 PM,LV Lionville MS,ST1LV1,,ST1LV1,
207,4/16/13,6:30 PM,LV Pine Creek 2,ABGLV2,,ABGLV2,
368,4/16/13,6:30 PM,PHX PMYC,COV2PHX,,COV2PHX,
475,4/16/13,6:30 PM,ST TE Middle Sch 1,UNVST2,,UNVST2,
423,4/16/13,6:30 PM,WB Embreeville,WC4WB1,,WC4WB1,
169,4/16/13,6:30 PM,WC Kelly Field,BYCWC1,,BYCWC1,
119,4/16/13,8:00 PM,WC Kelly Field,BYCWC,,BYCWC,
137,4/17/13,6:30 PM,ABG Huntingdon Lower N,ASHABG,,ASHABG,
567,4/17/13,6:30 PM,AVG Harmony Park,GV1AVG1,,GV1AVG1,
637,4/17/13,6:30 PM,BYC Bethel Spr ES 12,CVL3BYC1,,CVL3BYC1,
487,4/17/13,6:30 PM,CVL Warrior Field,ABG2CVL1,,ABG2CVL1,
574,4/17/13,6:30 PM,GV Great Valley MS,UNVGV2,,UNVGV2,
624,4/17/13,6:30 PM,KEN Legacy Field B,BYC2KEN2,,BYC2KEN2,
525,4/17/13,6:30 PM,LV Eagleview 1,COV2LV2,,COV2LV2,
165,4/17/13,6:30 PM,LV Eagleview 2,AVGLV,,AVGLV,
548,4/17/13,6:30 PM,ST TE Middle Sch 1,ASHST,,ASHST,
157,4/17/13,6:30 PM,UNV Patton MS 17,STUNV,,STUNV,
607,4/17/13,6:30 PM,WB Embreeville,BYC3WB2,,BYC3WB2,
582,4/17/13,6:30 PM,WC Kelly Field,KEN1WC1,,KEN1WC1,
190,4/17/13,8:00 PM,WC Kelly Field,KENWC2,,KENWC2,
45,4/18/13,6:30 PM,BYC Garnet Valley MS,AVGBYC,,AVGBYC,
21,4/18/13,6:30 PM,GV Great Valley MS,ABGGV,,ABGGV,
13,4/18/13,6:30 PM,LV Hoeffecker,COVLV,,COVLV,
4,4/18/13,6:30 PM,ST Wilson Park CYL,CVLST,,CVLST,
283,4/18/13,6:30 PM,WB Downingtown MS,PHXWB,,PHXWB,
28,4/18/13,6:30 PM,WC Kelly Field,ASHWC,,ASHWC,
321,4/18/13,8:00 PM,WC Kelly Field,LVWC2,,LVWC2,
633,4/20/13,12:00 PM,AVG Avon Grove HS 1,KEN2AVG2,,KEN2AVG2,
228,4/20/13,2:00 PM,AVG Avon Grove HS 1,STAVG1,,STAVG1,
350,4/20/13,2:00 PM,COV Batdorf Park,CVLCOV2,,CVLCOV2,
46,4/20/13,4:00 PM,COV Batdorf Park,CVLCOV,,CVLCOV,
492,4/20/13,12:00 PM,CVL Warrior Field,LV2CVL2,,LV2CVL2,
508,4/20/13,2:00 PM,CVL Warrior Field,PHXCVL3,,PHXCVL3,
558,4/20/13,2:00 PM,GV Great Valley MS,GV2GV1,,GV2GV1,
32,4/20/13,4:00 PM,GV Great Valley MS,STGV,,STGV,
602,4/20/13,12:00 PM,KEN Kennett HS,WB1KEN1,,WB1KEN1,
342,4/20/13,2:00 PM,KEN Legacy Field C,WC3KEN,,WC3KEN,
75,4/20/13,10:00 AM,LV Hoeffecker,COVLV,,COVLV,
382,4/20/13,12:00 PM,LV Hoeffecker,PHXLV2,,PHXLV2,
196,4/20/13,2:00 PM,LV Hoeffecker,CVLLV1,,CVLLV1,
547,4/20/13,4:00 PM,LV Hoeffecker,ABG3LV3,,ABG3LV3,
260,4/20/13,4:00 PM,PHX PMYC,CVLPHX,,CVLPHX,
310,4/20/13,12:00 PM,ST Wilson Park CYL,GVST,,GVST,
168,4/20/13,12:00 PM,UNV Patton MS 17,WC1UNV,,WC1UNV,
586,4/20/13,2:00 PM,UNV Patton MS 17,WC1UNV,,WC1UNV,
448,4/20/13,2:00 PM,UNV Upland Country DS,AVG2UNV,,AVG2UNV,
434,4/20/13,2:00 PM,WB Embreeville,AVG1WB1,,AVG1WB1,
334,4/20/13,10:00 AM,WC Kelly Field,WC1WC2,,WC1WC2,
635,4/20/13,12:00 PM,WC Kelly Field,CVL1WC2,,CVL1WC2,
37,4/20/13,2:00 PM,WC Kelly Field,LVWC,,LVWC,
117,4/20/13,4:00 PM,WC Kelly Field,UNV1WC,,UNV1WC,
404,4/20/13,12:00 PM,WC Rustin HS Stadium,WC3WC2,,WC3WC2,
149,4/20/13,2:00 PM,WC Rustin HS Stadium,ASHWC2,,ASHWC2,
251,4/20/13,4:00 PM,WC Rustin HS Stadium,AVG2WC,,AVG2WC,
145,4/21/13,12:00 PM,ABG Huntingdon Lower N,KENABG,,KENABG,
294,4/21/13,2:00 PM,ABG Huntingdon Lower N,WBABG,,WBABG,
511,4/21/13,4:00 PM,ABG Huntingdon Lower N,COV1ABG3,,COV1ABG3,
527,4/21/13,2:00 PM,ABG Huntingdon Lower S,PHXABG1,,PHXABG1,
90,4/21/13,4:00 PM,ABG Huntingdon Lower S,AVGABG,,AVGABG,
208,4/21/13,2:00 PM,ABG Huntingdon Upper,GVABG,,GVABG,
24,4/21/13,4:00 PM,ABG Huntingdon Upper,AVGABG,,AVGABG,
476,4/21/13,2:00 PM,BYC Garnet Valley MS,ABGBYC1,,ABGBYC1,
275,4/21/13,4:00 PM,COV OJR HS,ASHCOV,,ASHCOV,
541,4/21/13,2:00 PM,LV Eagleview 1,ABG2LV3,,ABG2LV3,
292,4/22/13,6:30 PM,ABG Huntingdon Lower N,WC2ABG,,WC2ABG,
218,4/22/13,6:30 PM,ASH Lower Merion HS,WCASH,,WCASH,
253,4/22/13,6:30 PM,BYC Garnet Valley MS,AVG1BYC,,AVG1BYC,
238,4/22/13,6:30 PM,LV Pine Creek 1,GVLV2,,GVLV2,
394,4/22/13,6:30 PM,ST TE Middle Sch 2,ST2ST1,,ST2ST1,
432,4/22/13,6:30 PM,UNV Patton MS 17,WB1UNV,,WB1UNV,
472,4/22/13,6:30 PM,WC Kelly Field,CVLWC4,,CVLWC4,
328,4/22/13,8:00 PM,WC Kelly Field,GVWC3,,GVWC3,
86,4/23/13,6:30 PM,ABG Huntingdon Lower N,WCABG,,WCABG,
386,4/23/13,6:30 PM,ABG Huntingdon Lower S,LV1ABG,,LV1ABG,
93,4/23/13,6:30 PM,ASH Lower Merion HS,GVASH,,GVASH,
442,4/23/13,6:30 PM,AVG Avon Grove HS 1,WB2AVG2,,WB2AVG2,
258,4/23/13,6:30 PM,AVG Harmony Park,KENAVG2,,KENAVG2,
70,4/23/13,6:30 PM,BYC Garnet Valley MS,CVLBYC,,CVLBYC,
74,4/23/13,7:00 PM,COV OJR HS,STCOV,,STCOV,
452,4/23/13,6:30 PM,KEN Legacy Field B,BYC1KEN,,BYC1KEN,
205,4/23/13,6:30 PM,ST TE Middle Sch 1,ABGST,,ABGST,
460,4/23/13,6:30 PM,WC Kelly Field,COV1WC3,,COV1WC3,
403,4/23/13,8:00 PM,WC Kelly Field,LV2WC1,,LV2WC1,
470,4/23/13,6:30 PM,WC Rustin HS Grass,COV2WC2,,COV2WC2,
139,4/24/13,6:30 PM,ABG Huntingdon Lower N,LVABG,,LVABG,
535,4/24/13,6:30 PM,ABG Huntingdon Lower S,ABG1ABG2,,ABG1ABG2,
629,4/24/13,6:30 PM,AVG Harmony Park,AVG1AVG2,,AVG1AVG2,
619,4/24/13,6:30 PM,BYC Concord Municipal 2,BYC2BYC1,,BYC2BYC1,
515,4/24/13,6:30 PM,COV Batdorf Park,LV3COV1,,LV3COV1,
129,4/24/13,6:30 PM,CVL Mt Kirk,STCVL,,STCVL,
499,4/24/13,6:30 PM,CVL Warrior Field,ABG3CVL2,,ABG3CVL2,
571,4/24/13,6:30 PM,GV Great Valley MS,WC1GV2,,WC1GV2,
180,4/24/13,6:30 PM,KEN Legacy Field B,BYCKEN,,BYCKEN,
550,4/24/13,6:30 PM,LV Eagleview 1,ASHLV1,,ASHLV1,
647,4/24/13,6:30 PM,LV Eagleview 2,BYC3LV2,,BYC3LV2,
523,4/24/13,6:30 PM,ST TE Middle Sch 1,COV2ST,,COV2ST,
561,4/24/13,6:30 PM,WB Embreeville,GV1WB1,,GV1WB1,
592,4/24/13,6:30 PM,WC Kelly Field,KEN2WC2,,KEN2WC2,
167,4/24/13,8:00 PM,WC Kelly Field,WC2WC1,,WC2WC1,
22,4/25/13,6:30 PM,ABG Huntingdon Lower N,WCABG,,WCABG,
348,4/25/13,6:30 PM,AVG Avon Grove HS 1,KENAVG,,KENAVG,
12,4/25/13,7:00 PM,COV OJR HS,STCOV,,STCOV,
6,4/25/13,6:30 PM,GV Great Valley MS,CVLGV,,CVLGV,
314,4/25/13,6:30 PM,ST Wilson Park CYL,WBST,,WBST,
291,4/25/13,6:30 PM,WC Kelly Field,PHXWC1,,PHXWC1,
307,4/26/13,6:30 PM,ASH Lower Merion HS,KENASH,,KENASH,
509,4/27/13,12:00 PM,ABG Huntingdon Lower S,CVL3ABG1,,CVL3ABG1,
581,4/27/13,10:00 AM,AVG Avon Grove HS 1,WC1AVG2,,WC1AVG2,
630,4/27/13,12:00 PM,AVG Avon Grove HS 1,KEN1AVG1,,KEN1AVG1,
250,4/27/13,2:00 PM,AVG Avon Grove HS 1,WCAVG1,,WCAVG1,
577,4/27/13,12:00 PM,BYC Concord Municipal 2,GV2BYC1,,GV2BYC1,
126,4/27/13,2:00 PM,BYC Garnet Valley MS,AVGBYC,,AVGBYC,
451,4/27/13,4:00 PM,BYC Garnet Valley MS,AVG2BYC1,,AVG2BYC1,
513,4/27/13,2:00 PM,COV OJR HS,STCOV1,,STCOV1,
9,4/27/13,10:00 AM,CVL Black Rock 6,AVGCVL,,AVGCVL,
61,4/27/13,12:00 PM,CVL Black Rock 6,COVCVL,,COVCVL,
267,4/27/13,2:00 PM,CVL Black Rock 6,WC2CVL,,WC2CVL,
495,4/27/13,10:00 AM,CVL Warrior Field,COV2CVL2,,COV2CVL2,
197,4/27/13,12:00 PM,CVL Warrior Field,LV2CVL,,LV2CVL,
491,4/27/13,2:00 PM,CVL Warrior Field,LV1CVL1,,LV1CVL1,
566,4/27/13,12:15 PM,GV Great Valley MS,BYC3GV1,,BYC3GV1,
112,4/27/13,2:00 PM,GV Great Valley MS,WCGV,,WCGV,
40,4/27/13,4:00 PM,GV Great Valley MS,WCGV,,WCGV,
480,4/27/13,12:00 PM,KEN Legacy Field C,LV2KEN,,LV2KEN,
136,4/27/13,2:00 PM,KEN Legacy Field C,CVLKEN,,CVLKEN,
108,4/27/13,10:00 AM,LV Hoeffecker,UNV1LV,,UNV1LV,
38,4/27/13,12:00 PM,LV Hoeffecker,BYCLV,,BYCLV,
467,4/27/13,2:00 PM,LV Hoeffecker,AVG1LV1,,AVG1LV1,
322,4/27/13,4:00 PM,LV Hoeffecker,BYCLV,,BYCLV,
290,4/27/13,10:00 AM,PHX PMYC,GVPHX,,GVPHX,
526,4/27/13,12:00 PM,PHX PMYC,LV3PHX,,LV3PHX,
381,4/27/13,2:00 PM,PHX PMYC,WC1PHX,,WC1PHX,
25,4/27/13,TBD,Radnor HS Samson Festival,STASH,,STASH,
91,4/27/13,TBD,Radnor HS Samson Festival,STASH,,STASH,
225,4/27/13,10:00 AM,ST TE Middle Sch 2,GVST,,GVST,
371,4/27/13,12:00 PM,ST TE Middle Sch 2,COV2ST1,,COV2ST1,
365,4/27/13,2:00 PM,ST TE Middle Sch 2,COV1ST2,,COV1ST2,
316,4/27/13,2:00 PM,ST Wilson Park TEYSA,AVGST,,AVGST,
188,4/27/13,4:00 PM,UNV Patton MS 17,LVUNV,,LVUNV,
345,4/27/13,4:00 PM,WB Downingtown MS,KENWB,,KENWB,
416,4/27/13,2:00 PM,WB Embreeville,WC3WB1,,WC3WB1,
594,4/27/13,10:00 AM,WC Kelly Field,UNVWC2,,UNVWC2,
174,4/27/13,12:00 PM,WC Kelly Field,AVGWC2,,AVGWC2,
155,4/27/13,2:00 PM,WC Kelly Field,STWC1,,STWC1,
405,4/27/13,4:00 PM,WC Kelly Field,WC2WC4,,WC2WC4,
643,4/28/13,12:00 PM,ABG Huntingdon Lower N,WB2ABG3,,WB2ABG3,
463,4/28/13,2:00 PM,ABG Huntingdon Lower N,WB2ABG,,WB2ABG,
274,4/28/13,4:00 PM,ABG Huntingdon Lower N,COVABG,,COVABG,
210,4/28/13,4:00 PM,ABG Huntingdon Lower S,BYCABG,,BYCABG,
143,4/28/13,12:00 PM,ABG Huntingdon Upper,BYCABG,,BYCABG,
540,4/28/13,4:00 PM,ABG Huntingdon Upper,LV2ABG2,,LV2ABG2,
111,4/28/13,4:00 PM,AVG Harmony Park,LVAVG,,LVAVG,
435,4/28/13,12:00 PM,BYC Garnet Valley MS,WB1BYC2,,WB1BYC2,
23,4/28/13,2:00 PM,BYC Garnet Valley MS,ABGBYC,,ABGBYC,
522,4/28/13,4:00 PM,COV OJR HS,ASHCOV2,,ASHCOV2,
206,4/29/13,6:30 PM,ABG Huntingdon Lower N,LV1ABG,,LV1ABG,
477,4/29/13,6:30 PM,ASH Lower Merion HS,BYC2ASH,,BYC2ASH,
374,4/29/13,7:00 PM,COV OJR HS,LV2COV2,,LV2COV2,
198,4/29/13,6:30 PM,GV Great Valley MS,CVLGV,,CVLGV,
257,4/29/13,6:30 PM,KEN Kennett HS,AVG1KEN,,AVG1KEN,
474,4/29/13,6:30 PM,WB Embreeville,ST1WB2,,ST1WB2,
469,4/29/13,6:30 PM,WC Kelly Field,KENWC1,,KENWC1,
352,4/30/13,6:30 PM,ABG Huntingdon Lower S,CVLABG,,CVLABG,
456,4/30/13,6:30 PM,AVG Avon Grove HS 1,AVG1AVG2,,AVG1AVG2,
254,4/30/13,6:30 PM,AVG Harmony Park,BYCAVG2,,BYCAVG2,
122,4/30/13,6:30 PM,BYC Garnet Valley MS,UNV1BYC,,UNV1BYC,
66,4/30/13,6:30 PM,GV Great Valley MS,CVLGV,,CVLGV,
379,4/30/13,6:30 PM,PHX PMYC,LV1PHX,,LV1PHX,
83,4/30/13,6:30 PM,ST Wilson Park TEYSA,ABGST,,ABGST,
433,4/30/13,6:30 PM,WB Embreeville,BYC1WB1,,BYC1WB1,
425,4/30/13,6:30 PM,WC Kelly Field,UNVWC4,,UNVWC4,
77,4/30/13,8:00 PM,WC Kelly Field,COVWC,,COVWC,
148,5/1/13,6:30 PM,ASH Lower Merion HS,WC1ASH,,WC1ASH,
181,5/1/13,6:30 PM,AVG Harmony Park,KENAVG,,KENAVG,
622,5/1/13,6:30 PM,BYC Bethel Spr ES 12,AVG2BYC2,,AVG2BYC2,
589,5/1/13,6:30 PM,BYC Concord Municipal 2,WC2BYC3,,WC2BYC3,
484,5/1/13,7:00 PM,COV OJR HS,CVL1COV2,,CVL1COV2,
503,5/1/13,6:30 PM,CVL Warrior Field,LV3CVL3,,LV3CVL3,
564,5/1/13,6:30 PM,GV Great Valley MS,BYC1GV1,,BYC1GV1,
610,5/1/13,6:30 PM,KEN Legacy Field B,UNVKEN1,,UNVKEN1,
552,5/1/13,6:30 PM,LV Eagleview 2,STLV1,,STLV1,
498,5/1/13,6:30 PM,PHX PMYC,CVL2PHX,,CVL2PHX,
138,5/1/13,6:30 PM,ST TE Middle Sch 2,ABGST,,ABGST,
176,5/1/13,6:30 PM,UNV Patton MS 17,BYCUNV,,BYCUNV,
575,5/1/13,6:30 PM,WB Embreeville,GV2WB2,,GV2WB2,
132,5/1/13,6:30 PM,WC Kelly Field,CVLWC2,,CVLWC2,
584,5/1/13,8:00 PM,WC Kelly Field,WB1WC1,,WB1WC1,
29,5/2/13,6:30 PM,ASH Haverford Upper,BYCASH,,BYCASH,
262,5/2/13,6:30 PM,ASH Lower Merion HS,CVLASH,,CVLASH,
42,5/2/13,6:30 PM,GV Great Valley MS,AVGGV,,AVGGV,
347,5/2/13,6:30 PM,KEN Legacy Field B,BYCKEN,,BYCKEN,
289,5/2/13,6:30 PM,LV Pine Creek 1,PHXLV,,PHXLV,
276,5/2/13,6:30 PM,ST Wilson Park CYL,COVST,,COVST,
19,5/2/13,6:30 PM,ST Wilson Park TEYSA,ABGST,,ABGST,
15,5/2/13,6:30 PM,WC Kelly Field,COVWC,,COVWC,
384,5/4/13,12:00 PM,ABG Huntingdon Upper,ST1ABG,,ST1ABG,
202,5/4/13,9:00 AM,AVG Avon Grove HS 1,CVLAVG2,,CVLAVG2,
437,5/4/13,11:00 AM,AVG Avon Grove HS 1,WB1AVG2,,WB1AVG2,
211,5/4/13,1:00 PM,AVG Avon Grove HS 1,ABGAVG1,,ABGAVG1,
450,5/4/13,9:00 AM,AVG Avon Grove HS 2,BYC1AVG1,,BYC1AVG1,
591,5/4/13,11:00 AM,AVG Avon Grove HS 2,WC2AVG2,,WC2AVG2,
641,5/4/13,1:00 PM,AVG Avon Grove HS 2,ABG1AVG1,,ABG1AVG1,
144,5/4/13,3:00 PM,AVG Avon Grove HS 2,ABGAVG,,ABGAVG,
81,5/4/13,9:00 AM,AVG Avon Grove HS Stadium,COVAVG,,COVAVG,
30,5/4/13,11:00 AM,AVG Avon Grove HS Stadium,ASHAVG,,ASHAVG,
308,5/4/13,1:00 PM,AVG Avon Grove HS Stadium,ASHAVG,,ASHAVG,
245,5/4/13,4:00 PM,BYC Concord Municipal 1,GVBYC,,GVBYC,
164,5/4/13,12:00 PM,BYC Concord Municipal 2,LVBYC,,LVBYC,
620,5/4/13,2:00 PM,BYC Concord Municipal 2,BYC1BYC3,,BYC1BYC3,
8,5/4/13,10:00 AM,BYC Garnet Valley MS,CVLBYC,,CVLBYC,
370,5/4/13,4:00 PM,COV OJR HS,ASHCOV2,,ASHCOV2,
65,5/4/13,10:00 AM,CVL Black Rock 6,LVCVL,,LVCVL,
349,5/4/13,12:00 PM,CVL Black Rock 6,COV1CVL,,COV1CVL,
489,5/4/13,12:00 PM,CVL Warrior Field,ASHCVL1,,ASHCVL1,
133,5/4/13,2:00 PM,CVL Warrior Field,UNVCVL,,UNVCVL,
501,5/4/13,4:00 PM,CVL Warrior Field,STCVL2,,STCVL2,
57,5/4/13,2:00 PM,GV Great Valley MS,LVGV,,LVGV,
576,5/4/13,4:00 PM,GV Great Valley MS,BYC2GV2,,BYC2GV2,
272,5/4/13,10:00 AM,KEN Legacy Field C,COVKEN,,COVKEN,
634,5/4/13,12:00 PM,KEN Legacy Field C,KEN1KEN2,,KEN1KEN2,
175,5/4/13,2:00 PM,KEN Legacy Field C,WC2KEN,,WC2KEN,
546,5/4/13,12:00 PM,LV Eagleview 1,ABG3LV2,,ABG3LV2,
504,5/4/13,2:00 PM,LV Eagleview 2,CVL3LV1,,CVL3LV1,
215,5/4/13,12:00 PM,LV Pine Creek 1,ASHLV1,,ASHLV1,
320,5/4/13,2:00 PM,LV Pine Creek 1,WC3LV,,WC3LV,
224,5/4/13,4:00 PM,LV Pine Creek 1,STLV2,,STLV2,
528,5/4/13,10:00 AM,PHX PMYC,ABG2PHX,,ABG2PHX,
399,5/4/13,12:00 PM,ST TE Middle Sch 2,WC1ST2,,WC1ST2,
312,5/4/13,2:00 PM,ST Wilson Park TEYSA,WC2ST,,WC2ST,
563,5/4/13,2:00 PM,UNV Patton MS 17,GV1UNV,,GV1UNV,
446,5/4/13,4:00 PM,UNV Patton MS 17,BYC2UNV,,BYC2UNV,
102,5/4/13,4:00 PM,UNV Upland Country DS,STUNV1,,STUNV1,
343,5/4/13,12:00 PM,WB Downingtown MS,BYCWB,,BYCWB,
407,5/4/13,10:00 AM,WB Embreeville,WC2WB2,,WC2WB2,
56,5/4/13,10:00 AM,WC Kelly Field,STWC,,STWC,
326,5/4/13,12:00 PM,WC Kelly Field,GVWC1,,GVWC1,
585,5/4/13,2:00 PM,WC Kelly Field,WB2WC1,,WB2WC1,
414,5/4/13,4:00 PM,WC Kelly Field,WC4WC3,,WC4WC3,
296,5/5/13,12:00 PM,ABG Huntingdon Upper,AVGABG,,AVGABG,
73,5/5/13,12:00 PM,ASH Lower Merion HS,COVASH,,COVASH,
222,5/5/13,2:00 PM,ASH Lower Merion HS,KENASH,,KENASH,
152,5/5/13,4:00 PM,ASH Lower Merion HS,AVGASH,,AVGASH,
89,5/5/13,12:00 PM,BYC Garnet Valley MS,ABGBYC,,ABGBYC,
10,5/5/13,12:00 PM,COV OJR HS,ABGCOV,,ABGCOV,
517,5/5/13,2:00 PM,COV OJR HS,ABG1COV1,,ABG1COV1,
519,5/5/13,4:00 PM,COV OJR HS,ABG3COV2,,ABG3COV2,
 ,5/5/13,3:00 PM,GV Great Valley HS,,, ,
 ,5/5/13,5:30 PM,GV Great Valley HS,,, ,
300,5/6/13,6:30 PM,ABG Huntingdon Lower N,LVABG,,LVABG,
303,5/6/13,6:30 PM,ASH Lower Merion HS,WC3ASH,,WC3ASH,
255,5/6/13,6:30 PM,BYC Bethel Spr ES 12,KENBYC,,KENBYC,
330,5/6/13,6:30 PM,BYC Garnet Valley MS,WC1BYC,,WC1BYC,
473,5/6/13,7:00 PM,COV OJR HS,WB1COV1,,WB1COV1,
329,5/6/13,6:30 PM,GV Great Valley MS,WBGV,,WBGV,
413,5/6/13,6:30 PM,KEN Kennett HS,WC2KEN,,WC2KEN,
465,5/6/13,6:30 PM,ST TE Middle Sch 1,BYC1ST1,,BYC1ST1,
223,5/6/13,6:30 PM,ST TE Middle Sch 2,LV1ST,,LV1ST,
338,5/6/13,6:30 PM,WC Kelly Field,KENWC2,,KENWC2,
204,5/7/13,6:30 PM,ABG Huntingdon Lower N,ASHABG,,ASHABG,
377,5/7/13,6:30 PM,ASH Lower Merion HS,PHXASH,,PHXASH,
422,5/7/13,6:30 PM,AVG Avon Grove HS 1,WC3AVG2,,WC3AVG2,
466,5/7/13,6:30 PM,BYC Garnet Valley MS,ST2BYC2,,ST2BYC2,
76,5/7/13,7:00 PM,COV OJR HS,GVCOV,,GVCOV,
357,5/7/13,6:30 PM,CVL Black Rock 6,LV2CVL,,LV2CVL,
67,5/7/13,6:30 PM,CVL Mt Kirk,WCCVL,,WCCVL,
373,5/7/13,6:30 PM,LV Lionville MS,COV2LV1,,COV2LV1,
544,5/8/13,6:30 PM,ABG Huntingdon Lower S,STABG3,,STABG3,
600,5/8/13,6:30 PM,AVG Harmony Park,WB1AVG1,,WB1AVG1,
628,5/8/13,6:30 PM,BYC Bethel Spr ES 12,KEN2BYC3,,KEN2BYC3,
151,5/8/13,6:30 PM,BYC Concord Municipal 2,ASHBYC,,ASHBYC,
496,5/8/13,7:00 PM,COV OJR HS,CVL2COV1,,CVL2COV1,
127,5/8/13,6:30 PM,CVL Mt Kirk,ABGCVL,,ABGCVL,
505,5/8/13,6:30 PM,CVL Warrior Field,LV2CVL3,,LV2CVL3,
562,5/8/13,6:30 PM,GV Great Valley MS,WB2GV1,,WB2GV1,
556,5/8/13,6:30 PM,LV Eagleview 1,LV3LV1,,LV3LV1,
163,5/8/13,6:30 PM,LV Eagleview 2,UNVLV,,UNVLV,
613,5/8/13,6:30 PM,UNV Patton MS 17,BYC2UNV,,BYC2UNV,
587,5/8/13,6:30 PM,WC Kelly Field,BYC1WC1,,BYC1WC1,
573,5/8/13,8:00 PM,WC Kelly Field,GV2WC2,,GV2WC2,
20,5/9/13,6:30 PM,ABG Huntingdon Lower S,LVABG,,LVABG,
47,5/9/13,6:30 PM,ASH Haverford Upper,CVLASH,,CVLASH,
59,5/9/13,6:30 PM,BYC Garnet Valley MS,WCBYC,,WCBYC,
259,5/9/13,6:30 PM,CVL Mt Kirk,COVCVL,,COVCVL,
49,5/9/13,6:30 PM,ST Wilson Park CYL,COVST,,COVST,
189,5/9/13,6:30 PM,WC Kelly Field,AVGWC1,,AVGWC1,
141,5/11/13,12:00 PM,ABG Huntingdon Upper,WC2ABG,,WC2ABG,
216,5/11/13,10:00 AM,ASH Lower Merion HS,LV2ASH,,LV2ASH,
363,5/11/13,12:00 PM,ASH Lower Merion HS,COV1ASH,,COV1ASH,
543,5/11/13,2:00 PM,ASH Lower Merion HS,ABG2ASH,,ABG2ASH,
39,5/11/13,10:00 AM,AVG Avon Grove HS 1,LVAVG,,LVAVG,
627,5/11/13,12:00 PM,AVG Avon Grove HS 1,BYC3AVG2,,BYC3AVG2,
285,5/11/13,10:00 AM,AVG Avon Grove HS 2,PHXAVG,,PHXAVG,
608,5/11/13,12:00 PM,AVG Avon Grove HS 2,WB2AVG1,,WB2AVG1,
256,5/11/13,2:00 PM,AVG Avon Grove HS 2,AVG2AVG1,,AVG2AVG1,
640,5/11/13,10:00 AM,BYC Concord Municipal 2,PHXBYC2,,PHXBYC2,
179,5/11/13,12:00 PM,BYC Concord Municipal 2,AVGBYC,,AVGBYC,
340,5/11/13,2:00 PM,BYC Garnet Valley MS,WC3BYC,,WC3BYC,
53,5/11/13,4:00 PM,BYC Garnet Valley MS,ASHBYC,,ASHBYC,
369,5/11/13,2:00 PM,COV Batdorf Park,ABGCOV2,,ABGCOV2,
72,5/11/13,4:00 PM,COV Batdorf Park,ABGCOV,,ABGCOV,
639,5/11/13,12:00 PM,COV OJR HS,GV2COV2,,GV2COV2,
279,5/11/13,2:00 PM,COV OJR HS,WC1COV,,WC1COV,
14,5/11/13,4:00 PM,COV OJR HS,GVCOV,,GVCOV,
199,5/11/13,10:00 AM,CVL Warrior Field,WCCVL,,WCCVL,
482,5/11/13,12:00 PM,CVL Warrior Field,CVL1CVL3,,CVL1CVL3,
497,5/11/13,2:00 PM,CVL Warrior Field,ABG1CVL2,,ABG1CVL2,
131,5/11/13,4:00 PM,CVL Warrior Field,WC1CVL,,WC1CVL,
327,5/11/13,12:15 PM,GV Great Valley MS,WC2GV,,WC2GV,
618,5/11/13,12:00 PM,KEN Legacy Field C,BYC1KEN2,,BYC1KEN2,
557,5/11/13,12:00 PM,LV Eagleview 2,LV2LV3,,LV2LV3,
264,5/11/13,10:00 AM,LV Pine Creek 2,CVLLV,,CVLLV,
645,5/11/13,10:00 AM,ST TE Middle Sch 1,UNVST,,UNVST,
227,5/11/13,12:00 PM,ST TE Middle Sch 2,BYCST,,BYCST,
154,5/11/13,2:00 PM,ST TE Middle Sch 2,LVST,,LVST,
101,5/11/13,12:00 PM,ST Wilson Park TEYSA,WCST,,WCST,
178,5/11/13,2:00 PM,UNV Patton MS 17,KENUNV,,KENUNV,
418,5/11/13,4:00 PM,UNV Patton MS 17,WC3UNV,,WC3UNV,
123,5/11/13,2:00 PM,UNV Upland Country DS,AVGUNV1,,AVGUNV1,
306,5/11/13,4:00 PM,WB Downingtown MS,ASHWB,,ASHWB,
462,5/11/13,10:00 AM,WB Embreeville,PHXWB1,,PHXWB1,
441,5/11/13,12:00 PM,WB Embreeville,AVG1WB2,,AVG1WB2,
595,5/11/13,2:00 PM,WB Embreeville,WC2WB1,,WC2WB1,
429,5/11/13,10:00 AM,WC Kelly Field,AVG2WC4,,AVG2WC4,
397,5/11/13,12:00 PM,WC Kelly Field,ST1WC1,,ST1WC1,
410,5/11/13,2:00 PM,WC Kelly Field,BYC2WC2,,BYC2WC2,
51,5/11/13,4:00 PM,WC Kelly Field,ABGWC,,ABGWC,
393,5/13/13,6:30 PM,ASH Lower Merion HS,LV2ASH,,LV2ASH,
457,5/13/13,6:30 PM,AVG Harmony Park,KENAVG1,,KENAVG1,
281,5/13/13,7:00 PM,COV OJR HS,WC3COV,,WC3COV,
263,5/13/13,6:30 PM,CVL Mt Kirk,STCVL,,STCVL,
244,5/13/13,6:30 PM,GV Great Valley MS,WCGV,,WCGV,
231,5/13/13,6:30 PM,LV Pine Creek 1,LV2LV1,,LV2LV1,
385,5/13/13,6:30 PM,ST TE Middle Sch 2,ABGST2,,ABGST2,
84,5/14/13,6:30 PM,ABG Huntingdon Lower S,LVABG,,LVABG,
95,5/14/13,6:30 PM,ASH Lower Merion HS,UNV1ASH,,UNV1ASH,
120,5/14/13,6:30 PM,AVG Avon Grove HS 1,WCAVG,,WCAVG,
440,5/14/13,6:30 PM,BYC Garnet Valley MS,WB2BYC2,,WB2BYC2,
362,5/14/13,7:00 PM,COV OJR HS,ST1COV1,,ST1COV1,
351,5/14/13,6:30 PM,CVL Mt Kirk,PHXCVL,,PHXCVL,
230,5/14/13,6:30 PM,KEN Legacy Field B,STKEN,,STKEN,
402,5/14/13,6:30 PM,LV Lionville MS,WC1LV1,,WC1LV1,
64,5/14/13,6:30 PM,ST Wilson Park CYL,CVLST,,CVLST,
408,5/14/13,6:30 PM,WC Kelly Field,UNVWC2,,UNVWC2,
500,5/15/13,6:30 PM,ABG Huntingdon Lower N,CVL2ABG2,,CVL2ABG2,
536,5/15/13,6:30 PM,ABG Huntingdon Lower S,ABG3ABG1,,ABG3ABG1,
146,5/15/13,6:30 PM,ASH Lower Merion HS,STASH,,STASH,
170,5/15/13,6:30 PM,AVG Harmony Park,WC1AVG,,WC1AVG,
626,5/15/13,6:30 PM,BYC Bethel Spr ES 12,KEN1BYC3,,KEN1BYC3,
518,5/15/13,7:00 PM,COV OJR HS,COV1COV2,,COV1COV2,
572,5/15/13,6:30 PM,GV Great Valley MS,WB1GV2,,WB1GV2,
646,5/15/13,6:30 PM,KEN Legacy Field B,LV1KEN2,,LV1KEN2,
648,5/15/13,6:30 PM,LV Eagleview 2,AVG2LV3,,AVG2LV3,
490,5/15/13,6:30 PM,ST TE Middle Sch 2,CVL1ST,,CVL1ST,
605,5/15/13,6:30 PM,WB Embreeville,BYC1WB2,,BYC1WB2,
583,5/15/13,6:30 PM,WC Kelly Field,WC1WC2,,WC1WC2,
52,5/16/13,6:30 PM,ABG Huntingdon Lower N,GVABG,,GVABG,
298,5/16/13,6:30 PM,ABG Huntingdon Lower S,ASHABG,,ASHABG,
60,5/16/13,6:30 PM,AVG Avon Grove HS 1,BYCAVG,,BYCAVG,
284,5/16/13,6:30 PM,PHX PMYC,KENPHX,,KENPHX,
323,5/16/13,6:30 PM,WB Downingtown MS,LVWB,,LVWB,
331,5/16/13,6:30 PM,WC Kelly Field,AVGWC1,,AVGWC1,
336,5/16/13,8:00 PM,WC Kelly Field,BYCWC2,,BYCWC2,
220,5/17/13,6:30 PM,ASH Lower Merion HS,AVG1ASH,,AVG1ASH,
529,5/18/13,2:00 PM,ABG Huntingdon Lower S,PHXABG3,,PHXABG3,
2,5/18/13,4:00 PM,ABG Huntingdon Lower S,CVLABG,,CVLABG,
537,5/18/13,12:00 PM,ASH Lower Merion HS,ABG1ASH,,ABG1ASH,
391,5/18/13,2:00 PM,ASH Lower Merion HS,ST2ASH,,ST2ASH,
17,5/18/13,10:00 AM,AVG Avon Grove HS 1,COVAVG,,COVAVG,
221,5/18/13,2:00 PM,AVG Avon Grove HS 1,ASHAVG2,,ASHAVG2,
428,5/18/13,10:00 AM,AVG Harmony Park,WC4AVG1,,WC4AVG1,
468,5/18/13,12:00 PM,AVG Harmony Park,LV2AVG2,,LV2AVG2,
200,5/18/13,2:00 PM,BYC Concord Municipal 1,CVLBYC,,CVLBYC,
187,5/18/13,12:00 PM,BYC Concord Municipal 2,STBYC,,STBYC,
449,5/18/13,10:00 AM,BYC Garnet Valley MS,BYC2BYC1,,BYC2BYC1,
346,5/18/13,12:00 PM,BYC Garnet Valley MS,AVGBYC,,AVGBYC,
41,5/18/13,2:00 PM,BYC Garnet Valley MS,GVBYC,,GVBYC,
80,5/18/13,4:00 PM,COV OJR HS,BYCCOV,,BYCCOV,
483,5/18/13,10:00 AM,CVL Warrior Field,COV1CVL1,,COV1CVL1,
507,5/18/13,12:00 PM,CVL Warrior Field,COV2CVL3,,COV2CVL3,
568,5/18/13,12:15 PM,GV Great Valley MS,AVG2GV1,,AVG2GV1,
302,5/18/13,2:00 PM,GV Great Valley MS,ASHGV,,ASHGV,
85,5/18/13,4:00 PM,GV Great Valley MS,ABGGV,,ABGGV,
631,5/18/13,12:00 PM,KEN Kennett HS,AVG1KEN2,,AVG1KEN2,
153,5/18/13,10:00 AM,KEN Legacy Field C,ASHKEN,,ASHKEN,
593,5/18/13,12:00 PM,KEN Legacy Field C,WC2KEN1,,WC2KEN1,
243,5/18/13,2:00 PM,KEN Legacy Field C,LV2KEN,,LV2KEN,
539,5/18/13,12:00 PM,LV Eagleview 1,ABG2LV1,,ABG2LV1,
161,5/18/13,10:00 AM,LV Eagleview 2,WC1LV,,WC1LV,
356,5/18/13,2:00 PM,LV Hoeffecker,CVLLV1,,CVLLV1,
233,5/18/13,4:00 PM,LV Hoeffecker,WCLV1,,WCLV1,
286,5/18/13,2:00 PM,PHX PMYC,ABGPHX,,ABGPHX,
378,5/18/13,4:00 PM,PHX PMYC,ST1PHX,,ST1PHX,
553,5/18/13,2:00 PM,ST TE Middle Sch 2,LV2ST,,LV2ST,
99,5/18/13,10:00 AM,ST Wilson Park TEYSA,LVST,,LVST,
31,5/18/13,12:00 PM,ST Wilson Park TEYSA,LVST,,LVST,
604,5/18/13,12:00 PM,UNV Patton MS 17,WB2UNV,,WB2UNV,
142,5/18/13,2:00 PM,UNV Patton MS 17,ABGUNV,,ABGUNV,
68,5/18/13,4:00 PM,UNV Upland Country DS,CVLUNV1,,CVLUNV1,
596,5/18/13,2:00 PM,WB Embreeville,BYC2WB1,,BYC2WB1,
436,5/18/13,4:00 PM,WB Embreeville,KENWB1,,KENWB1,
94,5/18/13,12:00 PM,WC Kelly Field,ASHWC,,ASHWC,
266,5/18/13,2:00 PM,WC Kelly Field,CVLWC1,,CVLWC1,
415,5/18/13,4:00 PM,WC Kelly Field,WB2WC3,,WB2WC3,
545,5/19/13,12:00 PM,ABG Huntingdon Lower N,LV1ABG3,,LV1ABG3,
11,5/19/13,2:00 PM,ASH Lower Merion HS,COVASH,,COVASH,
134,5/19/13,2:00 PM,BYC Garnet Valley MS,CVLBYC,,CVLBYC,
360,5/19/13,2:00 PM,COV OJR HS,ABGCOV1,,ABGCOV1,
203,5/19/13,2:00 PM,CVL Warrior Field,KENCVL,,KENCVL,
644,5/19/13,2:00 PM,KEN Kennett MS,ASHKEN1,,ASHKEN1,
426,5/20/13,6:30 PM,BYC Garnet Valley MS,WC4BYC1,,WC4BYC1,
359,5/20/13,7:00 PM,COV OJR HS,COV2COV1,,COV2COV1,
261,5/20/13,6:30 PM,CVL Mt Kirk,ABGCVL,,ABGCVL,
232,5/20/13,6:30 PM,GV Great Valley MS,LV1GV,,LV1GV,
288,5/20/13,6:30 PM,PHX PMYC,STPHX,,STPHX,
431,5/20/13,6:30 PM,WB Embreeville,WB1WB2,,WB1WB2,
339,5/20/13,6:30 PM,WC Kelly Field,WBWC3,,WBWC3,
376,5/21/13,7:00 PM,ABG Huntingdon Upper,PHXABG,,PHXABG,
97,5/21/13,6:30 PM,ASH Lower Merion HS,BYCASH,,BYCASH,
478,5/21/13,6:30 PM,AVG Avon Grove HS 1,WC1AVG1,,WC1AVG1,
420,5/21/13,6:30 PM,BYC Garnet Valley MS,WC3BYC2,,WC3BYC2,
355,5/21/13,6:30 PM,CVL Mt Kirk,ST2CVL,,ST2CVL,
100,5/21/13,6:30 PM,GV Great Valley MS,STGV,,STGV,
447,5/21/13,6:30 PM,KEN Legacy Field B,UNVKEN,,UNVKEN,
390,5/21/13,6:30 PM,LV Lionville MS,ASHLV1,,ASHLV1,
229,5/21/13,6:30 PM,ST TE Middle Sch 1,AVG2ST,,AVG2ST,
396,5/21/13,6:30 PM,ST TE Middle Sch 2,LV2ST1,,LV2ST1,
239,5/21/13,6:30 PM,WC Kelly Field,LV2WC,,LV2WC,
107,5/21/13,8:00 PM,WC Kelly Field,LVWC,,LVWC,
412,5/21/13,6:30 PM,WC Rustin HS Stadium,AVG2WC2,,AVG2WC2,
128,5/22/13,6:30 PM,ASH Lower Merion HS,CVLASH,,CVLASH,
192,5/22/13,6:30 PM,AVG Harmony Park,BYCAVG,,BYCAVG,
621,5/22/13,6:30 PM,BYC Bethel Spr ES 12,AVG1BYC2,,AVG1BYC2,
510,5/22/13,6:30 PM,CVL Warrior Field,ABG2CVL3,,ABG2CVL3,
569,5/22/13,6:30 PM,GV Great Valley MS,KEN1GV2,,KEN1GV2,
554,5/22/13,6:30 PM,LV Eagleview 1,STLV3,,STLV3,
516,5/22/13,6:30 PM,LV Eagleview 2,COV1LV2,,COV1LV2,
530,5/22/13,6:30 PM,PHX PMYC,ASHPHX,,ASHPHX,
160,5/22/13,6:30 PM,ST TE Middle Sch 2,KENST,,KENST,
597,5/22/13,6:30 PM,WB Embreeville,WB1WB2,,WB1WB2,
580,5/22/13,6:30 PM,WC Kelly Field,KEN2WC1,,KEN2WC1,
162,5/22/13,8:00 PM,WC Kelly Field,LVWC2,,LVWC2,
18,5/23/13,6:30 PM,ABG Huntingdon Lower N,ASHABG,,ASHABG,
324,5/23/13,6:30 PM,AVG Avon Grove HS 1,GVAVG,,GVAVG,
7,5/23/13,6:30 PM,CVL Black Rock 6,WCCVL,,WCCVL,
36,5/23/13,6:30 PM,LV Hoeffecker,GVLV,,GVLV,
318,5/23/13,6:30 PM,LV Pine Creek 1,WC1LV,,WC1LV,
280,5/23/13,6:30 PM,WC Kelly Field,COVWC2,,COVWC2,
Make-up 1,5/24/13,6:30PM, ,,,,
Blackout,5/25/13,,,,,,
Blackout,5/26/13,,,,,,
Blackout,5/27/13,,,,,,
Make-up 2,5/28/13,6:30PM, ,,,,
Playoff 1,5/29/13,6:30 PM,TBA: Playoff Round 1,,,,
Playoff 1,5/29/13,6:30 PM,TBA: Playoff Round 1,,,,
Playoff 1,5/30/13,6:30 PM,TBA: Playoff Round 1,,,,
Playoff 1,5/30/13,6:30 PM,TBA: Playoff Round 1,,,,
Playoff 2,6/1/13,6:30 PM,TBA: Playoff Round 2,,,,
Playoff 2,6/1/13,6:30 PM,TBA: Playoff Round 2,,,,
Playoff 2,6/2/13,6:30 PM,TBA: Playoff Round 2,,,,
Playoff 2,6/2/13,6:30 PM,TBA: Playoff Round 2,,,,
Champ,6/4/13,6:30 PM,USTC: Championship,,,,
Champ,6/4/13,8:00 PM,USTC: Championship,,,,
Champ,6/5/13,6:30 PM,USTC: Championship,,,,
Champ,6/5/13,8:00 PM,USTC: Championship,,,,
