cc pat - FIELD GRID DRAFT (with match-ups) - 2015-05-14 12:17:32.889039
(This grid is for general scheduling purposes and may be subject to change.)
Day One,,Palisades,,,,,,,,,Herbst ,,,,,,,,New Hope,,,,,,,Bush Park,,
Time,,Field #1,Field #2,Field #3,Field #4,Field #5,Field #6,Field #7,Field #8,Field #9,Field #10,Field #11,Field #12,Field #13,Field #14,Field #15,Field #16,Field #17,Field #18,Field #19,Field #20,Field #21,Field #22,Field #23,Field #24,Field #25,Field #26,Field #27,Byes
08:00:00 H,,LI PARK DISTRICT SELECT (NY),HOUSTON HOULAGUNS (TX),BROTHERHOOD U15 (NJ),BLACK DOG LEGACY (PA),LEADING EDGE SOUTH (NJ),TOP SIDE SNIPERS (NY),CAROLINA CANNONS (NC),ROCK'EM LACROSSE (PA),COLLEGEVILLE CHOSEN (PA),BROTHERHOOD U16 (NJ),TEAM 91 2016 STAMPEDE (NY),EDGE 2016 WHITE (ON),BLACK JACKS (MA),TEWAARATON LENAPE (NJ),BUCKS 2016-HOGAN (PA),NJ RIOT 2016 (NJ),TRUE LACROSSE 2016 (PA),BLACK BEAR ORANGE (PA),MILITIA ELITE (VA),TAR HEEL LC (NC),TEAM TOTAL ELITE (MI),DIRTY BIRDS (GA),EMMAUS STING (PA),CASH COWS ELITE (MI),NOR'EASTER (NJ),PITLAX U17 GREY (PA),PROVIDENCE ROAD (PA),,JVA-1,U13B-7,,,U15A-1,U15A-1,U15A-1,U15A-1,U15A-1,U9-2,U9-2,U9-1,U9-1,JVB-1,JVB-1,JVB-1,JVB-1,JVB-1,JVA-2,JVA-2,JVA-2,VARA-1,VARA-1,VARA-1,VARA-1,VARA-1,VARA-1,VARA-1,VARB-4,VARB-4,VARB-4,,JVA-1,U13B-7
08:00:00 A,,LEADING EDGE 2018 (NJ),BUCKS 2017 - MITHOEFER (PA),BAGGATAWAY LC U15 (PA),BURN 'EM LACROSSE (NY),BLACK BEAR ORANGE (PA),PEG LEG LACROSSE (PA),BAGGATAWAY LC U9 (PA),MUCKDAWGS (PA),TEAM 91 2022 ORANGE (NY),LV LIGHTNING SELECT BLUE (PA),EMMAUS STING (PA),GREEN & GOLD JV (NJ),BUCKS 2016 - KREUTZER (PA),GRIP-IT N' RIP-IT BLUE (NY),TEAM TOTAL JV (MI),MAIN LINE LAX 2015-2016 (PA),ENDLESS LACROSSE JV (MD),SF BIG HORNS (PA),LOW & AWAY U19 PREMIER (PA),TRUE PITTSBURGH 2014 (PA),QUAKE VARSITY GOLD (NJ),2014 PHILA FREEDOM (PA),DIP N DUNK (NY),BALTIMORE CANNONS (MD),VA LAX TEAM RECON (VA),TOP SIDE SNIPERS (NY),MUCKDAWGS (PA),,JVA-2,U13B-8,,,U15A-1,U15A-1,U15A-1,U15A-1,U15A-1,U9-2,U9-2,U9-1,U9-1,JVB-1,JVB-1,JVB-1,JVB-1,JVB-1,JVA-2,JVA-2,JVA-2,VARA-1,VARA-1,VARA-1,VARA-1,VARA-1,VARA-1,VARA-1,VARB-4,VARB-4,VARB-4,,JVA-2,U13B-8
08:50:00 H,,TRI-STATE U13 GOLD (NJ),RISING SONS 2019 (PA),ROCK'EM LACROSSE (PA) 4,MUCKDAWGS (PA),ROCK'EM LACROSSE (PA) 3,WARD MELVILLE 2017 (NY),LEADING EDGE 2017 (NJ),HEADSTRONG WHITE (PA),TRISTATE BLACK (NJ),VA LAX TEAM RECON-13 (VA),BERKS RAPTORS (PA),BLACK BEAR GWYNEDD (PA),BROTHERHOOD 5TH/6TH (NJ),DUKES HHH (PA),TEAM TURNPIKE EXIT 7 (NJ),BALTIMORE BREAKERS U13AA (MD),TRI-STATE U13 BLACK (NJ),LV LIGHTNING WHITE (PA),GREEN & GOLD 7TH/8TH (NJ),GARDEN CITY '17 (NY),TRUE BLUE 2017 WHITE (NY),WOLFPACK - WHITE (MD),TOP SIDE SNIPERS BLACK (NY),FUSION TSL GOLD (NC),TEAM TOTAL VARSITY (MI),TROJANS HS B (PA),ARROWHEAD (PA),,JVB-1,U15A-1,,,U13B-3,U13B-3,U13B-3,U13B-3,U13B-3,U15AA-2,U15AA-2,U15AA-1,U15AA-1,U13B-6,U13B-6,U13B-5,U13B-5,U13AA-2,U13AA-2,U13AA-1,U13AA-1,U15B-1,U15B-1,U15B-1,U15B-1,U15B-1,U15B-1,U15B-1,VARB-3,VARB-3,VARB-3,,JVB-1,U15A-1
08:50:00 A,,TEAM TURNPIKE EXIT 6 (NJ),380 LACROSSE U-13 GREEN (PA),TEAM 91 2017 NAVY (NY),TRI-STATE U13 WHITE (NJ),TOP SIDE SNIPERS 5/6 (NY),STEPS FUTURES 2017 (NJ),DUKES HHH (PA),BBL ELITE 2017 BLACK (NJ),NOVA WEST LACROSSE (VA),SOUTHSHORE ORANGE (NJ),TEAM 91 2019 WHITE (NY),BLA SELECT (NY),380 LACROSSE U-13 BLACK (PA),"SUPERSTAR 365 ""2018"" (CT)",TEAM 91 2018 ORANGE (NY),LEADING EDGE 2019 (NJ),SOUTHSHORE CAROLINA (NJ),PITLAX U15 (PA),PROVIDENCE ROAD 2 (PA),TRI-STATE U15 GREY (NJ),LV  BLUE (PA),TRUE PITTSBURGH U15 (PA),BLACK BEAR BLUE (PA),TRI-STATE U15 GREEN (NJ),LOW AND AWAY U19 (PA),TEAM SMITHTOWN (NY),PENNCREST HIGH SCHOOL (PA),,JVB-2,U15A-2,,,U13B-3,U13B-3,U13B-3,U13B-3,U13B-3,U15AA-2,U15AA-2,U15AA-1,U15AA-1,U13B-6,U13B-6,U13B-5,U13B-5,U13AA-2,U13AA-2,U13AA-1,U13AA-1,U15B-1,U15B-1,U15B-1,U15B-1,U15B-1,U15B-1,U15B-1,VARB-3,VARB-3,VARB-3,,JVB-2,U15A-2
09:40:00 H,,BLACK BEAR ORANGE (PA),BUCKS 2017 - MITHOEFER (PA),LEADING EDGE SOUTH (NJ),BROTHERHOOD U15 (NJ),HOUSTON HOULAGUNS (TX),BAGGATAWAY LC U9 (PA),CAROLINA CANNONS (NC),TEAM 91 2022 ORANGE (NY),ROCK'EM LACROSSE (PA),BLACK JACKS (MA),EDGE 2016 WHITE (ON),GRIP-IT N' RIP-IT BLUE (NY),TEWAARATON LENAPE (NJ),BROTHERHOOD U16 (NJ),TRUE LACROSSE 2016 (PA),BUCKS 2016-HOGAN (PA),ENDLESS LACROSSE JV (MD),TEAM TOTAL ELITE (MI),DIP N DUNK (NY),MILITIA ELITE (VA),QUAKE VARSITY GOLD (NJ),BLACK BEAR ORANGE (PA),EMMAUS STING (PA),LOW & AWAY U19 PREMIER (PA),MUCKDAWGS (PA),TOP SIDE SNIPERS (NY),VA LAX TEAM RECON (VA),,JVB-3,U15A-3,,,U15A-1,U15A-1,U15A-1,U15A-1,U15A-1,U9-2,U9-2,U9-1,U9-1,JVB-1,JVB-1,JVB-1,JVB-1,JVB-1,JVA-2,JVA-2,JVA-2,VARA-1,VARA-1,VARA-1,VARA-1,VARA-1,VARA-1,VARA-1,VARB-4,VARB-4,VARB-4,,JVB-3,U15A-3
09:40:00 A,,BLACK DOG LEGACY (PA),LI PARK DISTRICT SELECT (NY),BAGGATAWAY LC U15 (PA),LEADING EDGE 2018 (NJ),BURN 'EM LACROSSE (NY),PEG LEG LACROSSE (PA),TOP SIDE SNIPERS (NY),MUCKDAWGS (PA),COLLEGEVILLE CHOSEN (PA),LV LIGHTNING SELECT BLUE (PA),BUCKS 2016 - KREUTZER (PA),EMMAUS STING (PA),GREEN & GOLD JV (NJ),TEAM 91 2016 STAMPEDE (NY),MAIN LINE LAX 2015-2016 (PA),NJ RIOT 2016 (NJ),TEAM TOTAL JV (MI),SF BIG HORNS (PA),DIRTY BIRDS (GA),TAR HEEL LC (NC),BALTIMORE CANNONS (MD),CASH COWS ELITE (MI),2014 PHILA FREEDOM (PA),TRUE PITTSBURGH 2014 (PA),NOR'EASTER (NJ),PROVIDENCE ROAD (PA),PITLAX U17 GREY (PA),,JVB-4,U15A-4,,,U15A-1,U15A-1,U15A-1,U15A-1,U15A-1,U9-2,U9-2,U9-1,U9-1,JVB-1,JVB-1,JVB-1,JVB-1,JVB-1,JVA-2,JVA-2,JVA-2,VARA-1,VARA-1,VARA-1,VARA-1,VARA-1,VARA-1,VARA-1,VARB-4,VARB-4,VARB-4,,JVB-4,U15A-4
10:30:00 H,,MUCKDAWGS (PA),ROCK'EM LACROSSE (PA) 4,TRI-STATE U13 WHITE (NJ),TRI-STATE U13 GOLD (NJ),380 LACROSSE U-13 GREEN (PA),WARD MELVILLE 2017 (NY),STEPS FUTURES 2017 (NJ),TRISTATE BLACK (NJ),NOVA WEST LACROSSE (VA),SOUTHSHORE ORANGE (NJ),BERKS RAPTORS (PA),BLA SELECT (NY),BROTHERHOOD 5TH/6TH (NJ),TEAM TURNPIKE EXIT 7 (NJ),TEAM 91 2018 ORANGE (NY),BALTIMORE BREAKERS U13AA (MD),TRI-STATE U13 BLACK (NJ),LV LIGHTNING WHITE (PA),PITLAX U15 (PA),TRUE PITTSBURGH U15 (PA),GARDEN CITY '17 (NY),PROVIDENCE ROAD 2 (PA),TRI-STATE U15 GREEN (NJ),TRUE BLUE 2017 WHITE (NY),TEAM TOTAL VARSITY (MI),TEAM SMITHTOWN (NY),TROJANS HS B (PA),,U11A-1,U15AA-1,,,U13B-3,U13B-3,U13B-3,U13B-3,U13B-3,U15AA-2,U15AA-2,U15AA-1,U15AA-1,U13B-6,U13B-6,U13B-5,U13B-5,U13AA-2,U13AA-2,U13AA-1,U13AA-1,U15B-1,U15B-1,U15B-1,U15B-1,U15B-1,U15B-1,U15B-1,VARB-3,VARB-3,VARB-3,,U11A-1,U15AA-1
10:30:00 A,,TEAM 91 2017 NAVY (NY),TEAM TURNPIKE EXIT 6 (NJ),ROCK'EM LACROSSE (PA) 3,RISING SONS 2019 (PA),TOP SIDE SNIPERS 5/6 (NY),LEADING EDGE 2017 (NJ),DUKES HHH (PA),HEADSTRONG WHITE (PA),BBL ELITE 2017 BLACK (NJ),TEAM 91 2019 WHITE (NY),VA LAX TEAM RECON-13 (VA),380 LACROSSE U-13 BLACK (PA),BLACK BEAR GWYNEDD (PA),"SUPERSTAR 365 ""2018"" (CT)",DUKES HHH (PA),SOUTHSHORE CAROLINA (NJ),LEADING EDGE 2019 (NJ),WOLFPACK - WHITE (MD),TOP SIDE SNIPERS BLACK (NY),BLACK BEAR BLUE (PA),GREEN & GOLD 7TH/8TH (NJ),TRI-STATE U15 GREY (NJ),LV  BLUE (PA),FUSION TSL GOLD (NC),PENNCREST HIGH SCHOOL (PA),ARROWHEAD (PA),LOW AND AWAY U19 (PA),,U11A-2,U15AA-2,,,U13B-3,U13B-3,U13B-3,U13B-3,U13B-3,U15AA-2,U15AA-2,U15AA-1,U15AA-1,U13B-6,U13B-6,U13B-5,U13B-5,U13AA-2,U13AA-2,U13AA-1,U13AA-1,U15B-1,U15B-1,U15B-1,U15B-1,U15B-1,U15B-1,U15B-1,VARB-3,VARB-3,VARB-3,,U11A-2,U15AA-2
11:20:00 H,,BUCKS 2017 - MITHOEFER (PA),LI PARK DISTRICT SELECT (NY),LEADING EDGE SOUTH (NJ),HOUSTON HOULAGUNS (TX),LEADING EDGE 2018 (NJ),CAROLINA CANNONS (NC),BAGGATAWAY LC U9 (PA),COLLEGEVILLE CHOSEN (PA),ROCK'EM LACROSSE (PA),GREEN & GOLD JV (NJ),EDGE 2016 WHITE (ON),BROTHERHOOD U16 (NJ),TEWAARATON LENAPE (NJ),LV LIGHTNING SELECT BLUE (PA),MAIN LINE LAX 2015-2016 (PA),TEAM TOTAL JV (MI),NJ RIOT 2016 (NJ),EMMAUS STING (PA),TAR HEEL LC (NC),MILITIA ELITE (VA),TEAM TOTAL ELITE (MI),BALTIMORE CANNONS (MD),2014 PHILA FREEDOM (PA),QUAKE VARSITY GOLD (NJ),MUCKDAWGS (PA),TOP SIDE SNIPERS (NY),NOR'EASTER (NJ),,U11B-1,U15B-1,,,U15A-1,U15A-1,U15A-1,U15A-1,U15A-1,U9-2,U9-2,U9-1,U9-1,JVB-1,JVB-1,JVB-1,JVB-1,JVB-1,JVA-2,JVA-2,JVA-2,VARA-1,VARA-1,VARA-1,VARA-1,VARA-1,VARA-1,VARA-1,VARB-4,VARB-4,VARB-4,,U11B-1,U15B-1
11:20:00 A,,BROTHERHOOD U15 (NJ),BAGGATAWAY LC U15 (PA),BURN 'EM LACROSSE (NY),BLACK BEAR ORANGE (PA),BLACK DOG LEGACY (PA),PEG LEG LACROSSE (PA),TOP SIDE SNIPERS (NY),MUCKDAWGS (PA),TEAM 91 2022 ORANGE (NY),BLACK JACKS (MA),TEAM 91 2016 STAMPEDE (NY),GRIP-IT N' RIP-IT BLUE (NY),BUCKS 2016 - KREUTZER (PA),EMMAUS STING (PA),BUCKS 2016-HOGAN (PA),TRUE LACROSSE 2016 (PA),ENDLESS LACROSSE JV (MD),DIRTY BIRDS (GA),LOW & AWAY U19 PREMIER (PA),TRUE PITTSBURGH 2014 (PA),CASH COWS ELITE (MI),BLACK BEAR ORANGE (PA),DIP N DUNK (NY),SF BIG HORNS (PA),PITLAX U17 GREY (PA),VA LAX TEAM RECON (VA),PROVIDENCE ROAD (PA),,U11B-2,U15B-2,,,U15A-1,U15A-1,U15A-1,U15A-1,U15A-1,U9-2,U9-2,U9-1,U9-1,JVB-1,JVB-1,JVB-1,JVB-1,JVB-1,JVA-2,JVA-2,JVA-2,VARA-1,VARA-1,VARA-1,VARA-1,VARA-1,VARA-1,VARA-1,VARB-4,VARB-4,VARB-4,,U11B-2,U15B-2
12:10:00 H,,380 LACROSSE U-13 GREEN (PA),TEAM 91 2017 NAVY (NY),TRI-STATE U13 WHITE (NJ),RISING SONS 2019 (PA),TRI-STATE U13 GOLD (NJ),WARD MELVILLE 2017 (NY),STEPS FUTURES 2017 (NJ),NOVA WEST LACROSSE (VA),TRISTATE BLACK (NJ),TEAM 91 2019 WHITE (NY),BERKS RAPTORS (PA),BLACK BEAR GWYNEDD (PA),BROTHERHOOD 5TH/6TH (NJ),TEAM 91 2018 ORANGE (NY),TEAM TURNPIKE EXIT 7 (NJ),LEADING EDGE 2019 (NJ),BALTIMORE BREAKERS U13AA (MD),FUSION TSL GOLD (NC),BLACK BEAR BLUE (PA),TRI-STATE U15 GREY (NJ),GARDEN CITY '17 (NY),LV LIGHTNING WHITE (PA),TRUE PITTSBURGH U15 (PA),TRUE BLUE 2017 WHITE (NY),TEAM SMITHTOWN (NY),ARROWHEAD (PA),PENNCREST HIGH SCHOOL (PA),,U11B-3,U9-1,,,U13B-3,U13B-3,U13B-3,U13B-3,U13B-3,U15AA-2,U15AA-2,U15AA-1,U15AA-1,U13B-6,U13B-6,U13B-5,U13B-5,U13AA-2,U13AA-2,U13AA-1,U13AA-1,U15B-1,U15B-1,U15B-1,U15B-1,U15B-1,U15B-1,U15B-1,VARB-3,VARB-3,VARB-3,,U11B-3,U9-1
12:10:00 A,,TEAM TURNPIKE EXIT 6 (NJ),ROCK'EM LACROSSE (PA) 3,ROCK'EM LACROSSE (PA) 4,MUCKDAWGS (PA),TOP SIDE SNIPERS 5/6 (NY),DUKES HHH (PA),LEADING EDGE 2017 (NJ),HEADSTRONG WHITE (PA),BBL ELITE 2017 BLACK (NJ),VA LAX TEAM RECON-13 (VA),SOUTHSHORE ORANGE (NJ),380 LACROSSE U-13 BLACK (PA),BLA SELECT (NY),"SUPERSTAR 365 ""2018"" (CT)",DUKES HHH (PA),SOUTHSHORE CAROLINA (NJ),TRI-STATE U13 BLACK (NJ),LV  BLUE (PA),WOLFPACK - WHITE (MD),GREEN & GOLD 7TH/8TH (NJ),PROVIDENCE ROAD 2 (PA),TOP SIDE SNIPERS BLACK (NY),PITLAX U15 (PA),TRI-STATE U15 GREEN (NJ),LOW AND AWAY U19 (PA),TEAM TOTAL VARSITY (MI),TROJANS HS B (PA),,U11B-4,U9-2,,,U13B-3,U13B-3,U13B-3,U13B-3,U13B-3,U15AA-2,U15AA-2,U15AA-1,U15AA-1,U13B-6,U13B-6,U13B-5,U13B-5,U13AA-2,U13AA-2,U13AA-1,U13AA-1,U15B-1,U15B-1,U15B-1,U15B-1,U15B-1,U15B-1,U15B-1,VARB-3,VARB-3,VARB-3,,U11B-4,U9-2
01:00:00 H,,NJ DIESEL ELITE U15 (NJ),LAX IN THE HAT (PA),NOVA WEST LACROSSE (VA),TRUE PITTSBURGH U13 (PA),BLACK DOG LEGACY (PA),WOLFPACK (MD),MAIN LINE LACROSSE U15 (PA),TWIST (PA),LEHIGH VALLEY STEAM (PA),LEADING EDGE 2020 (NJ),WARD MELVILLE 2018 (NY),LI EXPRESS (NY),LEHIGH VALLEY STEAM (PA),EDGE ELITE 2019 WHITE (ON),DIP N DUNK (NY),BLACK BEAR ORANGE (PA),HOUSTON HOULAGUNS (TX),BUCKS 2017-BREITHAUPT (PA),TRI-STATE U11 GREEN (NJ),LOONEY'S 2021 ORANGE (MD),LAXZILLA (PA),SF LITTLE HORNS (PA),MAKE-A-WISH (CT),TRI-STATE U15 WHITE (NJ),FCA GEORGIA (GA),GRIP-IT N' RIP-IT WHITE (NY),HORNETS FUTURES (NJ),,U13A-1,VARA-1,,,U13B-1,U13B-1,U13B-1,U13B-1,U13B-1,U15A-4,U15A-4,U15A-3,U15A-3,U13A-4,U13A-4,U13A-3,U13A-3,U13A-2,U13A-2,U13A-1,U13A-1,U11B-3,U11B-3,U11B-3,U11B-3,U11B-3,U11B-3,U11B-3,VARB-2,VARB-2,VARB-2,,U13A-1,VARA-1
01:00:00 A,,STEPS 2018 7TH GRADE (NJ),TRI-STATE U13 GREEN (NJ),LEADING EDGE SOUTH (NJ),NJ DIESEL ELITE U13 (NJ),380 LACROSSE U-15 BLACK (PA),TRI-STATE U15 GOLD (NJ),TEAM TOTAL U15 (MI),TEAM TURNPIKE EXIT 8 (NJ),FEVER 2017 (PA),MAIN LINE LACROSSE U13 (PA),STEPS FUTURES 2019 (NJ),BUCKS 2018 BLACK (PA),TWIST (PA),BROTHERHOOD U13 (NJ),BUCKS 2019-VENTRESCA (PA),BAGGATAWAY U13 BLACK (PA),BURN 'EM LACROSSE (NY),DIP N DUNK (NY),BUCKS SELECT 2021-PARKER (PA),LV LIGHTNING (PA),HIGHLAND MILLS HAWKS (NY),LEHIGH VALLEY STEAM GOLD (PA),BLACK DOG LEGACY (PA),380 LACROSSE U-15 GREEN (PA),LEHIGH VALLEY STEAM (PA),ENDLESS LACROSSE CLUB (MD),BUCKS 2014/2015 - BRUEMMER (PA),,U13A-2,VARA-2,,,U13B-1,U13B-1,U13B-1,U13B-1,U13B-1,U15A-4,U15A-4,U15A-3,U15A-3,U13A-4,U13A-4,U13A-3,U13A-3,U13A-2,U13A-2,U13A-1,U13A-1,U11B-3,U11B-3,U11B-3,U11B-3,U11B-3,U11B-3,U11B-3,VARB-2,VARB-2,VARB-2,,U13A-2,VARA-2
01:50:00 H,,BUFFALO RISING FRESHMAN (NY),LV LIGHTNING SELECT WHITE (PA),CBW WOLVERINES (PA),VA LAX TEAM RECON (VA),TEAM 91 2016 WHITE (NY),BLACK BEAR BLUE (PA),LV LIGHTNING BLUE (PA),GRIP-IT N' RIP-IT CAROLINA (NY),LEADING EDGE SOUTH (NJ),RISING SONS 2020 (PA),TRI-STATE U11 BLACK (NJ),LV STEAM MAROON (PA),BUCKS SELECT 2020-GRAY (PA),MUCKDAWGS (PA),EDGE 2016 RED (ON),BUFFALO RISING SOPHS (NY),,MUCKDAWGS (PA),RISING SONS 2021 (PA),ROCK'EM LACROSSE (PA),BLACK BEAR (PA),GRIP-IT N' RIP-IT YELLOW (NY),BROTHERHOOD U14 (NJ),LEADING EDGE 2021 (NJ),BLACK BEAR BLUE (PA),BLACK DOG LEGACY (PA),GREEN & GOLD VARSITY (NJ),,U13A-3,VARB-1,,,JVB-3,JVB-3,JVB-3,JVB-3,JVB-3,U13B-8,U13B-8,U13B-7,U13B-7,U11A-2,U11A-2,U11A-1,U11A-1,JVA-1,JVA-1,JVA-1,,U11B-1,U11B-1,U11B-1,U11B-1,U11B-1,U11B-1,U11B-1,VARB-1,VARB-1,VARB-1,,U13A-3,VARB-1
01:50:00 A,,TEAM SMITHTOWN (NY),SOUTH JERSEY UNITED (NJ),BLACK DOG LEGACY (PA),TRUE BLUE 2016 WHITE (NY),ROCK'EM LACROSSE (PA),TOP SIDE SNIPERS BLUE (NY),LOONEY'S 2019 ORANGE (MD),BAGGATAWAY LC U13 GOLD (PA),LV LIGHTNING WHITE (PA),BURN 'EM LACROSSE (NY),STEPS FUTURES 2020 (NJ),LOONEY'S 2020 ORANGE (MD),TEAM TURNPIKE EXIT 5 (NJ),BLACK BEAR 2016 (PA),CASH COWS SELECT (MI),2016 BLACK (NJ),,BAGGATAWAY LC U11 (PA),TEAM 91 2021 ORANGE (NY),NOVA WEST LACROSSE (VA),TWIST (PA),TRI-STATE U11 GOLD (NJ),CASH COWS U15 (MI),BERKS RAPTORS (PA),BUCKS 2014 - RENAHAN (PA),TRUE PITTSBURGH 2015 (PA),BROTHERHOOD VARSITY (NJ),,U13A-4,VARB-2,,,JVB-3,JVB-3,JVB-3,JVB-3,JVB-3,U13B-8,U13B-8,U13B-7,U13B-7,U11A-2,U11A-2,U11A-1,U11A-1,JVA-1,JVA-1,JVA-1,,U11B-1,U11B-1,U11B-1,U11B-1,U11B-1,U11B-1,U11B-1,VARB-1,VARB-1,VARB-1,,U13A-4,VARB-2
02:40:00 H,,TRI-STATE U13 GREEN (NJ),380 LACROSSE U-15 BLACK (PA),LAX IN THE HAT (PA),NOVA WEST LACROSSE (VA),STEPS 2018 7TH GRADE (NJ),MAIN LINE LACROSSE U15 (PA),TEAM TOTAL U15 (MI),TWIST (PA),TEAM TURNPIKE EXIT 8 (NJ),STEPS FUTURES 2019 (NJ),MAIN LINE LACROSSE U13 (PA),LI EXPRESS (NY),LEHIGH VALLEY STEAM (PA),DIP N DUNK (NY),BUCKS 2019-VENTRESCA (PA),BLACK BEAR ORANGE (PA),BAGGATAWAY U13 BLACK (PA),HIGHLAND MILLS HAWKS (NY),TRI-STATE U11 GREEN (NJ),380 LACROSSE U-15 GREEN (PA),TRI-STATE U15 WHITE (NJ),MAKE-A-WISH (CT),LAXZILLA (PA),BLACK DOG LEGACY (PA),BUCKS 2014/2015 - BRUEMMER (PA),HORNETS FUTURES (NJ),FCA GEORGIA (GA),,U13AA-1,VARB-3,,,U13B-1,U13B-1,U13B-1,U13B-1,U13B-1,U15A-4,U15A-4,U15A-3,U15A-3,U13A-4,U13A-4,U13A-3,U13A-3,U13A-2,U13A-2,U13A-1,U13A-1,U11B-3,U11B-3,U11B-3,U11B-3,U11B-3,U11B-3,U11B-3,VARB-2,VARB-2,VARB-2,,U13AA-1,VARB-3
02:40:00 A,,TRUE PITTSBURGH U13 (PA),NJ DIESEL ELITE U15 (NJ),BLACK DOG LEGACY (PA),NJ DIESEL ELITE U13 (NJ),LEADING EDGE SOUTH (NJ),TRI-STATE U15 GOLD (NJ),WOLFPACK (MD),FEVER 2017 (PA),LEHIGH VALLEY STEAM (PA),LEADING EDGE 2020 (NJ),WARD MELVILLE 2018 (NY),TWIST (PA),BUCKS 2018 BLACK (PA),BROTHERHOOD U13 (NJ),EDGE ELITE 2019 WHITE (ON),BURN 'EM LACROSSE (NY),HOUSTON HOULAGUNS (TX),LEHIGH VALLEY STEAM GOLD (PA),SF LITTLE HORNS (PA),DIP N DUNK (NY),BUCKS 2017-BREITHAUPT (PA),LOONEY'S 2021 ORANGE (MD),BUCKS SELECT 2021-PARKER (PA),LV LIGHTNING (PA),ENDLESS LACROSSE CLUB (MD),LEHIGH VALLEY STEAM (PA),GRIP-IT N' RIP-IT WHITE (NY),,U13AA-2,VARB-4,,,U13B-1,U13B-1,U13B-1,U13B-1,U13B-1,U15A-4,U15A-4,U15A-3,U15A-3,U13A-4,U13A-4,U13A-3,U13A-3,U13A-2,U13A-2,U13A-1,U13A-1,U11B-3,U11B-3,U11B-3,U11B-3,U11B-3,U11B-3,U11B-3,VARB-2,VARB-2,VARB-2,,U13AA-2,VARB-4
03:30:00 H,,BLACK DOG LEGACY (PA),TEAM 91 2016 WHITE (NY),BUFFALO RISING FRESHMAN (NY),ROCK'EM LACROSSE (PA),VA LAX TEAM RECON (VA),LOONEY'S 2019 ORANGE (MD),BLACK BEAR BLUE (PA),BAGGATAWAY LC U13 GOLD (PA),LV LIGHTNING WHITE (PA),TRI-STATE U11 BLACK (NJ),RISING SONS 2020 (PA),TEAM TURNPIKE EXIT 5 (NJ),LV STEAM MAROON (PA),2016 BLACK (NJ),BUFFALO RISING SOPHS (NY),BLACK BEAR 2016 (PA),,BROTHERHOOD U14 (NJ),TEAM 91 2021 ORANGE (NY),NOVA WEST LACROSSE (VA),ROCK'EM LACROSSE (PA),TWIST (PA),RISING SONS 2021 (PA),CASH COWS U15 (MI),TRUE PITTSBURGH 2015 (PA),BUCKS 2014 - RENAHAN (PA),BLACK BEAR BLUE (PA),,U13B-1,,,,JVB-3,JVB-3,JVB-3,JVB-3,JVB-3,U13B-8,U13B-8,U13B-7,U13B-7,U11A-2,U11A-2,U11A-1,U11A-1,JVA-1,JVA-1,JVA-1,,U11B-1,U11B-1,U11B-1,U11B-1,U11B-1,U11B-1,U11B-1,VARB-1,VARB-1,VARB-1,,U13B-1,
03:30:00 A,,LV LIGHTNING SELECT WHITE (PA),TRUE BLUE 2016 WHITE (NY),SOUTH JERSEY UNITED (NJ),CBW WOLVERINES (PA),TEAM SMITHTOWN (NY),TOP SIDE SNIPERS BLUE (NY),LV LIGHTNING BLUE (PA),LEADING EDGE SOUTH (NJ),GRIP-IT N' RIP-IT CAROLINA (NY),BURN 'EM LACROSSE (NY),STEPS FUTURES 2020 (NJ),LOONEY'S 2020 ORANGE (MD),BUCKS SELECT 2020-GRAY (PA),CASH COWS SELECT (MI),MUCKDAWGS (PA),EDGE 2016 RED (ON),,BERKS RAPTORS (PA),BAGGATAWAY LC U11 (PA),GRIP-IT N' RIP-IT YELLOW (NY),TRI-STATE U11 GOLD (NJ),LEADING EDGE 2021 (NJ),MUCKDAWGS (PA),BLACK BEAR (PA),GREEN & GOLD VARSITY (NJ),BLACK DOG LEGACY (PA),BROTHERHOOD VARSITY (NJ),,U13B-2,,,,JVB-3,JVB-3,JVB-3,JVB-3,JVB-3,U13B-8,U13B-8,U13B-7,U13B-7,U11A-2,U11A-2,U11A-1,U11A-1,JVA-1,JVA-1,JVA-1,,U11B-1,U11B-1,U11B-1,U11B-1,U11B-1,U11B-1,U11B-1,VARB-1,VARB-1,VARB-1,,U13B-2,
04:20:00 H,,NOVA WEST LACROSSE (VA),LEADING EDGE SOUTH (NJ),BLACK DOG LEGACY (PA),NJ DIESEL ELITE U13 (NJ),NJ DIESEL ELITE U15 (NJ),MAIN LINE LACROSSE U15 (PA),TEAM TOTAL U15 (MI),TWIST (PA),TEAM TURNPIKE EXIT 8 (NJ),WARD MELVILLE 2018 (NY),STEPS FUTURES 2019 (NJ),BUCKS 2018 BLACK (PA),LEHIGH VALLEY STEAM (PA),EDGE ELITE 2019 WHITE (ON),BUCKS 2019-VENTRESCA (PA),BLACK BEAR ORANGE (PA),BURN 'EM LACROSSE (NY),TRI-STATE U11 GREEN (NJ),SF LITTLE HORNS (PA),TRI-STATE U15 WHITE (NJ),BUCKS SELECT 2021-PARKER (PA),LV LIGHTNING (PA),LOONEY'S 2021 ORANGE (MD),380 LACROSSE U-15 GREEN (PA),ENDLESS LACROSSE CLUB (MD),FCA GEORGIA (GA),LEHIGH VALLEY STEAM (PA),,U13B-3,,,,U13B-1,U13B-1,U13B-1,U13B-1,U13B-1,U15A-4,U15A-4,U15A-3,U15A-3,U13A-4,U13A-4,U13A-3,U13A-3,U13A-2,U13A-2,U13A-1,U13A-1,U11B-3,U11B-3,U11B-3,U11B-3,U11B-3,U11B-3,U11B-3,VARB-2,VARB-2,VARB-2,,U13B-3,
04:20:00 A,,TRI-STATE U13 GREEN (NJ),380 LACROSSE U-15 BLACK (PA),STEPS 2018 7TH GRADE (NJ),LAX IN THE HAT (PA),TRUE PITTSBURGH U13 (PA),WOLFPACK (MD),TRI-STATE U15 GOLD (NJ),LEHIGH VALLEY STEAM (PA),FEVER 2017 (PA),LEADING EDGE 2020 (NJ),MAIN LINE LACROSSE U13 (PA),TWIST (PA),LI EXPRESS (NY),DIP N DUNK (NY),BROTHERHOOD U13 (NJ),HOUSTON HOULAGUNS (TX),BAGGATAWAY U13 BLACK (PA),LAXZILLA (PA),HIGHLAND MILLS HAWKS (NY),DIP N DUNK (NY),LEHIGH VALLEY STEAM GOLD (PA),MAKE-A-WISH (CT),BLACK DOG LEGACY (PA),BUCKS 2017-BREITHAUPT (PA),HORNETS FUTURES (NJ),BUCKS 2014/2015 - BRUEMMER (PA),GRIP-IT N' RIP-IT WHITE (NY),,U13B-4,,,,U13B-1,U13B-1,U13B-1,U13B-1,U13B-1,U15A-4,U15A-4,U15A-3,U15A-3,U13A-4,U13A-4,U13A-3,U13A-3,U13A-2,U13A-2,U13A-1,U13A-1,U11B-3,U11B-3,U11B-3,U11B-3,U11B-3,U11B-3,U11B-3,VARB-2,VARB-2,VARB-2,,U13B-4,
05:10:00 H,,CBW WOLVERINES (PA),SOUTH JERSEY UNITED (NJ),BUFFALO RISING FRESHMAN (NY),BLACK DOG LEGACY (PA),TEAM SMITHTOWN (NY),BLACK BEAR BLUE (PA),TOP SIDE SNIPERS BLUE (NY),LEADING EDGE SOUTH (NJ),BAGGATAWAY LC U13 GOLD (PA),RISING SONS 2020 (PA),BURN 'EM LACROSSE (NY),LOONEY'S 2020 ORANGE (MD),LV STEAM MAROON (PA),CASH COWS SELECT (MI),EDGE 2016 RED (ON),MUCKDAWGS (PA),,GRIP-IT N' RIP-IT YELLOW (NY),BAGGATAWAY LC U11 (PA),BERKS RAPTORS (PA),NOVA WEST LACROSSE (VA),LEADING EDGE 2021 (NJ),BROTHERHOOD U14 (NJ),MUCKDAWGS (PA),BLACK BEAR BLUE (PA),BLACK DOG LEGACY (PA),TRUE PITTSBURGH 2015 (PA),,U13B-5,,,,JVB-3,JVB-3,JVB-3,JVB-3,JVB-3,U13B-8,U13B-8,U13B-7,U13B-7,U11A-2,U11A-2,U11A-1,U11A-1,JVA-1,JVA-1,JVA-1,,U11B-1,U11B-1,U11B-1,U11B-1,U11B-1,U11B-1,U11B-1,VARB-1,VARB-1,VARB-1,,U13B-5,
05:10:00 A,,TRUE BLUE 2016 WHITE (NY),VA LAX TEAM RECON (VA),ROCK'EM LACROSSE (PA),TEAM 91 2016 WHITE (NY),LV LIGHTNING SELECT WHITE (PA),LOONEY'S 2019 ORANGE (MD),LV LIGHTNING BLUE (PA),GRIP-IT N' RIP-IT CAROLINA (NY),LV LIGHTNING WHITE (PA),TRI-STATE U11 BLACK (NJ),STEPS FUTURES 2020 (NJ),BUCKS SELECT 2020-GRAY (PA),TEAM TURNPIKE EXIT 5 (NJ),BLACK BEAR 2016 (PA),BUFFALO RISING SOPHS (NY),2016 BLACK (NJ),,ROCK'EM LACROSSE (PA),RISING SONS 2021 (PA),CASH COWS U15 (MI),TRI-STATE U11 GOLD (NJ),BLACK BEAR (PA),TWIST (PA),TEAM 91 2021 ORANGE (NY),GREEN & GOLD VARSITY (NJ),BROTHERHOOD VARSITY (NJ),BUCKS 2014 - RENAHAN (PA),,U13B-6,,,,JVB-3,JVB-3,JVB-3,JVB-3,JVB-3,U13B-8,U13B-8,U13B-7,U13B-7,U11A-2,U11A-2,U11A-1,U11A-1,JVA-1,JVA-1,JVA-1,,U11B-1,U11B-1,U11B-1,U11B-1,U11B-1,U11B-1,U11B-1,VARB-1,VARB-1,VARB-1,,U13B-6,

