Game,Date,Time,Field,Bracket,Round,Team,Game Score,Sportsmanship Rating,Sportsmanship Notes,Ref Rating,Ref Rating Notes
1,5/2/2015,8:00 AM,1,Boys U9A-RED,1,UPRISING 2024 (PA),,,,,
2,5/2/2015,8:00 AM,2,Boys U9A-RED,1,BROTHERLY LOVE (PA),,,,,
3,5/2/2015,8:00 AM,3,Boys U9B-BLUE,1,COUGARS (PA),,,,,
4,5/2/2015,8:00 AM,4,Boys U11B-RED,1,BYC U11B-IM (PA),,,,,
5,5/2/2015,8:00 AM,5,Boys U11B-RED,1,BYC FLYNN (PA),,,,,
1,5/2/2015,8:00 AM,1,Boys U9A-RED,1,TEAM HARLEY U9 (PA),,,,,
2,5/2/2015,8:00 AM,2,Boys U9A-RED,1,PHILADELPHIA FREEDOM 2024 (PA),,,,,
3,5/2/2015,8:00 AM,3,Boys U9B-BLUE,1,CYLAX U-9 (PA),,,,,
4,5/2/2015,8:00 AM,4,Boys U11B-RED,1,MAD DOGS (PA),,,,,
5,5/2/2015,8:00 AM,5,Boys U11B-RED,1,BROTHERLY LOVE 2023/2024 (PA),,,,,
6,5/2/2015,8:50 AM,1,Boys U11A-RED,1,UPRISING 2023 (PA),,,,,
7,5/2/2015,8:50 AM,2,Boys U11A-RED,1,BROTHERLY LOVE 2023 (PA),,,,,
8,5/2/2015,8:50 AM,3,Boys U9B-BLUE,1,SPRING-FORD D BLUE (PA),,,,,
9,5/2/2015,8:50 AM,4,Boys U11B-BLUE,1,BYC ZAVOD (PA),,,,,
10,5/2/2015,8:50 AM,5,Boys U11B-BLUE,1,SPRING-FORD C BLUE (PA),,,,,
6,5/2/2015,8:50 AM,1,Boys U11A-RED,1,TEAM HARLEY 2022 (PA),,,,,
7,5/2/2015,8:50 AM,2,Boys U11A-RED,1,LIONVILLE U11A (PA),,,,,
8,5/2/2015,8:50 AM,3,Boys U9A-RED,1,BROTHERLY LOVE (PA),,,,,
9,5/2/2015,8:50 AM,4,Boys U11B-BLUE,1,ROSE TREE OPTIMIST (PA),,,,,
10,5/2/2015,8:50 AM,5,Boys U11B-BLUE,1,UPPER MERION LC 3/4 C (PA),,,,,
11,5/2/2015,9:40 AM,1,Boys U9A-RED,2,BROTHERLY LOVE (PA),,,,,
12,5/2/2015,9:40 AM,2,Boys U9A-RED,2,PHILADELPHIA FREEDOM 2024 (PA),,,,,
13,5/2/2015,9:40 AM,3,Boys U9B-BLUE,2,COUGARS (PA),,,,,
14,5/2/2015,9:40 AM,4,Boys U11B-RED,2,BROTHERLY LOVE 2023/2024 (PA),,,,,
15,5/2/2015,9:40 AM,5,Boys U11B-RED,2,BYC FLYNN (PA),,,,,
11,5/2/2015,9:40 AM,1,Boys U9A-RED,2,TEAM HARLEY U9 (PA),,,,,
12,5/2/2015,9:40 AM,2,Boys U9A-RED,2,UPRISING 2024 (PA),,,,,
13,5/2/2015,9:40 AM,3,Boys U9B-BLUE,2,SPRING-FORD D BLUE (PA),,,,,
14,5/2/2015,9:40 AM,4,Boys U11B-RED,2,BYC U11B-IM (PA),,,,,
15,5/2/2015,9:40 AM,5,Boys U11B-RED,2,MAD DOGS (PA),,,,,
16,5/2/2015,10:30 AM,1,Boys U11A-RED,2,UPRISING 2023 (PA),,,,,
17,5/2/2015,10:30 AM,2,Boys U11A-RED,2,BROTHERLY LOVE 2023 (PA),,,,,
18,5/2/2015,10:30 AM,3,Boys U9B-BLUE,2,CYLAX U-9 (PA),,,,,
19,5/2/2015,10:30 AM,4,Boys U11B-BLUE,2,UPPER MERION LC 3/4 C (PA),,,,,
20,5/2/2015,10:30 AM,5,Boys U11B-BLUE,2,BYC ZAVOD (PA),,,,,
16,5/2/2015,10:30 AM,1,Boys U11A-RED,2,LIONVILLE U11A (PA),,,,,
17,5/2/2015,10:30 AM,2,Boys U11A-RED,2,TEAM HARLEY 2022 (PA),,,,,
18,5/2/2015,10:30 AM,3,Boys U9A-RED,2,PHILADELPHIA FREEDOM 2024 (PA),,,,,
19,5/2/2015,10:30 AM,4,Boys U11B-BLUE,2,ROSE TREE OPTIMIST (PA),,,,,
20,5/2/2015,10:30 AM,5,Boys U11B-BLUE,2,SPRING-FORD C BLUE (PA),,,,,
21,5/2/2015,11:20 AM,1,Boys U9A-RED,3,BROTHERLY LOVE (PA),,,,,
22,5/2/2015,11:20 AM,2,Boys U9A-RED,3,TEAM HARLEY U9 (PA),,,,,
23,5/2/2015,11:20 AM,3,Boys U9B-BLUE,3,CYLAX U-9 (PA),,,,,
24,5/2/2015,11:20 AM,4,Boys U11B-RED,3,BROTHERLY LOVE 2023/2024 (PA),,,,,
25,5/2/2015,11:20 AM,5,Boys U11B-RED,3,BYC U11B-IM (PA),,,,,
21,5/2/2015,11:20 AM,1,Boys U9A-RED,3,UPRISING 2024 (PA),,,,,
22,5/2/2015,11:20 AM,2,Boys U9A-RED,3,PHILADELPHIA FREEDOM 2024 (PA),,,,,
23,5/2/2015,11:20 AM,3,Boys U9B-BLUE,3,SPRING-FORD D BLUE (PA),,,,,
24,5/2/2015,11:20 AM,4,Boys U11B-RED,3,MAD DOGS (PA),,,,,
25,5/2/2015,11:20 AM,5,Boys U11B-BLUE,3,SPRING-FORD C BLUE (PA),,,,,
26,5/2/2015,12:10 AM,1,Boys U11A-RED,3,UPRISING 2023 (PA),,,,,
27,5/2/2015,12:10 AM,2,Boys U11A-RED,3,LIONVILLE U11A (PA),,,,,
28,5/2/2015,12:10 AM,3,Boys U9B-BLUE,3,COUGARS (PA),,,,,
29,5/2/2015,12:10 AM,4,Boys U11B-BLUE,3,UPPER MERION LC 3/4 C (PA),,,,,
30,5/2/2015,12:10 AM,5,Boys U11B-RED,3,BYC FLYNN (PA),,,,,
26,5/2/2015,12:10 AM,1,Boys U11A-RED,3,BROTHERLY LOVE 2023 (PA),,,,,
27,5/2/2015,12:10 AM,2,Boys U11A-RED,3,TEAM HARLEY 2022 (PA),,,,,
28,5/2/2015,12:10 AM,3,Boys U9A-RED,3,UPRISING 2024 (PA),,,,,
29,5/2/2015,12:10 AM,4,Boys U11B-BLUE,3,BYC ZAVOD (PA),,,,,
30,5/2/2015,12:10 AM,5,Boys U11B-BLUE,3,ROSE TREE OPTIMIST (PA),,,,,
31,5/2/2015,1:00 PM,1,Boys U13A-RED,1,EAGLES (PA),,,,,
32,5/2/2015,1:00 PM,2,Boys U13A-RED,1,TEAM HARLEY (PA),,,,,
33,5/2/2015,1:00 PM,3,Boys U13B-WHT,1,CYLAX U-13B GRAY (PA),,,,,
34,5/2/2015,1:00 PM,4,Boys U13B-WHT,1,HAVEN BLACK (PA),,,,,
31,5/2/2015,1:00 PM,1,Boys U13A-RED,1,CYLAX U-13A (PA),,,,,
32,5/2/2015,1:00 PM,2,Boys U13A-RED,1,SPRING-FORD B BLUE (PA),,,,,
33,5/2/2015,1:00 PM,3,Boys U13B-WHT,1,BYC U13B-2 (PA),,,,,
34,5/2/2015,1:00 PM,4,Boys U13B-WHT,1,UPPER MERION LC 5/6 B2 (PA),,,,,
36,5/2/2015,1:50 PM,1,Boys U13B-BLUE,1,BLACK STORM (NJ),,,,,
37,5/2/2015,1:50 PM,2,Boys U13B-BLUE,1,RTO B1 (PA),,,,,
38,5/2/2015,1:50 PM,3,Boys U13B-RED,1,BYC U13C (PA),,,,,
39,5/2/2015,1:50 PM,4,Boys U13B-RED,1,HAVERFORD BLAZE LC (PA),,,,,
36,5/2/2015,1:50 PM,1,Boys U13B-BLUE,1,BYC 2022 (PA),,,,,
37,5/2/2015,1:50 PM,2,Boys U13B-BLUE,1,CYLAX U-13B GARNET (PA),,,,,
38,5/2/2015,1:50 PM,3,Boys U13B-RED,1,ASHBEE B1- ORANGE (PA),,,,,
39,5/2/2015,1:50 PM,4,Boys U13B-RED,1,CYLAX GRAY GHOSTS (PA),,,,,
41,5/2/2015,2:40 PM,1,Boys U13A-RED,2,TEAM HARLEY (PA),,,,,
42,5/2/2015,2:40 PM,2,Boys U13A-RED,2,SPRING-FORD B BLUE (PA),,,,,
43,5/2/2015,2:40 PM,3,Boys U13B-WHT,2,UPPER MERION LC 5/6 B2 (PA),,,,,
44,5/2/2015,2:40 PM,4,Boys U13B-WHT,2,HAVEN BLACK (PA),,,,,
41,5/2/2015,2:40 PM,1,Boys U13A-RED,2,EAGLES (PA),,,,,
42,5/2/2015,2:40 PM,2,Boys U13A-RED,2,CYLAX U-13A (PA),,,,,
43,5/2/2015,2:40 PM,3,Boys U13B-WHT,2,CYLAX U-13B GRAY (PA),,,,,
44,5/2/2015,2:40 PM,4,Boys U13B-WHT,2,BYC U13B-2 (PA),,,,,
46,5/2/2015,3:30 PM,1,Boys U13B-BLUE,2,BYC 2022 (PA),,,,,
47,5/2/2015,3:30 PM,2,Boys U13B-BLUE,2,CYLAX U-13B GARNET (PA),,,,,
48,5/2/2015,3:30 PM,3,Boys U13B-RED,2,CYLAX GRAY GHOSTS (PA),,,,,
49,5/2/2015,3:30 PM,4,Boys U13B-RED,2,BYC U13C (PA),,,,,
46,5/2/2015,3:30 PM,1,Boys U13B-BLUE,2,RTO B1 (PA),,,,,
47,5/2/2015,3:30 PM,2,Boys U13B-BLUE,2,BLACK STORM (NJ),,,,,
48,5/2/2015,3:30 PM,3,Boys U13B-RED,2,ASHBEE B1- ORANGE (PA),,,,,
49,5/2/2015,3:30 PM,4,Boys U13B-RED,2,HAVERFORD BLAZE LC (PA),,,,,
51,5/2/2015,4:20 PM,1,Boys U13A-RED,3,EAGLES (PA),,,,,
52,5/2/2015,4:20 PM,2,Boys U13A-RED,3,TEAM HARLEY (PA),,,,,
53,5/2/2015,4:20 PM,3,Boys U13B-WHT,3,BYC U13B-2 (PA),,,,,
54,5/2/2015,4:20 PM,4,Boys U13B-WHT,3,HAVEN BLACK (PA),,,,,
51,5/2/2015,4:20 PM,1,Boys U13A-RED,3,SPRING-FORD B BLUE (PA),,,,,
52,5/2/2015,4:20 PM,2,Boys U13A-RED,3,CYLAX U-13A (PA),,,,,
53,5/2/2015,4:20 PM,3,Boys U13B-WHT,3,UPPER MERION LC 5/6 B2 (PA),,,,,
54,5/2/2015,4:20 PM,4,Boys U13B-WHT,3,CYLAX U-13B GRAY (PA),,,,,
56,5/2/2015,5:10 PM,1,Boys U13B-BLUE,3,BYC 2022 (PA),,,,,
57,5/2/2015,5:10 PM,2,Boys U13B-BLUE,3,RTO B1 (PA),,,,,
58,5/2/2015,5:10 PM,3,Boys U13B-RED,3,CYLAX GRAY GHOSTS (PA),,,,,
59,5/2/2015,5:10 PM,4,Boys U13B-RED,3,ASHBEE B1- ORANGE (PA),,,,,
56,5/2/2015,5:10 PM,1,Boys U13B-BLUE,3,CYLAX U-13B GARNET (PA),,,,,
57,5/2/2015,5:10 PM,2,Boys U13B-BLUE,3,BLACK STORM (NJ),,,,,
58,5/2/2015,5:10 PM,3,Boys U13B-RED,3,BYC U13C (PA),,,,,
59,5/2/2015,5:10 PM,4,Boys U13B-RED,3,HAVERFORD BLAZE LC (PA),,,,,
