,,,,,,,,,,,,,,,
"CHAPTER CHALLENGE - FIELD GRID DRAFT (with match-ups) - May 1, 2015 - 9:00am",,,,,,,,,,,,,,,
(This grid is for general scheduling purposes and may be subject to change.),,,,,,,,,,,,,,,
SATURDAY,,POLO FIELD #1,,,,,Boys U9B-BLUE Byes,,,,,,,,
Time,Slot,Field #1,Field #2,Field #3,Field #4,Field #5,Field #3,,,,,,,,
08:00:00 H,A,UPRISING 2024 (PA),BROTHERLY LOVE (PA),COUGARS (PA),BYC U11B-IM (PA),BYC FLYNN (PA),SPRING-FORD D BLUE (PA),,,Boys U9A-RED,Boys U9A-RED,Boys U9B-BLUE,Boys U11B-RED,Boys U11B-RED,Boys U9B-BLUE
08:00:00 A,A,TEAM HARLEY U9 (PA),PHILADELPHIA FREEDOM 2024 (PA),CYLAX U-9 (PA),MAD DOGS (PA),BROTHERLY LOVE 2023/2024 (PA),,,,Boys U9A-RED,Boys U9A-RED,Boys U9B-BLUE,Boys U11B-RED,Boys U11B-RED,
08:50:00 H,B,UPRISING 2023 (PA),BROTHERLY LOVE 2023 (PA),SPRING-FORD D BLUE (PA),BYC ZAVOD (PA),SPRING-FORD C BLUE (PA),,,,Boys U11A-RED,Boys U11A-RED,Boys U9B-BLUE,Boys U11B-BLUE,Boys U11B-BLUE,
08:50:00 A,B,TEAM HARLEY 2022 (PA),LIONVILLE U11A (PA),BROTHERLY LOVE (PA),ROSE TREE OPTIMIST (PA),UPPER MERION LC 3/4 C (PA),,,,Boys U11A-RED,Boys U11A-RED,Boys U9A-RED,Boys U11B-BLUE,Boys U11B-BLUE,
09:40:00 H,C,BROTHERLY LOVE (PA),PHILADELPHIA FREEDOM 2024 (PA),COUGARS (PA),BROTHERLY LOVE 2023/2024 (PA),BYC FLYNN (PA),CYLAX U-9 (PA),,,Boys U9A-RED,Boys U9A-RED,Boys U9B-BLUE,Boys U11B-RED,Boys U11B-RED,Boys U9B-BLUE
09:40:00 A,C,TEAM HARLEY U9 (PA),UPRISING 2024 (PA),SPRING-FORD D BLUE (PA),BYC U11B-IM (PA),MAD DOGS (PA),,,,Boys U9A-RED,Boys U9A-RED,Boys U9B-BLUE,Boys U11B-RED,Boys U11B-RED,
10:30:00 H,D,UPRISING 2023 (PA),BROTHERLY LOVE 2023 (PA),CYLAX U-9 (PA),UPPER MERION LC 3/4 C (PA),BYC ZAVOD (PA),,,,Boys U11A-RED,Boys U11A-RED,Boys U9B-BLUE,Boys U11B-BLUE,Boys U11B-BLUE,
10:30:00 A,D,LIONVILLE U11A (PA),TEAM HARLEY 2022 (PA),PHILADELPHIA FREEDOM 2024 (PA),ROSE TREE OPTIMIST (PA),SPRING-FORD C BLUE (PA),,,,Boys U11A-RED,Boys U11A-RED,Boys U9A-RED,Boys U11B-BLUE,Boys U11B-BLUE,
11:20:00 H,E,BROTHERLY LOVE (PA),TEAM HARLEY U9 (PA),CYLAX U-9 (PA),BROTHERLY LOVE 2023/2024 (PA),BYC U11B-IM (PA),COUGARS (PA),,,Boys U9A-RED,Boys U9A-RED,Boys U9B-BLUE,Boys U11B-RED,Boys U11B-RED,Boys U9B-BLUE
11:20:00 A,E,UPRISING 2024 (PA),PHILADELPHIA FREEDOM 2024 (PA),SPRING-FORD D BLUE (PA),MAD DOGS (PA),SPRING-FORD C BLUE (PA),,,,Boys U9A-RED,Boys U9A-RED,Boys U9B-BLUE,Boys U11B-RED,Boys U11B-BLUE,
12:10:00 H,F,UPRISING 2023 (PA),LIONVILLE U11A (PA),COUGARS (PA),UPPER MERION LC 3/4 C (PA),BYC FLYNN (PA),,,,Boys U11A-RED,Boys U11A-RED,Boys U9B-BLUE,Boys U11B-BLUE,Boys U11B-RED,
12:10:00 A,F,BROTHERLY LOVE 2023 (PA),TEAM HARLEY 2022 (PA),UPRISING 2024 (PA),BYC ZAVOD (PA),ROSE TREE OPTIMIST (PA),,,,Boys U11A-RED,Boys U11A-RED,Boys U9A-RED,Boys U11B-BLUE,Boys U11B-BLUE,
01:00:00 H,G,EAGLES (PA),TEAM HARLEY (PA),CYLAX U-13B GRAY (PA),HAVEN BLACK (PA),No game,,,,Boys U13A-RED,Boys U13A-RED,Boys U13B-WHT,Boys U13B-WHT,,
01:00:00 A,G,CYLAX U-13A (PA),SPRING-FORD B BLUE (PA),BYC U13B-2 (PA),UPPER MERION LC 5/6 B2 (PA),No game,,,,Boys U13A-RED,Boys U13A-RED,Boys U13B-WHT,Boys U13B-WHT,,
01:50:00 H,H,BLACK STORM (NJ),RTO B1 (PA),BYC U13C (PA),HAVERFORD BLAZE LC (PA),No game,POOL KEY,,,Boys U13B-BLUE,Boys U13B-BLUE,Boys U13B-RED,Boys U13B-RED,,
01:50:00 A,H,BYC 2022 (PA),CYLAX U-13B GARNET (PA),ASHBEE B1- ORANGE (PA),CYLAX GRAY GHOSTS (PA),No game,Boys U9A-RED,,,Boys U13B-BLUE,Boys U13B-BLUE,Boys U13B-RED,Boys U13B-RED,,Boys U9A-RED
02:40:00 H,I,TEAM HARLEY (PA),SPRING-FORD B BLUE (PA),UPPER MERION LC 5/6 B2 (PA),HAVEN BLACK (PA),No game,Boys U9B-BLUE,,,Boys U13A-RED,Boys U13A-RED,Boys U13B-WHT,Boys U13B-WHT,,Boys U9B-BLUE
02:40:00 A,I,EAGLES (PA),CYLAX U-13A (PA),CYLAX U-13B GRAY (PA),BYC U13B-2 (PA),No game,Boys U11A-RED,,,Boys U13A-RED,Boys U13A-RED,Boys U13B-WHT,Boys U13B-WHT,,Boys U11A-RED
03:30:00 H,J,BYC 2022 (PA),CYLAX U-13B GARNET (PA),CYLAX GRAY GHOSTS (PA),BYC U13C (PA),No game,Boys U11B-BLUE,,,Boys U13B-BLUE,Boys U13B-BLUE,Boys U13B-RED,Boys U13B-RED,,Boys U11B-BLUE
03:30:00 A,J,RTO B1 (PA),BLACK STORM (NJ),ASHBEE B1- ORANGE (PA),HAVERFORD BLAZE LC (PA),No game,Boys U11B-RED,,,Boys U13B-BLUE,Boys U13B-BLUE,Boys U13B-RED,Boys U13B-RED,,Boys U11B-RED
04:20:00 H,K,EAGLES (PA),TEAM HARLEY (PA),BYC U13B-2 (PA),HAVEN BLACK (PA),No game,Boys U13A-RED,,,Boys U13A-RED,Boys U13A-RED,Boys U13B-WHT,Boys U13B-WHT,,Boys U13A-RED
04:20:00 A,K,SPRING-FORD B BLUE (PA),CYLAX U-13A (PA),UPPER MERION LC 5/6 B2 (PA),CYLAX U-13B GRAY (PA),No game,Boys U13B-BLUE,,,Boys U13A-RED,Boys U13A-RED,Boys U13B-WHT,Boys U13B-WHT,,Boys U13B-BLUE
05:10:00 H,L,BYC 2022 (PA),RTO B1 (PA),CYLAX GRAY GHOSTS (PA),ASHBEE B1- ORANGE (PA),No game,Boys U13B-RED,,,Boys U13B-BLUE,Boys U13B-BLUE,Boys U13B-RED,Boys U13B-RED,,Boys U13B-RED
05:10:00 A,L,CYLAX U-13B GARNET (PA),BLACK STORM (NJ),BYC U13C (PA),HAVERFORD BLAZE LC (PA),No game,Boys U13B-WHT,,,Boys U13B-BLUE,Boys U13B-BLUE,Boys U13B-RED,Boys U13B-RED,,Boys U13B-WHT