,Brandywine Polo Club 1,Score,Brandywine Polo Club 2,Score,Brandywine Polo Club 3,Score,Brandywine Polo Club 4,Score,Brandywine Polo Club 5,Score
07:00:00 H,Boys U11B: UPRISING 2024 (PA),,Boys U11B: PHILADELPHIA FREEDOM 2024 (PA),,Boys U11B: BROTHERLY LOVE 2023/2024 (PA),,Boys U11B: BYC 11B / FLYNN (PA),,Boys U11B: ROSE TREE OPTIMIST (PA),
07:00:00 A,Boys U11B: SPRING-FORD C BLUE (PA),,Boys U11B: BYC U11B-IM (PA),,Boys U11B: MAD DOGS (PA),,Boys U11B: BYC 3 (PA),,Boys U11B: UPPER MERION LACROSSE CLUB 3/4 C (PA),
07:50:00 H,Boys U9AB: COUGARS (PA),,Boys U9AB: SPRING-FORD D BLUE (PA),,Boys U9AB: BROTHERLY LOVE (PA),,Boys U13B: BYC U13B-1 (PA),,Boys U13B: BYC U13B-2 (PA),
07:50:00 A,Boys U9AB: Dummy 2 (PA),,Boys U9AB: CYLAX U-9 (PA),,Boys U9AB: TEAM HARLEY U9 (PA),,Boys U13B: BYC U13C (PA),,Boys U13B: ASHBEE B1- ORANGE (PA),
08:40:00 H,Boys U11B: BYC 3 (PA),,Boys U11B: BYC U11B-IM (PA),,Boys U11B: MAD DOGS (PA),,Boys U11B: UPPER MERION LACROSSE CLUB 3/4 C (PA),,Boys U11B: SPRING-FORD C BLUE (PA),
08:40:00 A,Boys U11B: PHILADELPHIA FREEDOM 2024 (PA),,Boys U11B: UPRISING 2024 (PA),,Boys U11B: BYC 11B / FLYNN (PA),,Boys U11B: BROTHERLY LOVE 2023/2024 (PA),,Boys U11B: ROSE TREE OPTIMIST (PA),
09:30:00 H,Boys U9AB: TEAM HARLEY U9 (PA),,Boys U9AB: BROTHERLY LOVE (PA),,Boys U9AB: SPRING-FORD D BLUE (PA),,Boys U13B: ASHBEE B1- ORANGE (PA),,Boys U13B: BYC U13B-2 (PA),
09:30:00 A,Boys U9AB: COUGARS (PA),,Boys U9AB: CYLAX U-9 (PA),,Boys U9AB: Dummy 2 (PA),,Boys U13B: BYC U13B-1 (PA),,Boys U13B: BYC U13C (PA),
10:20:00 H,Boys U11B: BYC 3 (PA),,Boys U11B: PHILADELPHIA FREEDOM 2024 (PA),,Boys U11B: BYC 11B / FLYNN (PA),,Boys U11B: SPRING-FORD C BLUE (PA),,Boys U11B: UPRISING 2024 (PA),
10:20:00 A,Boys U11B: ROSE TREE OPTIMIST (PA),,Boys U11B: MAD DOGS (PA),,Boys U11B: BYC U11B-IM (PA),,Boys U11B: BROTHERLY LOVE 2023/2024 (PA),,Boys U11B: UPPER MERION LACROSSE CLUB 3/4 C (PA),
11:10:00 H,Boys U9AB: SPRING-FORD D BLUE (PA),,Boys U9AB: Dummy 2 (PA),,Boys U9AB: CYLAX U-9 (PA),,Boys U13B: BYC U13B-2 (PA),,Boys U13B: ASHBEE B1- ORANGE (PA),
11:10:00 A,Boys U9AB: BROTHERLY LOVE (PA),,Boys U9AB: TEAM HARLEY U9 (PA),,Boys U9AB: COUGARS (PA),,Boys U13B: BYC U13B-1 (PA),,Boys U13B: BYC U13C (PA),
12:00:00 H,Boys U13A: CYLAX U-13A (PA),,Boys U13A: BLACK STORM (NJ),,Boys U13A: SPRING-FORD B BLUE (PA),,Boys U13B: CYLAX U-13B GRAY (PA),,Boys U13B: UPPER MERION LACROSSE CLUB 5/6 B2 (PA),
12:00:00 A,Boys U13A: Dummy 1 (PA),,Boys U13A: EAGLES (PA),,Boys U13A: TEAM HARLEY (PA),,Boys U13B: CYLAX U-13B GARNET (PA),,Boys U13B: RTO B1 (PA),
12:50:00 H,Boys U11A: LIONVILLE U11A (PA),,Boys U11A: UPRISING 2023 (PA),,No game,,No game,,No game,
12:50:00 A,Boys U11A: BROTHERLY LOVE 2023 (PA),,Boys U11A: TEAM HARLEY 2022 (PA),,No game,,No game,,No game,
13:40:00 H,Boys U13A: EAGLES (PA),,Boys U13A: Dummy 1 (PA),,Boys U13A: SPRING-FORD B BLUE (PA),,Boys U13B: UPPER MERION LACROSSE CLUB 5/6 B2 (PA),,Boys U13B: CYLAX U-13B GARNET (PA),
13:40:00 A,Boys U13A: TEAM HARLEY (PA),,Boys U13A: BLACK STORM (NJ),,Boys U13A: CYLAX U-13A (PA),,Boys U13B: CYLAX U-13B GRAY (PA),,Boys U13B: RTO B1 (PA),
14:30:00 H,Boys U11A: BROTHERLY LOVE 2023 (PA),,Boys U11A: UPRISING 2023 (PA),,No game,,No game,,No game,
14:30:00 A,Boys U11A: TEAM HARLEY 2022 (PA),,Boys U11A: LIONVILLE U11A (PA),,No game,,No game,,No game,
15:20:00 H,Boys U13A: Dummy 1 (PA),,Boys U13A: BLACK STORM (NJ),,Boys U13A: CYLAX U-13A (PA),,Boys U13B: CYLAX U-13B GARNET (PA),,Boys U13B: RTO B1 (PA),
15:20:00 A,Boys U13A: SPRING-FORD B BLUE (PA),,Boys U13A: TEAM HARLEY (PA),,Boys U13A: EAGLES (PA),,Boys U13B: UPPER MERION LACROSSE CLUB 5/6 B2 (PA),,Boys U13B: CYLAX U-13B GRAY (PA),
16:10:00 H,Boys U11A: LIONVILLE U11A (PA),,Boys U11A: UPRISING 2023 (PA),,No game,,No game,,No game,
16:10:00 A,Boys U11A: TEAM HARLEY 2022 (PA),,Boys U11A: BROTHERLY LOVE 2023 (PA),,No game,,No game,,No game,
