Division,Team,,Field,Time,Game 1,,Field,Time,Game 2,,Field,Time,Game 3
Boys U11A,TEAM HARLEY 2022 (PA),,Brandywine Polo Club 2,12:50:00,Boys U11A: UPRISING 2023 (PA) (Away),,Brandywine Polo Club 1,14:30:00,Boys U11A: BROTHERLY LOVE 2023 (PA) (Away),,Brandywine Polo Club 1,16:10:00,Boys U11A: LIONVILLE U11A (PA) (Away)
Boys U11A,UPRISING 2023 (PA),,Brandywine Polo Club 2,12:50:00,Boys U11A: TEAM HARLEY 2022 (PA) (Home),,Brandywine Polo Club 2,14:30:00,Boys U11A: LIONVILLE U11A (PA) (Home),,Brandywine Polo Club 2,16:10:00,Boys U11A: BROTHERLY LOVE 2023 (PA) (Home)
Boys U11A,BROTHERLY LOVE 2023 (PA),,Brandywine Polo Club 1,12:50:00,Boys U11A: LIONVILLE U11A (PA) (Away),,Brandywine Polo Club 1,14:30:00,Boys U11A: TEAM HARLEY 2022 (PA) (Home),,Brandywine Polo Club 2,16:10:00,Boys U11A: UPRISING 2023 (PA) (Away)
Boys U11A,LIONVILLE U11A (PA),,Brandywine Polo Club 1,12:50:00,Boys U11A: BROTHERLY LOVE 2023 (PA) (Home),,Brandywine Polo Club 2,14:30:00,Boys U11A: UPRISING 2023 (PA) (Away),,Brandywine Polo Club 1,16:10:00,Boys U11A: TEAM HARLEY 2022 (PA) (Home)
Boys U11B,UPRISING 2024 (PA),,Brandywine Polo Club 1,07:00:00,Boys U11B: SPRING-FORD C BLUE (PA) (Home),,Brandywine Polo Club 2,08:40:00,Boys U11B: BYC U11B-IM (PA) (Away),,Brandywine Polo Club 5,10:20:00,Boys U11B: UPPER MERION LACROSSE CLUB 3/4 C (PA) (Home)
Boys U11B,SPRING-FORD C BLUE (PA),,Brandywine Polo Club 1,07:00:00,Boys U11B: UPRISING 2024 (PA) (Away),,Brandywine Polo Club 5,08:40:00,Boys U11B: ROSE TREE OPTIMIST (PA) (Home),,Brandywine Polo Club 4,10:20:00,Boys U11B: BROTHERLY LOVE 2023/2024 (PA) (Home)
Boys U11B,ROSE TREE OPTIMIST (PA),,Brandywine Polo Club 5,07:00:00,Boys U11B: UPPER MERION LACROSSE CLUB 3/4 C (PA) (Home),,Brandywine Polo Club 5,08:40:00,Boys U11B: SPRING-FORD C BLUE (PA) (Away),,Brandywine Polo Club 1,10:20:00,Boys U11B: BYC 3 (PA) (Away)
Boys U11B,UPPER MERION LACROSSE CLUB 3/4 C (PA),,Brandywine Polo Club 5,07:00:00,Boys U11B: ROSE TREE OPTIMIST (PA) (Away),,Brandywine Polo Club 4,08:40:00,Boys U11B: BROTHERLY LOVE 2023/2024 (PA) (Home),,Brandywine Polo Club 5,10:20:00,Boys U11B: UPRISING 2024 (PA) (Away)
Boys U11B,BROTHERLY LOVE 2023/2024 (PA),,Brandywine Polo Club 3,07:00:00,Boys U11B: MAD DOGS (PA) (Home),,Brandywine Polo Club 4,08:40:00,Boys U11B: UPPER MERION LACROSSE CLUB 3/4 C (PA) (Away),,Brandywine Polo Club 4,10:20:00,Boys U11B: SPRING-FORD C BLUE (PA) (Away)
Boys U11B,BYC U11B-IM (PA),,Brandywine Polo Club 2,07:00:00,Boys U11B: PHILADELPHIA FREEDOM 2024 (PA) (Away),,Brandywine Polo Club 2,08:40:00,Boys U11B: UPRISING 2024 (PA) (Home),,Brandywine Polo Club 3,10:20:00,Boys U11B: BYC 11B / FLYNN (PA) (Away)
Boys U11B,PHILADELPHIA FREEDOM 2024 (PA),,Brandywine Polo Club 2,07:00:00,Boys U11B: BYC U11B-IM (PA) (Home),,Brandywine Polo Club 1,08:40:00,Boys U11B: BYC 3 (PA) (Away),,Brandywine Polo Club 2,10:20:00,Boys U11B: MAD DOGS (PA) (Home)
Boys U11B,BYC 3 (PA),,Brandywine Polo Club 4,07:00:00,Boys U11B: BYC 11B / FLYNN (PA) (Away),,Brandywine Polo Club 1,08:40:00,Boys U11B: PHILADELPHIA FREEDOM 2024 (PA) (Home),,Brandywine Polo Club 1,10:20:00,Boys U11B: ROSE TREE OPTIMIST (PA) (Home)
Boys U11B,BYC 11B / FLYNN (PA),,Brandywine Polo Club 4,07:00:00,Boys U11B: BYC 3 (PA) (Home),,Brandywine Polo Club 3,08:40:00,Boys U11B: MAD DOGS (PA) (Away),,Brandywine Polo Club 3,10:20:00,Boys U11B: BYC U11B-IM (PA) (Home)
Boys U11B,MAD DOGS (PA),,Brandywine Polo Club 3,07:00:00,Boys U11B: BROTHERLY LOVE 2023/2024 (PA) (Away),,Brandywine Polo Club 3,08:40:00,Boys U11B: BYC 11B / FLYNN (PA) (Home),,Brandywine Polo Club 2,10:20:00,Boys U11B: PHILADELPHIA FREEDOM 2024 (PA) (Away)
Boys U13A,Dummy 1 (PA),,Brandywine Polo Club 1,12:00:00,Boys U13A: CYLAX U-13A (PA) (Away),,Brandywine Polo Club 2,13:40:00,Boys U13A: BLACK STORM (NJ) (Home),,Brandywine Polo Club 1,15:20:00,Boys U13A: SPRING-FORD B BLUE (PA) (Home)
Boys U13A,CYLAX U-13A (PA),,Brandywine Polo Club 1,12:00:00,Boys U13A: Dummy 1 (PA) (Home),,Brandywine Polo Club 3,13:40:00,Boys U13A: SPRING-FORD B BLUE (PA) (Away),,Brandywine Polo Club 3,15:20:00,Boys U13A: EAGLES (PA) (Home)
Boys U13A,SPRING-FORD B BLUE (PA),,Brandywine Polo Club 3,12:00:00,Boys U13A: TEAM HARLEY (PA) (Home),,Brandywine Polo Club 3,13:40:00,Boys U13A: CYLAX U-13A (PA) (Home),,Brandywine Polo Club 1,15:20:00,Boys U13A: Dummy 1 (PA) (Away)
Boys U13A,TEAM HARLEY (PA),,Brandywine Polo Club 3,12:00:00,Boys U13A: SPRING-FORD B BLUE (PA) (Away),,Brandywine Polo Club 1,13:40:00,Boys U13A: EAGLES (PA) (Away),,Brandywine Polo Club 2,15:20:00,Boys U13A: BLACK STORM (NJ) (Away)
Boys U13A,EAGLES (PA),,Brandywine Polo Club 2,12:00:00,Boys U13A: BLACK STORM (NJ) (Away),,Brandywine Polo Club 1,13:40:00,Boys U13A: TEAM HARLEY (PA) (Home),,Brandywine Polo Club 3,15:20:00,Boys U13A: CYLAX U-13A (PA) (Away)
Boys U13A,BLACK STORM (NJ),,Brandywine Polo Club 2,12:00:00,Boys U13A: EAGLES (PA) (Home),,Brandywine Polo Club 2,13:40:00,Boys U13A: Dummy 1 (PA) (Away),,Brandywine Polo Club 2,15:20:00,Boys U13A: TEAM HARLEY (PA) (Home)
Boys U13B,CYLAX U-13B GARNET (PA),,Brandywine Polo Club 4,12:00:00,Boys U13B: CYLAX U-13B GRAY (PA) (Away),,Brandywine Polo Club 5,13:40:00,Boys U13B: RTO B1 (PA) (Home),,Brandywine Polo Club 4,15:20:00,Boys U13B: UPPER MERION LACROSSE CLUB 5/6 B2 (PA) (Home)
Boys U13B,CYLAX U-13B GRAY (PA),,Brandywine Polo Club 4,12:00:00,Boys U13B: CYLAX U-13B GARNET (PA) (Home),,Brandywine Polo Club 4,13:40:00,Boys U13B: UPPER MERION LACROSSE CLUB 5/6 B2 (PA) (Away),,Brandywine Polo Club 5,15:20:00,Boys U13B: RTO B1 (PA) (Away)
Boys U13B,RTO B1 (PA),,Brandywine Polo Club 5,12:00:00,Boys U13B: UPPER MERION LACROSSE CLUB 5/6 B2 (PA) (Away),,Brandywine Polo Club 5,13:40:00,Boys U13B: CYLAX U-13B GARNET (PA) (Away),,Brandywine Polo Club 5,15:20:00,Boys U13B: CYLAX U-13B GRAY (PA) (Home)
Boys U13B,UPPER MERION LACROSSE CLUB 5/6 B2 (PA),,Brandywine Polo Club 5,12:00:00,Boys U13B: RTO B1 (PA) (Home),,Brandywine Polo Club 4,13:40:00,Boys U13B: CYLAX U-13B GRAY (PA) (Home),,Brandywine Polo Club 4,15:20:00,Boys U13B: CYLAX U-13B GARNET (PA) (Away)
Boys U13B,ASHBEE B1- ORANGE (PA),,Brandywine Polo Club 5,07:50:00,Boys U13B: BYC U13B-2 (PA) (Away),,Brandywine Polo Club 4,09:30:00,Boys U13B: BYC U13B-1 (PA) (Home),,Brandywine Polo Club 5,11:10:00,Boys U13B: BYC U13C (PA) (Home)
Boys U13B,BYC U13B-2 (PA),,Brandywine Polo Club 5,07:50:00,Boys U13B: ASHBEE B1- ORANGE (PA) (Home),,Brandywine Polo Club 5,09:30:00,Boys U13B: BYC U13C (PA) (Home),,Brandywine Polo Club 4,11:10:00,Boys U13B: BYC U13B-1 (PA) (Home)
Boys U13B,BYC U13B-1 (PA),,Brandywine Polo Club 4,07:50:00,Boys U13B: BYC U13C (PA) (Home),,Brandywine Polo Club 4,09:30:00,Boys U13B: ASHBEE B1- ORANGE (PA) (Away),,Brandywine Polo Club 4,11:10:00,Boys U13B: BYC U13B-2 (PA) (Away)
Boys U13B,BYC U13C (PA),,Brandywine Polo Club 4,07:50:00,Boys U13B: BYC U13B-1 (PA) (Away),,Brandywine Polo Club 5,09:30:00,Boys U13B: BYC U13B-2 (PA) (Away),,Brandywine Polo Club 5,11:10:00,Boys U13B: ASHBEE B1- ORANGE (PA) (Away)
Boys U9AB,Dummy 2 (PA),,Brandywine Polo Club 1,07:50:00,Boys U9AB: COUGARS (PA) (Away),,Brandywine Polo Club 3,09:30:00,Boys U9AB: SPRING-FORD D BLUE (PA) (Away),,Brandywine Polo Club 2,11:10:00,Boys U9AB: TEAM HARLEY U9 (PA) (Home)
Boys U9AB,COUGARS (PA),,Brandywine Polo Club 1,07:50:00,Boys U9AB: Dummy 2 (PA) (Home),,Brandywine Polo Club 1,09:30:00,Boys U9AB: TEAM HARLEY U9 (PA) (Away),,Brandywine Polo Club 3,11:10:00,Boys U9AB: CYLAX U-9 (PA) (Away)
Boys U9AB,TEAM HARLEY U9 (PA),,Brandywine Polo Club 3,07:50:00,Boys U9AB: BROTHERLY LOVE (PA) (Away),,Brandywine Polo Club 1,09:30:00,Boys U9AB: COUGARS (PA) (Home),,Brandywine Polo Club 2,11:10:00,Boys U9AB: Dummy 2 (PA) (Away)
Boys U9AB,BROTHERLY LOVE (PA),,Brandywine Polo Club 3,07:50:00,Boys U9AB: TEAM HARLEY U9 (PA) (Home),,Brandywine Polo Club 2,09:30:00,Boys U9AB: CYLAX U-9 (PA) (Home),,Brandywine Polo Club 1,11:10:00,Boys U9AB: SPRING-FORD D BLUE (PA) (Away)
Boys U9AB,CYLAX U-9 (PA),,Brandywine Polo Club 2,07:50:00,Boys U9AB: SPRING-FORD D BLUE (PA) (Away),,Brandywine Polo Club 2,09:30:00,Boys U9AB: BROTHERLY LOVE (PA) (Away),,Brandywine Polo Club 3,11:10:00,Boys U9AB: COUGARS (PA) (Home)
Boys U9AB,SPRING-FORD D BLUE (PA),,Brandywine Polo Club 2,07:50:00,Boys U9AB: CYLAX U-9 (PA) (Home),,Brandywine Polo Club 3,09:30:00,Boys U9AB: Dummy 2 (PA) (Home),,Brandywine Polo Club 1,11:10:00,Boys U9AB: BROTHERLY LOVE (PA) (Home)
