Division,Team,,Field,Time,Game 1,,Field,Time,Game 2,,Field,Time,Game 3
Boys U11A-RED,BROTHERLY LOVE 2023 (PA),,Brandywine Polo Club 3,12:50:00,Boys U11A-RED: LIONVILLE U11A (PA) (Home),,Brandywine Polo Club 4,14:30:00,Boys U11A-RED: TEAM HARLEY 2022 (PA) (Home),,Brandywine Polo Club 4,16:10:00,Boys U11A-RED: UPRISING 2023 (PA) (Away)
Boys U11A-RED,LIONVILLE U11A (PA),,Brandywine Polo Club 3,12:50:00,Boys U11A-RED: BROTHERLY LOVE 2023 (PA) (Away),,Brandywine Polo Club 3,14:30:00,Boys U11A-RED: UPRISING 2023 (PA) (Home),,Brandywine Polo Club 3,16:10:00,Boys U11A-RED: TEAM HARLEY 2022 (PA) (Home)
Boys U11A-RED,TEAM HARLEY 2022 (PA),,Brandywine Polo Club 4,12:50:00,Boys U11A-RED: UPRISING 2023 (PA) (Away),,Brandywine Polo Club 4,14:30:00,Boys U11A-RED: BROTHERLY LOVE 2023 (PA) (Away),,Brandywine Polo Club 3,16:10:00,Boys U11A-RED: LIONVILLE U11A (PA) (Away)
Boys U11A-RED,UPRISING 2023 (PA),,Brandywine Polo Club 4,12:50:00,Boys U11A-RED: TEAM HARLEY 2022 (PA) (Home),,Brandywine Polo Club 3,14:30:00,Boys U11A-RED: LIONVILLE U11A (PA) (Away),,Brandywine Polo Club 4,16:10:00,Boys U11A-RED: BROTHERLY LOVE 2023 (PA) (Home)
Boys U11B-BLUE,BYC U11B-IM (PA),,Brandywine Polo Club 1,12:50:00,Boys U11B-BLUE: ROSE TREE OPTIMIST (PA) (Away),,Brandywine Polo Club 1,14:30:00,Boys U11B-BLUE: SPRING-FORD C BLUE (PA) (Home),,Brandywine Polo Club 2,16:10:00,Boys U11B-BLUE: UPPER MERION LACROSSE CLUB 3/4 C (PA) (Home)
Boys U11B-BLUE,ROSE TREE OPTIMIST (PA),,Brandywine Polo Club 1,12:50:00,Boys U11B-BLUE: BYC U11B-IM (PA) (Home),,Brandywine Polo Club 2,14:30:00,Boys U11B-BLUE: UPPER MERION LACROSSE CLUB 3/4 C (PA) (Away),,Brandywine Polo Club 1,16:10:00,Boys U11B-BLUE: SPRING-FORD C BLUE (PA) (Home)
Boys U11B-BLUE,SPRING-FORD C BLUE (PA),,Brandywine Polo Club 2,12:50:00,Boys U11B-BLUE: UPPER MERION LACROSSE CLUB 3/4 C (PA) (Away),,Brandywine Polo Club 1,14:30:00,Boys U11B-BLUE: BYC U11B-IM (PA) (Away),,Brandywine Polo Club 1,16:10:00,Boys U11B-BLUE: ROSE TREE OPTIMIST (PA) (Away)
Boys U11B-BLUE,UPPER MERION LACROSSE CLUB 3/4 C (PA),,Brandywine Polo Club 2,12:50:00,Boys U11B-BLUE: SPRING-FORD C BLUE (PA) (Home),,Brandywine Polo Club 2,14:30:00,Boys U11B-BLUE: ROSE TREE OPTIMIST (PA) (Home),,Brandywine Polo Club 2,16:10:00,Boys U11B-BLUE: BYC U11B-IM (PA) (Away)
Boys U11B-RED,BROTHERLY LOVE 2023/2024 (PA),,Brandywine Polo Club 4,12:00:00,Boys U11B-RED: BYC FLYNN (PA) (Away),,Brandywine Polo Club 3,13:40:00,Boys U11B-RED: BYC ZAVOD (PA) (Away),,Brandywine Polo Club 4,15:20:00,Boys U11B-RED: MAD DOGS (PA) (Home)
Boys U11B-RED,BYC FLYNN (PA),,Brandywine Polo Club 4,12:00:00,Boys U11B-RED: BROTHERLY LOVE 2023/2024 (PA) (Home),,Brandywine Polo Club 4,13:40:00,Boys U11B-RED: MAD DOGS (PA) (Home),,Brandywine Polo Club 3,15:20:00,Boys U11B-RED: BYC ZAVOD (PA) (Away)
Boys U11B-RED,BYC ZAVOD (PA),,Brandywine Polo Club 3,12:00:00,Boys U11B-RED: MAD DOGS (PA) (Away),,Brandywine Polo Club 3,13:40:00,Boys U11B-RED: BROTHERLY LOVE 2023/2024 (PA) (Home),,Brandywine Polo Club 3,15:20:00,Boys U11B-RED: BYC FLYNN (PA) (Home)
Boys U11B-RED,MAD DOGS (PA),,Brandywine Polo Club 3,12:00:00,Boys U11B-RED: BYC ZAVOD (PA) (Home),,Brandywine Polo Club 4,13:40:00,Boys U11B-RED: BYC FLYNN (PA) (Away),,Brandywine Polo Club 4,15:20:00,Boys U11B-RED: BROTHERLY LOVE 2023/2024 (PA) (Away)
Boys U13A-RED,CYLAX U-13A (PA),,Brandywine Polo Club 2,12:00:00,Boys U13A-RED: EAGLES (PA) (Away),,Brandywine Polo Club 2,13:40:00,Boys U13A-RED: SPRING-FORD B BLUE (PA) (Home),,Brandywine Polo Club 2,15:20:00,Boys U13A-RED: TEAM HARLEY (PA) (Away)
Boys U13A-RED,EAGLES (PA),,Brandywine Polo Club 2,12:00:00,Boys U13A-RED: CYLAX U-13A (PA) (Home),,Brandywine Polo Club 1,13:40:00,Boys U13A-RED: TEAM HARLEY (PA) (Away),,Brandywine Polo Club 1,15:20:00,Boys U13A-RED: SPRING-FORD B BLUE (PA) (Home)
Boys U13A-RED,SPRING-FORD B BLUE (PA),,Brandywine Polo Club 1,12:00:00,Boys U13A-RED: TEAM HARLEY (PA) (Home),,Brandywine Polo Club 2,13:40:00,Boys U13A-RED: CYLAX U-13A (PA) (Away),,Brandywine Polo Club 1,15:20:00,Boys U13A-RED: EAGLES (PA) (Away)
Boys U13A-RED,TEAM HARLEY (PA),,Brandywine Polo Club 1,12:00:00,Boys U13A-RED: SPRING-FORD B BLUE (PA) (Away),,Brandywine Polo Club 1,13:40:00,Boys U13A-RED: EAGLES (PA) (Home),,Brandywine Polo Club 2,15:20:00,Boys U13A-RED: CYLAX U-13A (PA) (Home)
Boys U13B-BLUE,BLACK STORM (NJ),,Brandywine Polo Club 3,07:50:00,Boys U13B-BLUE: BYC U13B-1 (PA) (Away),,Brandywine Polo Club 4,09:30:00,Boys U13B-BLUE: CYLAX U-13B GARNET (PA) (Away),,Brandywine Polo Club 3,11:10:00,Boys U13B-BLUE: RTO B1 (PA) (Home)
Boys U13B-BLUE,BYC U13B-1 (PA),,Brandywine Polo Club 3,07:50:00,Boys U13B-BLUE: BLACK STORM (NJ) (Home),,Brandywine Polo Club 3,09:30:00,Boys U13B-BLUE: RTO B1 (PA) (Away),,Brandywine Polo Club 4,11:10:00,Boys U13B-BLUE: CYLAX U-13B GARNET (PA) (Home)
Boys U13B-BLUE,CYLAX U-13B GARNET (PA),,Brandywine Polo Club 4,07:50:00,Boys U13B-BLUE: RTO B1 (PA) (Away),,Brandywine Polo Club 4,09:30:00,Boys U13B-BLUE: BLACK STORM (NJ) (Home),,Brandywine Polo Club 4,11:10:00,Boys U13B-BLUE: BYC U13B-1 (PA) (Away)
Boys U13B-BLUE,RTO B1 (PA),,Brandywine Polo Club 4,07:50:00,Boys U13B-BLUE: CYLAX U-13B GARNET (PA) (Home),,Brandywine Polo Club 3,09:30:00,Boys U13B-BLUE: BYC U13B-1 (PA) (Home),,Brandywine Polo Club 3,11:10:00,Boys U13B-BLUE: BLACK STORM (NJ) (Away)
Boys U13B-RED,ASHBEE B1- ORANGE (PA),,Brandywine Polo Club 1,07:50:00,Boys U13B-RED: BYC U13C (PA) (Away),,Brandywine Polo Club 1,09:30:00,Boys U13B-RED: CYLAX GRAY GHOSTS (PA) (Home),,Brandywine Polo Club 1,11:10:00,Boys U13B-RED: HAVERFORD BLAZE LACROSSE CLUB (PA) (Home)
Boys U13B-RED,BYC U13C (PA),,Brandywine Polo Club 1,07:50:00,Boys U13B-RED: ASHBEE B1- ORANGE (PA) (Home),,Brandywine Polo Club 2,09:30:00,Boys U13B-RED: HAVERFORD BLAZE LACROSSE CLUB (PA) (Home),,Brandywine Polo Club 2,11:10:00,Boys U13B-RED: CYLAX GRAY GHOSTS (PA) (Home)
Boys U13B-RED,CYLAX GRAY GHOSTS (PA),,Brandywine Polo Club 2,07:50:00,Boys U13B-RED: HAVERFORD BLAZE LACROSSE CLUB (PA) (Home),,Brandywine Polo Club 1,09:30:00,Boys U13B-RED: ASHBEE B1- ORANGE (PA) (Away),,Brandywine Polo Club 2,11:10:00,Boys U13B-RED: BYC U13C (PA) (Away)
Boys U13B-RED,HAVERFORD BLAZE LACROSSE CLUB (PA),,Brandywine Polo Club 2,07:50:00,Boys U13B-RED: CYLAX GRAY GHOSTS (PA) (Away),,Brandywine Polo Club 2,09:30:00,Boys U13B-RED: BYC U13C (PA) (Away),,Brandywine Polo Club 1,11:10:00,Boys U13B-RED: ASHBEE B1- ORANGE (PA) (Away)
Boys U13B-WHT,BYC U13B-2 (PA),,Brandywine Polo Club 4,07:00:00,Boys U13B-WHT: CYLAX U-13B GRAY (PA) (Away),,Brandywine Polo Club 4,08:40:00,Boys U13B-WHT: HAVEN BLACK (PA) (Home),,Brandywine Polo Club 4,10:20:00,Boys U13B-WHT: UPPER MERION LACROSSE CLUB 5/6 B2 (PA) (Away)
Boys U13B-WHT,CYLAX U-13B GRAY (PA),,Brandywine Polo Club 4,07:00:00,Boys U13B-WHT: BYC U13B-2 (PA) (Home),,Brandywine Polo Club 3,08:40:00,Boys U13B-WHT: UPPER MERION LACROSSE CLUB 5/6 B2 (PA) (Away),,Brandywine Polo Club 3,10:20:00,Boys U13B-WHT: HAVEN BLACK (PA) (Home)
Boys U13B-WHT,HAVEN BLACK (PA),,Brandywine Polo Club 3,07:00:00,Boys U13B-WHT: UPPER MERION LACROSSE CLUB 5/6 B2 (PA) (Home),,Brandywine Polo Club 4,08:40:00,Boys U13B-WHT: BYC U13B-2 (PA) (Away),,Brandywine Polo Club 3,10:20:00,Boys U13B-WHT: CYLAX U-13B GRAY (PA) (Away)
Boys U13B-WHT,UPPER MERION LACROSSE CLUB 5/6 B2 (PA),,Brandywine Polo Club 3,07:00:00,Boys U13B-WHT: HAVEN BLACK (PA) (Away),,Brandywine Polo Club 3,08:40:00,Boys U13B-WHT: CYLAX U-13B GRAY (PA) (Home),,Brandywine Polo Club 4,10:20:00,Boys U13B-WHT: BYC U13B-2 (PA) (Home)
Boys U9A-RED,BROTHERLY LOVE (PA),,Brandywine Polo Club 1,07:00:00,Boys U9A-RED: PHILADELPHIA FREEDOM 2024 (PA) (Home),,Brandywine Polo Club 1,08:40:00,Boys U9A-RED: TEAM HARLEY U9 (PA) (Away),,Brandywine Polo Club 2,10:20:00,Boys U9A-RED: UPRISING 2024 (PA) (Away)
Boys U9A-RED,PHILADELPHIA FREEDOM 2024 (PA),,Brandywine Polo Club 1,07:00:00,Boys U9A-RED: BROTHERLY LOVE (PA) (Away),,Brandywine Polo Club 2,08:40:00,Boys U9A-RED: UPRISING 2024 (PA) (Away),,Brandywine Polo Club 1,10:20:00,Boys U9A-RED: TEAM HARLEY U9 (PA) (Home)
Boys U9A-RED,TEAM HARLEY U9 (PA),,Brandywine Polo Club 2,07:00:00,Boys U9A-RED: UPRISING 2024 (PA) (Home),,Brandywine Polo Club 1,08:40:00,Boys U9A-RED: BROTHERLY LOVE (PA) (Home),,Brandywine Polo Club 1,10:20:00,Boys U9A-RED: PHILADELPHIA FREEDOM 2024 (PA) (Away)
Boys U9A-RED,UPRISING 2024 (PA),,Brandywine Polo Club 2,07:00:00,Boys U9A-RED: TEAM HARLEY U9 (PA) (Away),,Brandywine Polo Club 2,08:40:00,Boys U9A-RED: PHILADELPHIA FREEDOM 2024 (PA) (Home),,Brandywine Polo Club 2,10:20:00,Boys U9A-RED: BROTHERLY LOVE (PA) (Home)
