,Brandywine Polo Club 1,Score,Brandywine Polo Club 2,Score,Brandywine Polo Club 3,Score,Brandywine Polo Club 4,Score,Brandywine Polo Club 5,Score
07:00:00 H,Boys U9A-RED: BROTHERLY LOVE (PA),,Boys U9A-RED: TEAM HARLEY U9 (PA),,Boys U13B-WHT: HAVEN BLACK (PA),,Boys U13B-WHT: CYLAX U-13B GRAY (PA),,No game,
07:00:00 A,Boys U9A-RED: PHILADELPHIA FREEDOM 2024 (PA),,Boys U9A-RED: UPRISING 2024 (PA),,Boys U13B-WHT: UPPER MERION LACROSSE CLUB 5/6 B2 (PA),,Boys U13B-WHT: BYC U13B-2 (PA),,No game,
07:50:00 H,Boys U13B-RED: BYC U13C (PA),,Boys U13B-RED: CYLAX GRAY GHOSTS (PA),,Boys U13B-BLUE: BYC U13B-1 (PA),,Boys U13B-BLUE: RTO B1 (PA),,No game,
07:50:00 A,Boys U13B-RED: ASHBEE B1- ORANGE (PA),,Boys U13B-RED: HAVERFORD BLAZE LACROSSE CLUB (PA),,Boys U13B-BLUE: BLACK STORM (NJ),,Boys U13B-BLUE: CYLAX U-13B GARNET (PA),,No game,
08:40:00 H,Boys U9A-RED: TEAM HARLEY U9 (PA),,Boys U9A-RED: UPRISING 2024 (PA),,Boys U13B-WHT: UPPER MERION LACROSSE CLUB 5/6 B2 (PA),,Boys U13B-WHT: BYC U13B-2 (PA),,No game,
08:40:00 A,Boys U9A-RED: BROTHERLY LOVE (PA),,Boys U9A-RED: PHILADELPHIA FREEDOM 2024 (PA),,Boys U13B-WHT: CYLAX U-13B GRAY (PA),,Boys U13B-WHT: HAVEN BLACK (PA),,No game,
09:30:00 H,Boys U13B-RED: ASHBEE B1- ORANGE (PA),,Boys U13B-RED: BYC U13C (PA),,Boys U13B-BLUE: RTO B1 (PA),,Boys U13B-BLUE: CYLAX U-13B GARNET (PA),,No game,
09:30:00 A,Boys U13B-RED: CYLAX GRAY GHOSTS (PA),,Boys U13B-RED: HAVERFORD BLAZE LACROSSE CLUB (PA),,Boys U13B-BLUE: BYC U13B-1 (PA),,Boys U13B-BLUE: BLACK STORM (NJ),,No game,
10:20:00 H,Boys U9A-RED: PHILADELPHIA FREEDOM 2024 (PA),,Boys U9A-RED: UPRISING 2024 (PA),,Boys U13B-WHT: CYLAX U-13B GRAY (PA),,Boys U13B-WHT: UPPER MERION LACROSSE CLUB 5/6 B2 (PA),,No game,
10:20:00 A,Boys U9A-RED: TEAM HARLEY U9 (PA),,Boys U9A-RED: BROTHERLY LOVE (PA),,Boys U13B-WHT: HAVEN BLACK (PA),,Boys U13B-WHT: BYC U13B-2 (PA),,No game,
11:10:00 H,Boys U13B-RED: ASHBEE B1- ORANGE (PA),,Boys U13B-RED: BYC U13C (PA),,Boys U13B-BLUE: BLACK STORM (NJ),,Boys U13B-BLUE: BYC U13B-1 (PA),,No game,
11:10:00 A,Boys U13B-RED: HAVERFORD BLAZE LACROSSE CLUB (PA),,Boys U13B-RED: CYLAX GRAY GHOSTS (PA),,Boys U13B-BLUE: RTO B1 (PA),,Boys U13B-BLUE: CYLAX U-13B GARNET (PA),,No game,
12:00:00 H,Boys U13A-RED: SPRING-FORD B BLUE (PA),,Boys U13A-RED: EAGLES (PA),,Boys U11B-RED: MAD DOGS (PA),,Boys U11B-RED: BYC FLYNN (PA),,No game,
12:00:00 A,Boys U13A-RED: TEAM HARLEY (PA),,Boys U13A-RED: CYLAX U-13A (PA),,Boys U11B-RED: BYC ZAVOD (PA),,Boys U11B-RED: BROTHERLY LOVE 2023/2024 (PA),,No game,
12:50:00 H,Boys U11B-BLUE: ROSE TREE OPTIMIST (PA),,Boys U11B-BLUE: UPPER MERION LACROSSE CLUB 3/4 C (PA),,Boys U11A-RED: BROTHERLY LOVE 2023 (PA),,Boys U11A-RED: UPRISING 2023 (PA),,No game,
12:50:00 A,Boys U11B-BLUE: BYC U11B-IM (PA),,Boys U11B-BLUE: SPRING-FORD C BLUE (PA),,Boys U11A-RED: LIONVILLE U11A (PA),,Boys U11A-RED: TEAM HARLEY 2022 (PA),,No game,
13:40:00 H,Boys U13A-RED: TEAM HARLEY (PA),,Boys U13A-RED: CYLAX U-13A (PA),,Boys U11B-RED: BYC ZAVOD (PA),,Boys U11B-RED: BYC FLYNN (PA),,No game,
13:40:00 A,Boys U13A-RED: EAGLES (PA),,Boys U13A-RED: SPRING-FORD B BLUE (PA),,Boys U11B-RED: BROTHERLY LOVE 2023/2024 (PA),,Boys U11B-RED: MAD DOGS (PA),,No game,
14:30:00 H,Boys U11B-BLUE: BYC U11B-IM (PA),,Boys U11B-BLUE: UPPER MERION LACROSSE CLUB 3/4 C (PA),,Boys U11A-RED: LIONVILLE U11A (PA),,Boys U11A-RED: BROTHERLY LOVE 2023 (PA),,No game,
14:30:00 A,Boys U11B-BLUE: SPRING-FORD C BLUE (PA),,Boys U11B-BLUE: ROSE TREE OPTIMIST (PA),,Boys U11A-RED: UPRISING 2023 (PA),,Boys U11A-RED: TEAM HARLEY 2022 (PA),,No game,
15:20:00 H,Boys U13A-RED: EAGLES (PA),,Boys U13A-RED: TEAM HARLEY (PA),,Boys U11B-RED: BYC ZAVOD (PA),,Boys U11B-RED: BROTHERLY LOVE 2023/2024 (PA),,No game,
15:20:00 A,Boys U13A-RED: SPRING-FORD B BLUE (PA),,Boys U13A-RED: CYLAX U-13A (PA),,Boys U11B-RED: BYC FLYNN (PA),,Boys U11B-RED: MAD DOGS (PA),,No game,
16:10:00 H,Boys U11B-BLUE: ROSE TREE OPTIMIST (PA),,Boys U11B-BLUE: BYC U11B-IM (PA),,Boys U11A-RED: LIONVILLE U11A (PA),,Boys U11A-RED: UPRISING 2023 (PA),,No game,
16:10:00 A,Boys U11B-BLUE: SPRING-FORD C BLUE (PA),,Boys U11B-BLUE: UPPER MERION LACROSSE CLUB 3/4 C (PA),,Boys U11A-RED: TEAM HARLEY 2022 (PA),,Boys U11A-RED: BROTHERLY LOVE 2023 (PA),,No game,
