Game,Date,Time,Field,Bracket,Round,Team,Game Score,Sportsmanship Rating,Sportsmanship Notes,Ref Rating,Ref Rating Notes
1,5/3/2015,8:00 AM,1,Boys U15B-RED,1,UPPER MERION LC 7/8 A2 (PA),,,,,
2,5/3/2015,8:00 AM,2,Boys U15B-RED,1,BYC U15B (PA),,,,,
3,5/3/2015,8:00 AM,3,Girls U15B-BLUE,1,STORM (DE),,,,,
4,5/3/2015,8:00 AM,4,Girls U15B-BLUE,1,ROSE TREE RED (PA),,,,,
5,5/3/2015,8:00 AM,5,Girls U15B-BLUE,1,RADNOR BLACK (PA),,,,,
1,5/3/2015,8:00 AM,1,Boys U15B-RED,1,SPRING-FORD A GOLD (PA),,,,,
2,5/3/2015,8:00 AM,2,Boys U15B-RED,1,EAGLES (PA),,,,,
3,5/3/2015,8:00 AM,3,Girls U15B-BLUE,1,HAWKS (NJ),,,,,
4,5/3/2015,8:00 AM,4,Girls U15B-BLUE,1,LOWER MAC MUSTANGS (PA),,,,,
5,5/3/2015,8:00 AM,5,Girls U15B-BLUE,1,SPRINFIELD 2020 (PA),,,,,
6,5/3/2015,8:50 AM,1,Boys U15A-RED,1,LBL STAGS (PA),,,,,
7,5/3/2015,8:50 AM,2,Boys U15A-RED,1,ROSE TREE OPTIMIST 7/8 (PA),,,,,
8,5/3/2015,8:50 AM,3,Girls U13A-RED,1,BYC (PA),,,,,
9,5/3/2015,8:50 AM,4,Girls U13A-RED,1,FILIA 2021 (PA),,,,,
6,5/3/2015,8:50 AM,1,Boys U15A-RED,1,HAVEN A1 (PA),,,,,
7,5/3/2015,8:50 AM,2,Boys U15A-RED,1,SPRING-FORD A BLUE (PA),,,,,
8,5/3/2015,8:50 AM,3,Girls U13A-RED,1,QUIX STIX 5/6 GRADE A (PA),,,,,
9,5/3/2015,8:50 AM,4,Girls U13A-RED,1,HENLOPEN STORM (DE),,,,,
11,5/3/2015,9:40 AM,1,Boys U15B-RED,2,UPPER MERION LC 7/8 A2 (PA),,,,,
12,5/3/2015,9:40 AM,2,Boys U15B-RED,2,BYC U15B (PA),,,,,
13,5/3/2015,9:40 AM,3,Girls U15B-BLUE,2,HAWKS (NJ),,,,,
14,5/3/2015,9:40 AM,4,Girls U15B-BLUE,2,SPRINFIELD 2020 (PA),,,,,
15,5/3/2015,9:40 AM,5,Girls U15B-BLUE,2,RADNOR BLACK (PA),,,,,
11,5/3/2015,9:40 AM,1,Boys U15B-RED,2,EAGLES (PA),,,,,
12,5/3/2015,9:40 AM,2,Boys U15B-RED,2,SPRING-FORD A GOLD (PA),,,,,
13,5/3/2015,9:40 AM,3,Girls U15B-BLUE,2,LOWER MAC MUSTANGS (PA),,,,,
14,5/3/2015,9:40 AM,4,Girls U15B-BLUE,2,STORM (DE),,,,,
15,5/3/2015,9:40 AM,5,Girls U15B-BLUE,2,ROSE TREE RED (PA),,,,,
16,5/3/2015,10:30 AM,1,Boys U15A-RED,2,HAVEN A1 (PA),,,,,
17,5/3/2015,10:30 AM,2,Boys U15A-RED,2,LBL STAGS (PA),,,,,
18,5/3/2015,10:30 AM,3,Girls U13A-RED,2,QUIX STIX 5/6 GRADE A (PA),,,,,
19,5/3/2015,10:30 AM,4,Girls U13A-RED,2,HENLOPEN STORM (DE),,,,,
16,5/3/2015,10:30 AM,1,Boys U15A-RED,2,ROSE TREE OPTIMIST 7/8 (PA),,,,,
17,5/3/2015,10:30 AM,2,Boys U15A-RED,2,SPRING-FORD A BLUE (PA),,,,,
18,5/3/2015,10:30 AM,3,Girls U13A-RED,2,FILIA 2021 (PA),,,,,
19,5/3/2015,10:30 AM,4,Girls U13A-RED,2,BYC (PA),,,,,
21,5/3/2015,11:20 AM,1,Boys U15B-RED,3,BYC U15B (PA),,,,,
22,5/3/2015,11:20 AM,2,Boys U15B-RED,3,EAGLES (PA),,,,,
23,5/3/2015,11:20 AM,3,Girls U15B-BLUE,3,RADNOR BLACK (PA),,,,,
24,5/3/2015,11:20 AM,4,Girls U15B-BLUE,3,LOWER MAC MUSTANGS (PA),,,,,
25,5/3/2015,11:20 AM,5,Girls U15B-BLUE,3,ROSE TREE RED (PA),,,,,
21,5/3/2015,11:20 AM,1,Boys U15B-RED,3,UPPER MERION LC 7/8 A2 (PA),,,,,
22,5/3/2015,11:20 AM,2,Boys U15B-RED,3,SPRING-FORD A GOLD (PA),,,,,
23,5/3/2015,11:20 AM,3,Girls U15B-BLUE,3,STORM (DE),,,,,
24,5/3/2015,11:20 AM,4,Girls U15B-BLUE,3,SPRINFIELD 2020 (PA),,,,,
25,5/3/2015,11:20 AM,5,Girls U15B-BLUE,3,HAWKS (NJ),,,,,
26,5/3/2015,12:10 AM,1,Boys U15A-RED,3,ROSE TREE OPTIMIST 7/8 (PA),,,,,
27,5/3/2015,12:10 AM,2,Boys U15A-RED,3,HAVEN A1 (PA),,,,,
28,5/3/2015,12:10 AM,3,Girls U13A-RED,3,FILIA 2021 (PA),,,,,
29,5/3/2015,12:10 AM,4,Girls U13A-RED,3,QUIX STIX 5/6 GRADE A (PA),,,,,
26,5/3/2015,12:10 AM,1,Boys U15A-RED,3,LBL STAGS (PA),,,,,
27,5/3/2015,12:10 AM,2,Boys U15A-RED,3,SPRING-FORD A BLUE (PA),,,,,
28,5/3/2015,12:10 AM,3,Girls U13A-RED,3,BYC (PA),,,,,
29,5/3/2015,12:10 AM,4,Girls U13A-RED,3,HENLOPEN STORM (DE),,,,,
31,5/3/2015,1:00 PM,1,Girls U13B-BLUE,1,RTO B (PA),,,,,
32,5/3/2015,1:00 PM,2,Girls U13B-BLUE,1,SPRINGFIELD BLUE (PA),,,,,
33,5/3/2015,1:00 PM,3,Girls U15A-RED,1,QUIX STIX 8TH GRADE A (PA),,,,,
34,5/3/2015,1:00 PM,4,Girls U15A-RED,1,WEST CHESTER 7/8 REC (PA),,,,,
35,5/3/2015,1:00 PM,5,Girls U13B-BLUE,1,HENLOPEN STORM (DE),,,,,
31,5/3/2015,1:00 PM,1,Girls U13B-BLUE,1,FILIA 2022 (PA),,,,,
32,5/3/2015,1:00 PM,2,Girls U13B-BLUE,1,BYC (PA),,,,,
33,5/3/2015,1:00 PM,3,Girls U15A-RED,1,BRANDYWINE MAJORS NAVY (PA),,,,,
34,5/3/2015,1:00 PM,4,Girls U15A-RED,1,THUNDER (PA),,,,,
35,5/3/2015,1:00 PM,5,Girls U13B-BLUE,1,SPRINGFIELD GOLD (PA),,,,,
36,5/3/2015,1:50 PM,1,Girls U15A-BLUE,1,RADNOR MAROON (PA),,,,,
37,5/3/2015,1:50 PM,2,Girls U15A-BLUE,1,QUIX STIX 7TH GRADE A (PA),,,,,
38,5/3/2015,1:50 PM,3A,Girls U11A-RED,1,FILIA,,,,,
39,5/3/2015,1:50 PM,3B,Girls U11A-RED,1,BELLES (PA),,,,,
40,5/3/2015,1:50 PM,4A,Girls U11A-RED,1,JUNIOR HAWKS (NJ),,,,,
36,5/3/2015,1:50 PM,1,Girls U15A-BLUE,1,OPTIMIST LAXERS (PA),,,,,
37,5/3/2015,1:50 PM,2,Girls U15A-BLUE,1,SPRINGFIELD GOLD (PA),,,,,
38,5/3/2015,1:50 PM,3A,Girls U11A-RED,1,HENLOPEN STORM (DE),,,,,
39,5/3/2015,1:50 PM,3B,Girls U11A-RED,1,BYC - 4TH GRADE (PA),,,,,
40,5/3/2015,1:50 PM,4A,Girls U11A-RED,1,FILIA,,,,,
41,5/3/2015,2:40 PM,1,Girls U13B-BLUE,2,RTO B (PA),,,,,
42,5/3/2015,2:40 PM,2,Girls U13B-BLUE,2,SPRINGFIELD GOLD (PA),,,,,
43,5/3/2015,2:40 PM,3,Girls U15A-RED,2,THUNDER (PA),,,,,
44,5/3/2015,2:40 PM,4,Girls U15A-RED,2,BRANDYWINE MAJORS NAVY (PA),,,,,
45,5/3/2015,2:40 PM,5,Girls U13B-BLUE,2,HENLOPEN STORM (DE),,,,,
41,5/3/2015,2:40 PM,1,Girls U13B-BLUE,2,SPRINGFIELD BLUE (PA),,,,,
42,5/3/2015,2:40 PM,2,Girls U13B-BLUE,2,FILIA 2022 (PA),,,,,
43,5/3/2015,2:40 PM,3,Girls U15A-RED,2,QUIX STIX 8TH GRADE A (PA),,,,,
44,5/3/2015,2:40 PM,4,Girls U15A-RED,2,WEST CHESTER 7/8 REC (PA),,,,,
45,5/3/2015,2:40 PM,5,Girls U13B-BLUE,2,BYC (PA),,,,,
46,5/3/2015,3:30 PM,1,Girls U15A-BLUE,2,QUIX STIX 7TH GRADE A (PA),,,,,
47,5/3/2015,3:30 PM,2,Girls U15A-BLUE,2,SPRINGFIELD GOLD (PA),,,,,
48,5/3/2015,3:30 PM,3A,Girls U11A-RED,2,FILIA,,,,,
49,5/3/2015,3:30 PM,3B,Girls U11A-RED,2,BELLES (PA),,,,,
50,5/3/2015,3:30 PM,4A,Girls U11A-RED,2,FILIA,,,,,
46,5/3/2015,3:30 PM,1,Girls U15A-BLUE,2,OPTIMIST LAXERS (PA),,,,,
47,5/3/2015,3:30 PM,2,Girls U15A-BLUE,2,RADNOR MAROON (PA),,,,,
48,5/3/2015,3:30 PM,3A,Girls U11A-RED,2,HENLOPEN STORM (DE),,,,,
49,5/3/2015,3:30 PM,3B,Girls U11A-RED,2,JUNIOR HAWKS (NJ),,,,,
50,5/3/2015,3:30 PM,4A,Girls U11A-RED,2,BYC - 4TH GRADE (PA),,,,,
51,5/3/2015,4:20 PM,1,Girls U13B-BLUE,3,HENLOPEN STORM (DE),,,,,
52,5/3/2015,4:20 PM,2,Girls U13B-BLUE,3,FILIA 2022 (PA),,,,,
53,5/3/2015,4:20 PM,3,Girls U15A-RED,3,WEST CHESTER 7/8 REC (PA),,,,,
54,5/3/2015,4:20 PM,4,Girls U15A-RED,3,BRANDYWINE MAJORS NAVY (PA),,,,,
55,5/3/2015,4:20 PM,5,Girls U13B-BLUE,3,BYC (PA),,,,,
51,5/3/2015,4:20 PM,1,Girls U13B-BLUE,3,RTO B (PA),,,,,
52,5/3/2015,4:20 PM,2,Girls U13B-BLUE,3,SPRINGFIELD BLUE (PA),,,,,
53,5/3/2015,4:20 PM,3,Girls U15A-RED,3,QUIX STIX 8TH GRADE A (PA),,,,,
54,5/3/2015,4:20 PM,4,Girls U15A-RED,3,THUNDER (PA),,,,,
55,5/3/2015,4:20 PM,5,Girls U13B-BLUE,3,SPRINGFIELD GOLD (PA),,,,,
56,5/3/2015,5:10 PM,1,Girls U15A-BLUE,3,SPRINGFIELD GOLD (PA),,,,,
57,5/3/2015,5:10 PM,2,Girls U15A-BLUE,3,RADNOR MAROON (PA),,,,,
58,5/3/2015,5:10 PM,3A,Girls U11A-RED,3,HENLOPEN STORM (DE),,,,,
59,5/3/2015,5:10 PM,3B,Girls U11A-RED,3,FILIA,,,,,
60,5/3/2015,5:10 PM,4A,Girls U11A-RED,3,FILIA,,,,,
56,5/3/2015,5:10 PM,1,Girls U15A-BLUE,3,OPTIMIST LAXERS (PA),,,,,
57,5/3/2015,5:10 PM,2,Girls U15A-BLUE,3,QUIX STIX 7TH GRADE A (PA),,,,,
58,5/3/2015,5:10 PM,3A,Girls U11A-RED,3,JUNIOR HAWKS (NJ),,,,,
59,5/3/2015,5:10 PM,3B,Girls U11A-RED,3,BELLES (PA),,,,,
60,5/3/2015,5:10 PM,4A,Girls U11A-RED,3,BYC - 4TH GRADE (PA),,,,,
