,,,,,,,,,,,,,,,
"CHAPTER CHALLENGE - FIELD GRID DRAFT (with match-ups) - May 1, 2015 - 9:00am",,,,,,,,,,,,,,,
(This grid is for general scheduling purposes and may be subject to change.),,,,,,,,,,,,,,,
SUNDAY,,POLO FIELD #1,,,,,POOL KEY,,,,,,,,
Time,Slot,Field #1,Field #2,Field #3 (Girls U11 Field #3A),Field #4 (Girls U11 Field #3B),Field #5 (Girls U11 Field #4A),,,,,,,,,
08:00:00 H,A,UPPER MERION LC 7/8 A2 (PA),BYC U15B (PA),STORM (DE),ROSE TREE RED (PA),RADNOR BLACK (PA),Girls U11A-RED,,,Boys U15B-RED,Boys U15B-RED,Girls U15B-BLUE,Girls U15B-BLUE,Girls U15B-BLUE,Girls U11A-RED
08:00:00 A,A,SPRING-FORD A GOLD (PA),EAGLES (PA),HAWKS (NJ),LOWER MAC MUSTANGS (PA),SPRINFIELD 2020 (PA),Girls U13A-RED,,,Boys U15B-RED,Boys U15B-RED,Girls U15B-BLUE,Girls U15B-BLUE,Girls U15B-BLUE,Girls U13A-RED
08:50:00 H,B,LBL STAGS (PA),ROSE TREE OPTIMIST 7/8 (PA),BYC (PA),FILIA 2021 (PA),No game,Girls U13B-BLUE,,,Boys U15A-RED,Boys U15A-RED,Girls U13A-RED,Girls U13A-RED,,Girls U13B-BLUE
08:50:00 A,B,HAVEN A1 (PA),SPRING-FORD A BLUE (PA),QUIX STIX 5/6 GRADE A (PA),HENLOPEN STORM (DE),No game,Girls U15A-BLUE,,,Boys U15A-RED,Boys U15A-RED,Girls U13A-RED,Girls U13A-RED,,Girls U15A-BLUE
09:40:00 H,C,UPPER MERION LC 7/8 A2 (PA),BYC U15B (PA),HAWKS (NJ),SPRINFIELD 2020 (PA),RADNOR BLACK (PA),Girls U15A-RED,,,Boys U15B-RED,Boys U15B-RED,Girls U15B-BLUE,Girls U15B-BLUE,Girls U15B-BLUE,Girls U15A-RED
09:40:00 A,C,EAGLES (PA),SPRING-FORD A GOLD (PA),LOWER MAC MUSTANGS (PA),STORM (DE),ROSE TREE RED (PA),Girls U15B-BLUE,,,Boys U15B-RED,Boys U15B-RED,Girls U15B-BLUE,Girls U15B-BLUE,Girls U15B-BLUE,Girls U15B-BLUE
10:30:00 H,D,HAVEN A1 (PA),LBL STAGS (PA),QUIX STIX 5/6 GRADE A (PA),HENLOPEN STORM (DE),No game,Boys U15A-RED,,,Boys U15A-RED,Boys U15A-RED,Girls U13A-RED,Girls U13A-RED,,Boys U15A-RED
10:30:00 A,D,ROSE TREE OPTIMIST 7/8 (PA),SPRING-FORD A BLUE (PA),FILIA 2021 (PA),BYC (PA),No game,Boys U15B-RED,,,Boys U15A-RED,Boys U15A-RED,Girls U13A-RED,Girls U13A-RED,,Boys U15B-RED
11:20:00 H,E,BYC U15B (PA),EAGLES (PA),RADNOR BLACK (PA),LOWER MAC MUSTANGS (PA),ROSE TREE RED (PA),,,,Boys U15B-RED,Boys U15B-RED,Girls U15B-BLUE,Girls U15B-BLUE,Girls U15B-BLUE,
11:20:00 A,E,UPPER MERION LC 7/8 A2 (PA),SPRING-FORD A GOLD (PA),STORM (DE),SPRINFIELD 2020 (PA),HAWKS (NJ),,,,Boys U15B-RED,Boys U15B-RED,Girls U15B-BLUE,Girls U15B-BLUE,Girls U15B-BLUE,
12:10:00 H,F,ROSE TREE OPTIMIST 7/8 (PA),HAVEN A1 (PA),FILIA 2021 (PA),QUIX STIX 5/6 GRADE A (PA),No game,,,,Boys U15A-RED,Boys U15A-RED,Girls U13A-RED,Girls U13A-RED,,
12:10:00 A,F,LBL STAGS (PA),SPRING-FORD A BLUE (PA),BYC (PA),HENLOPEN STORM (DE),No game,,,,Boys U15A-RED,Boys U15A-RED,Girls U13A-RED,Girls U13A-RED,,
01:00:00 H,G,RTO B (PA),SPRINGFIELD BLUE (PA),QUIX STIX 8TH GRADE A (PA),WEST CHESTER 7/8 REC (PA),HENLOPEN STORM (DE),,,,Girls U13B-BLUE,Girls U13B-BLUE,Girls U15A-RED,Girls U15A-RED,Girls U13B-BLUE,
01:00:00 A,G,FILIA 2022 (PA),BYC (PA),BRANDYWINE MAJORS NAVY (PA),THUNDER (PA),SPRINGFIELD GOLD (PA),,,,Girls U13B-BLUE,Girls U13B-BLUE,Girls U15A-RED,Girls U15A-RED,Girls U13B-BLUE,
01:50:00 H,H,RADNOR MAROON (PA),QUIX STIX 7TH GRADE A (PA),FILIA: CYCLONES (PA),BELLES (PA),JUNIOR HAWKS (NJ),,,,Girls U15A-BLUE,Girls U15A-BLUE,Girls U11A-RED,Girls U11A-RED,Girls U11A-RED,
01:50:00 A,H,OPTIMIST LAXERS (PA),SPRINGFIELD GOLD (PA),HENLOPEN STORM (DE),BYC - 4TH GRADE (PA),FILIA: HURRICANES (PA),,,,Girls U15A-BLUE,Girls U15A-BLUE,Girls U11A-RED,Girls U11A-RED,Girls U11A-RED,
02:40:00 H,I,RTO B (PA),SPRINGFIELD GOLD (PA),THUNDER (PA),BRANDYWINE MAJORS NAVY (PA),HENLOPEN STORM (DE),,,,Girls U13B-BLUE,Girls U13B-BLUE,Girls U15A-RED,Girls U15A-RED,Girls U13B-BLUE,
02:40:00 A,I,SPRINGFIELD BLUE (PA),FILIA 2022 (PA),QUIX STIX 8TH GRADE A (PA),WEST CHESTER 7/8 REC (PA),BYC (PA),,,,Girls U13B-BLUE,Girls U13B-BLUE,Girls U15A-RED,Girls U15A-RED,Girls U13B-BLUE,
03:30:00 H,J,QUIX STIX 7TH GRADE A (PA),SPRINGFIELD GOLD (PA),FILIA: HURRICANES (PA),BELLES (PA),FILIA: CYCLONES (PA),,,,Girls U15A-BLUE,Girls U15A-BLUE,Girls U11A-RED,Girls U11A-RED,Girls U11A-RED,
03:30:00 A,J,OPTIMIST LAXERS (PA),RADNOR MAROON (PA),HENLOPEN STORM (DE),JUNIOR HAWKS (NJ),BYC - 4TH GRADE (PA),,,,Girls U15A-BLUE,Girls U15A-BLUE,Girls U11A-RED,Girls U11A-RED,Girls U11A-RED,
04:20:00 H,K,HENLOPEN STORM (DE),FILIA 2022 (PA),WEST CHESTER 7/8 REC (PA),BRANDYWINE MAJORS NAVY (PA),BYC (PA),,,,Girls U13B-BLUE,Girls U13B-BLUE,Girls U15A-RED,Girls U15A-RED,Girls U13B-BLUE,
04:20:00 A,K,RTO B (PA),SPRINGFIELD BLUE (PA),QUIX STIX 8TH GRADE A (PA),THUNDER (PA),SPRINGFIELD GOLD (PA),,,,Girls U13B-BLUE,Girls U13B-BLUE,Girls U15A-RED,Girls U15A-RED,Girls U13B-BLUE,
05:10:00 H,L,SPRINGFIELD GOLD (PA),RADNOR MAROON (PA),HENLOPEN STORM (DE),FILIA: CYCLONES (PA),FILIA: HURRICANES (PA),,,,Girls U15A-BLUE,Girls U15A-BLUE,Girls U11A-RED,Girls U11A-RED,Girls U11A-RED,
05:10:00 A,L,OPTIMIST LAXERS (PA),QUIX STIX 7TH GRADE A (PA),JUNIOR HAWKS (NJ),BELLES (PA),BYC - 4TH GRADE (PA),,,,Girls U15A-BLUE,Girls U15A-BLUE,Girls U11A-RED,Girls U11A-RED,Girls U11A-RED,