Division,Team,,Field,Time,Game 1,,Field,Time,Game 2,,Field,Time,Game 3
Boys U15A,SPRING-FORD A BLUE (PA),,Brandywine Polo Club 3,12:50:00,Boys U15A: LBL STAGS (PA) (Away),,Brandywine Polo Club 3,14:30:00,Boys U15A: HAVEN A1 (PA) (Away),,Brandywine Polo Club 3,16:10:00,Boys U15A: SPRING-FORD A GOLD (**Changed from U15B to U15A**) (PA) (Home)
Boys U15A,LBL STAGS (PA),,Brandywine Polo Club 3,12:50:00,Boys U15A: SPRING-FORD A BLUE (PA) (Home),,Brandywine Polo Club 4,14:30:00,Boys U15A: SPRING-FORD A GOLD (**Changed from U15B to U15A**) (PA) (Home),,Brandywine Polo Club 4,16:10:00,Boys U15A: HAVEN A1 (PA) (Home)
Boys U15A,HAVEN A1 (PA),,Brandywine Polo Club 4,12:50:00,Boys U15A: SPRING-FORD A GOLD (**Changed from U15B to U15A**) (PA) (Away),,Brandywine Polo Club 3,14:30:00,Boys U15A: SPRING-FORD A BLUE (PA) (Home),,Brandywine Polo Club 4,16:10:00,Boys U15A: LBL STAGS (PA) (Away)
Boys U15A,SPRING-FORD A GOLD (**Changed from U15B to U15A**) (PA),,Brandywine Polo Club 4,12:50:00,Boys U15A: HAVEN A1 (PA) (Home),,Brandywine Polo Club 4,14:30:00,Boys U15A: LBL STAGS (PA) (Away),,Brandywine Polo Club 3,16:10:00,Boys U15A: SPRING-FORD A BLUE (PA) (Away)
Boys U15B,ROSE TREE OPTIMIST 7/8 (PA),,Brandywine Polo Club 1,12:50:00,Boys U15B: UPPER MERION LACROSSE CLUB 7/8 A2 (PA) (Home),,Brandywine Polo Club 1,14:30:00,Boys U15B: BYC U15B (PA) (Home),,Brandywine Polo Club 2,16:10:00,Boys U15B: EAGLES (PA) (Away)
Boys U15B,UPPER MERION LACROSSE CLUB 7/8 A2 (PA),,Brandywine Polo Club 1,12:50:00,Boys U15B: ROSE TREE OPTIMIST 7/8 (PA) (Away),,Brandywine Polo Club 2,14:30:00,Boys U15B: EAGLES (PA) (Home),,Brandywine Polo Club 1,16:10:00,Boys U15B: BYC U15B (PA) (Home)
Boys U15B,BYC U15B (PA),,Brandywine Polo Club 2,12:50:00,Boys U15B: EAGLES (PA) (Away),,Brandywine Polo Club 1,14:30:00,Boys U15B: ROSE TREE OPTIMIST 7/8 (PA) (Away),,Brandywine Polo Club 1,16:10:00,Boys U15B: UPPER MERION LACROSSE CLUB 7/8 A2 (PA) (Away)
Boys U15B,EAGLES (PA),,Brandywine Polo Club 2,12:50:00,Boys U15B: BYC U15B (PA) (Home),,Brandywine Polo Club 2,14:30:00,Boys U15B: UPPER MERION LACROSSE CLUB 7/8 A2 (PA) (Away),,Brandywine Polo Club 2,16:10:00,Boys U15B: ROSE TREE OPTIMIST 7/8 (PA) (Home)
Girls U11A,BELLES (PA),,Brandywine Polo Club 3,12:00:00,Girls U11A: FILIA: CYCLONES (PA) (Home),,Brandywine Polo Club 3,13:40:00,Girls U11A: JUNIOR HAWKS (NJ) (Home),,Brandywine Polo Club 3,15:20:00,Girls U11A: FILIA: HURRICANES (PA) (Home)
Girls U11A,FILIA,,Brandywine Polo Club 3,12:00:00,Girls U11A: BELLES (PA) (Away),,Brandywine Polo Club 1,13:40:00,Girls U11A: FILIA: HURRICANES (PA) (Home),,Brandywine Polo Club 2,15:20:00,Girls U11A: BYC - 4TH GRADE (PA) (Away)
Girls U11A,FILIA,,Brandywine Polo Club 2,12:00:00,Girls U11A: HENLOPEN STORM (DE) (Away),,Brandywine Polo Club 1,13:40:00,Girls U11A: FILIA: CYCLONES (PA) (Away),,Brandywine Polo Club 3,15:20:00,Girls U11A: BELLES (PA) (Away)
Girls U11A,HENLOPEN STORM (DE),,Brandywine Polo Club 2,12:00:00,Girls U11A: FILIA: HURRICANES (PA) (Home),,Brandywine Polo Club 2,13:40:00,Girls U11A: BYC - 4TH GRADE (PA) (Away),,Brandywine Polo Club 1,15:20:00,Girls U11A: JUNIOR HAWKS (NJ) (Away)
Girls U11A,BYC - 4TH GRADE (PA),,Brandywine Polo Club 1,12:00:00,Girls U11A: JUNIOR HAWKS (NJ) (Away),,Brandywine Polo Club 2,13:40:00,Girls U11A: HENLOPEN STORM (DE) (Home),,Brandywine Polo Club 2,15:20:00,Girls U11A: FILIA: CYCLONES (PA) (Home)
Girls U11A,JUNIOR HAWKS (NJ),,Brandywine Polo Club 1,12:00:00,Girls U11A: BYC - 4TH GRADE (PA) (Home),,Brandywine Polo Club 3,13:40:00,Girls U11A: BELLES (PA) (Away),,Brandywine Polo Club 1,15:20:00,Girls U11A: HENLOPEN STORM (DE) (Home)
Girls U13A,SPRINGFIELD GOLD (PA),,Brandywine Polo Club 4,12:00:00,Girls U13A: BYC (PA) (Home),,Brandywine Polo Club 5,13:40:00,Girls U13A: QUIX STIX 5/6 GRADE A (PA) (Away),,Brandywine Polo Club 4,15:20:00,Girls U13A: HENLOPEN STORM (DE) (Home)
Girls U13A,BYC (PA),,Brandywine Polo Club 4,12:00:00,Girls U13A: SPRINGFIELD GOLD (PA) (Away),,Brandywine Polo Club 4,13:40:00,Girls U13A: HENLOPEN STORM (DE) (Home),,Brandywine Polo Club 5,15:20:00,Girls U13A: QUIX STIX 5/6 GRADE A (PA) (Away)
Girls U13A,QUIX STIX 5/6 GRADE A (PA),,Brandywine Polo Club 5,12:00:00,Girls U13A: HENLOPEN STORM (DE) (Home),,Brandywine Polo Club 5,13:40:00,Girls U13A: SPRINGFIELD GOLD (PA) (Home),,Brandywine Polo Club 5,15:20:00,Girls U13A: BYC (PA) (Home)
Girls U13A,HENLOPEN STORM (DE),,Brandywine Polo Club 5,12:00:00,Girls U13A: QUIX STIX 5/6 GRADE A (PA) (Away),,Brandywine Polo Club 4,13:40:00,Girls U13A: BYC (PA) (Away),,Brandywine Polo Club 4,15:20:00,Girls U13A: SPRINGFIELD GOLD (PA) (Away)
Girls U13B,FILIA 2021 (**Changed from U13A to U13B**) (PA),,Brandywine Polo Club 1,07:50:00,Girls U13B: SPRINGFIELD BLUE (PA) (Away),,Brandywine Polo Club 3,09:30:00,Girls U13B: FILIA 2022 (PA) (Home),,Brandywine Polo Club 1,11:10:00,Girls U13B: BYC (PA) (Away)
Girls U13B,SPRINGFIELD BLUE (PA),,Brandywine Polo Club 1,07:50:00,Girls U13B: FILIA 2021 (**Changed from U13A to U13B**) (PA) (Home),,Brandywine Polo Club 1,09:30:00,Girls U13B: BYC (PA) (Away),,Brandywine Polo Club 3,11:10:00,Girls U13B: HENLOPEN STORM (DE) (Home)
Girls U13B,BYC (PA),,Brandywine Polo Club 2,07:50:00,Girls U13B: RTO B (PA) (Home),,Brandywine Polo Club 1,09:30:00,Girls U13B: SPRINGFIELD BLUE (PA) (Home),,Brandywine Polo Club 1,11:10:00,Girls U13B: FILIA 2021 (**Changed from U13A to U13B**) (PA) (Home)
Girls U13B,RTO B (PA),,Brandywine Polo Club 2,07:50:00,Girls U13B: BYC (PA) (Away),,Brandywine Polo Club 2,09:30:00,Girls U13B: HENLOPEN STORM (DE) (Away),,Brandywine Polo Club 2,11:10:00,Girls U13B: FILIA 2022 (PA) (Home)
Girls U13B,HENLOPEN STORM (DE),,Brandywine Polo Club 3,07:50:00,Girls U13B: FILIA 2022 (PA) (Away),,Brandywine Polo Club 2,09:30:00,Girls U13B: RTO B (PA) (Home),,Brandywine Polo Club 3,11:10:00,Girls U13B: SPRINGFIELD BLUE (PA) (Away)
Girls U13B,FILIA 2022 (PA),,Brandywine Polo Club 3,07:50:00,Girls U13B: HENLOPEN STORM (DE) (Home),,Brandywine Polo Club 3,09:30:00,Girls U13B: FILIA 2021 (**Changed from U13A to U13B**) (PA) (Away),,Brandywine Polo Club 2,11:10:00,Girls U13B: RTO B (PA) (Away)
Girls U15A,Dummy 3 (PA),,Brandywine Polo Club 4,07:50:00,Girls U15A: QUIX STIX 8TH GRADE A (PA) (Home),,Brandywine Polo Club 4,09:30:00,Girls U15A: QUIX STIX 7TH GRADE A (PA) (Away),,Brandywine Polo Club 4,11:10:00,Girls U15A: SPRINGFIELD GOLD (PA) (Home)
Girls U15A,QUIX STIX 8TH GRADE A (PA),,Brandywine Polo Club 4,07:50:00,Girls U15A: Dummy 3 (PA) (Away),,Brandywine Polo Club 5,09:30:00,Girls U15A: SPRINGFIELD GOLD (PA) (Away),,Brandywine Polo Club 5,11:10:00,Girls U15A: QUIX STIX 7TH GRADE A (PA) (Home)
Girls U15A,QUIX STIX 7TH GRADE A (PA),,Brandywine Polo Club 5,07:50:00,Girls U15A: SPRINGFIELD GOLD (PA) (Home),,Brandywine Polo Club 4,09:30:00,Girls U15A: Dummy 3 (PA) (Home),,Brandywine Polo Club 5,11:10:00,Girls U15A: QUIX STIX 8TH GRADE A (PA) (Away)
Girls U15A,SPRINGFIELD GOLD (PA),,Brandywine Polo Club 5,07:50:00,Girls U15A: QUIX STIX 7TH GRADE A (PA) (Away),,Brandywine Polo Club 5,09:30:00,Girls U15A: QUIX STIX 8TH GRADE A (PA) (Home),,Brandywine Polo Club 4,11:10:00,Girls U15A: Dummy 3 (PA) (Away)
Girls U15A,OPTIMIST LAXERS (PA),,Brandywine Polo Club 5,07:00:00,Girls U15A: THUNDER (PA) (Away),,Brandywine Polo Club 4,08:40:00,Girls U15A: BRANDYWINE MAJORS NAVY (PA) (Home),,Brandywine Polo Club 5,10:20:00,Girls U15A: RADNOR MAROON (PA) (Away)
Girls U15A,THUNDER (PA),,Brandywine Polo Club 5,07:00:00,Girls U15A: OPTIMIST LAXERS (PA) (Home),,Brandywine Polo Club 5,08:40:00,Girls U15A: RADNOR MAROON (PA) (Away),,Brandywine Polo Club 4,10:20:00,Girls U15A: BRANDYWINE MAJORS NAVY (PA) (Away)
Girls U15A,BRANDYWINE MAJORS NAVY (PA),,Brandywine Polo Club 4,07:00:00,Girls U15A: RADNOR MAROON (PA) (Home),,Brandywine Polo Club 4,08:40:00,Girls U15A: OPTIMIST LAXERS (PA) (Away),,Brandywine Polo Club 4,10:20:00,Girls U15A: THUNDER (PA) (Home)
Girls U15A,RADNOR MAROON (PA),,Brandywine Polo Club 4,07:00:00,Girls U15A: BRANDYWINE MAJORS NAVY (PA) (Away),,Brandywine Polo Club 5,08:40:00,Girls U15A: THUNDER (PA) (Home),,Brandywine Polo Club 5,10:20:00,Girls U15A: OPTIMIST LAXERS (PA) (Home)
Girls U15B,SPRINGFIELD 2020 (PA),,Brandywine Polo Club 1,07:00:00,Girls U15B: ROSE TREE RED (PA) (Away),,Brandywine Polo Club 1,08:40:00,Girls U15B: RADNOR BLACK (PA) (Away),,Brandywine Polo Club 3,10:20:00,Girls U15B: STORM (DE) (Home)
Girls U15B,ROSE TREE RED (PA),,Brandywine Polo Club 1,07:00:00,Girls U15B: SPRINGFIELD 2020 (PA) (Home),,Brandywine Polo Club 3,08:40:00,Girls U15B: STORM (DE) (Home),,Brandywine Polo Club 2,10:20:00,Girls U15B: HAWKS (NJ) (Away)
Girls U15B,STORM (DE),,Brandywine Polo Club 2,07:00:00,Girls U15B: LOWER MAC MUSTANGS (PA) (Away),,Brandywine Polo Club 3,08:40:00,Girls U15B: ROSE TREE RED (PA) (Away),,Brandywine Polo Club 3,10:20:00,Girls U15B: SPRINGFIELD 2020 (PA) (Away)
Girls U15B,LOWER MAC MUSTANGS (PA),,Brandywine Polo Club 2,07:00:00,Girls U15B: STORM (DE) (Home),,Brandywine Polo Club 2,08:40:00,Girls U15B: HAWKS (NJ) (Away),,Brandywine Polo Club 1,10:20:00,Girls U15B: RADNOR BLACK (PA) (Away)
Girls U15B,HAWKS (NJ),,Brandywine Polo Club 3,07:00:00,Girls U15B: RADNOR BLACK (PA) (Home),,Brandywine Polo Club 2,08:40:00,Girls U15B: LOWER MAC MUSTANGS (PA) (Home),,Brandywine Polo Club 2,10:20:00,Girls U15B: ROSE TREE RED (PA) (Home)
Girls U15B,RADNOR BLACK (PA),,Brandywine Polo Club 3,07:00:00,Girls U15B: HAWKS (NJ) (Away),,Brandywine Polo Club 1,08:40:00,Girls U15B: SPRINGFIELD 2020 (PA) (Home),,Brandywine Polo Club 1,10:20:00,Girls U15B: LOWER MAC MUSTANGS (PA) (Home)
