game,date,time,field,bracket,round,team,SCORE
510,3/29/2014,11:45 AM,ABG Huntingdon Lower S,U11B,,ST,
510,3/29/2014,11:45 AM,ABG Huntingdon Lower S,U11B,,ABG1,
231,3/29/2014,1:30 PM,ABG Huntingdon Lower S,U13C,,ASH,
231,3/29/2014,1:30 PM,ABG Huntingdon Lower S,U13C,,ABG,
142,3/29/2014,3:15 PM,ABG Huntingdon Lower S,U13A,,COV,
142,3/29/2014,3:15 PM,ABG Huntingdon Lower S,U13A,,ABG,
49,3/29/2014,5:00 PM,ABG Huntingdon Lower S,U15A,,GV,
49,3/29/2014,5:00 PM,ABG Huntingdon Lower S,U15A,,ABG,
487,3/29/2014,10:00 AM,ASH Lower Merion HS,U11B,,LV1,
487,3/29/2014,10:00 AM,ASH Lower Merion HS,U11B,,ASH,
201,3/29/2014,11:45 AM,ASH Lower Merion HS,U11A,,WC2,
201,3/29/2014,11:45 AM,ASH Lower Merion HS,U11A,,ASH,
85,3/29/2014,9:00 AM,AVG Avon Grove HS 1,U13A,,ST,
85,3/29/2014,9:00 AM,AVG Avon Grove HS 1,U13A,,AVG,
158,3/29/2014,10:30 AM,AVG Avon Grove HS 1,U11A,,BYC,
158,3/29/2014,10:30 AM,AVG Avon Grove HS 1,U11A,,AVG,
12,3/29/2014,3:00 PM,AVG Avon Grove HS 1,U15A,,BYC,
12,3/29/2014,3:00 PM,AVG Avon Grove HS 1,U15A,,AVG,
295,3/29/2014,5:00 PM,AVG Avon Grove HS 1,U15B,,WC2,
295,3/29/2014,5:00 PM,AVG Avon Grove HS 1,U15B,,AVG,
62,3/29/2014,1:30 PM,COV OJR HS,U15A,,ASH,
62,3/29/2014,1:30 PM,COV OJR HS,U15A,,COV,
317,3/29/2014,3:15 PM,COV OJR HS,U13B,,CVL,
317,3/29/2014,3:15 PM,COV OJR HS,U13B,,COV2,
272,3/29/2014,5:00 PM,COV OJR HS,U15B,,ST,
272,3/29/2014,5:00 PM,COV OJR HS,U15B,,COV,
328,3/29/2014,6:45 PM,COV OJR HS,U13B,,LV1,
328,3/29/2014,6:45 PM,COV OJR HS,U13B,,COV1,
226,3/29/2014,10:00 AM,CVL Evans Elem,U13C,,LV,
226,3/29/2014,10:00 AM,CVL Evans Elem,U13C,,CVL,
544,3/29/2014,11:45 AM,CVL Evans Elem,U11B,,CVL1,
544,3/29/2014,11:45 AM,CVL Evans Elem,U11B,,CVL2,
180,3/29/2014,1:30 PM,CVL Evans Elem,U11A,,UNV,
180,3/29/2014,1:30 PM,CVL Evans Elem,U11A,,CVL,
496,3/29/2014,3:15 PM,CVL Evans Elem,U11B,,LV2,
496,3/29/2014,3:15 PM,CVL Evans Elem,U11B,,CVL3,
124,3/29/2014,12:15 PM,GV Great Valley MS,U13A,,LV,
124,3/29/2014,12:15 PM,GV Great Valley MS,U13A,,GV,
206,3/29/2014,2:00 PM,GV Great Valley MS,U11A,,LV,
206,3/29/2014,2:00 PM,GV Great Valley MS,U11A,,GV,
344,3/29/2014,3:45 PM,GV Great Valley MS,U13B,,ABG,
344,3/29/2014,3:45 PM,GV Great Valley MS,U13B,,GV,
298,3/29/2014,11:45 AM,KEN Kennett HS,U15B,,WB,
298,3/29/2014,11:45 AM,KEN Kennett HS,U15B,,KEN,
368,3/29/2014,1:30 PM,KEN Legacy Field C,U13B,,LV2,
368,3/29/2014,1:30 PM,KEN Legacy Field C,U13B,,KEN1,
149,3/29/2014,3:15 PM,KEN Legacy Field C,U11A,,WC1,
149,3/29/2014,3:15 PM,KEN Legacy Field C,U11A,,KEN,
434,3/29/2014,5:00 PM,KEN Legacy Field C,U11B,,WC1,
434,3/29/2014,5:00 PM,KEN Legacy Field C,U11B,,KEN1,
285,3/29/2014,3:15 PM,LV Hoeffecker,U15B,,WC1,
285,3/29/2014,3:15 PM,LV Hoeffecker,U15B,,LV,
6,3/29/2014,5:00 PM,LV Hoeffecker,U15A,,KEN,
6,3/29/2014,5:00 PM,LV Hoeffecker,U15A,,LV,
385,3/29/2014,2:00 PM,UNV Upland Country DS,U13B,,WB,
385,3/29/2014,2:00 PM,UNV Upland Country DS,U13B,,UNV,
100,3/29/2014,3:45 PM,UNV Upland Country DS,U13A,,WB,
100,3/29/2014,3:45 PM,UNV Upland Country DS,U13A,,UNV,
463,3/29/2014,10:00 AM,WB Embreeville,U11B,,BYC2,
463,3/29/2014,10:00 AM,WB Embreeville,U11B,,WB2,
467,3/29/2014,11:45 AM,WB Embreeville,U11B,,BYC3,
467,3/29/2014,11:45 AM,WB Embreeville,U11B,,WB1,
187,3/29/2014,1:30 PM,WB Embreeville,U11A,,ABG,
187,3/29/2014,1:30 PM,WB Embreeville,U11A,,WB,
482,3/29/2014,12:15 PM,WC Henderson HS,U11B,,GV1,
482,3/29/2014,12:15 PM,WC Henderson HS,U11B,,WC2,
253,3/29/2014,2:00 PM,WC Henderson HS,U13C,,ST2,
253,3/29/2014,2:00 PM,WC Henderson HS,U13C,,WC,
382,3/29/2014,1:30 PM,WC Kelly Field,U13B,,AVG,
382,3/29/2014,1:30 PM,WC Kelly Field,U13B,,WC4,
123,3/29/2014,3:15 PM,WC Kelly Field,U13A,,CVL,
123,3/29/2014,3:15 PM,WC Kelly Field,U13A,,WC,
41,3/29/2014,5:00 PM,WC Kelly Field,U15A,,ST,
41,3/29/2014,5:00 PM,WC Kelly Field,U15A,,WC,
343,3/30/2014,1:45 PM,ABG Acad New Church,U13B,,WC1,
343,3/30/2014,1:45 PM,ABG Acad New Church,U13B,,ABG,
374,3/30/2014,12:00 PM,BYC Garnet Valley HS,U13B,,WC3,
374,3/30/2014,12:00 PM,BYC Garnet Valley HS,U13B,,BYC1,
450,3/30/2014,1:45 PM,BYC Garnet Valley HS,U11B,,AVG2,
450,3/30/2014,1:45 PM,BYC Garnet Valley HS,U11B,,BYC1,
507,3/30/2014,1:30 PM,COV OJR HS,U11B,,LV3,
507,3/30/2014,1:30 PM,COV OJR HS,U11B,,COV3,
535,3/30/2014,3:15 PM,COV OJR HS,U11B,,COV2,
535,3/30/2014,3:15 PM,COV OJR HS,U11B,,COV1,
223,3/31/2014,6:15 PM,ASH Lower Merion HS,U13C,,CVL,
223,3/31/2014,6:15 PM,ASH Lower Merion HS,U13C,,ASH,
348,3/31/2014,6:15 PM,GV Great Valley MS,U13B,,ST1,
348,3/31/2014,6:15 PM,GV Great Valley MS,U13B,,GV,
336,3/31/2014,6:15 PM,LV Lionville MS,U13B,,COV2,
336,3/31/2014,6:15 PM,LV Lionville MS,U13B,,LV1,
234,3/31/2014,6:15 PM,LV Pine Creek 1,U13C,,ABG,
234,3/31/2014,6:15 PM,LV Pine Creek 1,U13C,,LV,
248,3/31/2014,6:15 PM,ST TE Middle Sch 2,U13C,,WC,
248,3/31/2014,6:15 PM,ST TE Middle Sch 2,U13C,,ST1,
297,3/31/2014,6:15 PM,WB Downingtown MS,U15B,,AVG,
297,3/31/2014,6:15 PM,WB Downingtown MS,U15B,,WB,
387,3/31/2014,6:15 PM,WB Embreeville,U13B,,BYC2,
387,3/31/2014,6:15 PM,WB Embreeville,U13B,,WB,
354,3/31/2014,6:15 PM,WC Kelly Field,U13B,,ST2,
354,3/31/2014,6:15 PM,WC Kelly Field,U13B,,WC2,
376,4/1/2014,6:15 PM,AVG Avon Grove HS 1,U13B,,WC3,
376,4/1/2014,6:15 PM,AVG Avon Grove HS 1,U13B,,AVG,
83,4/1/2014,6:15 PM,AVG Harmony Park,U13A,,GV,
83,4/1/2014,6:15 PM,AVG Harmony Park,U13A,,AVG,
92,4/1/2014,6:15 PM,BYC GVMS Temple,U13A,,WC,
92,4/1/2014,6:15 PM,BYC GVMS Temple,U13A,,BYC,
73,4/1/2014,6:15 PM,KEN Legacy Field B,U13A,,LV,
73,4/1/2014,6:15 PM,KEN Legacy Field B,U13A,,KEN,
369,4/1/2014,6:15 PM,LV Lionville MS,U13B,,KEN2,
369,4/1/2014,6:15 PM,LV Lionville MS,U13B,,LV2,
104,4/1/2014,6:15 PM,UNV Patton MS 17,U13A,,ST,
104,4/1/2014,6:15 PM,UNV Patton MS 17,U13A,,UNV,
380,4/1/2014,6:15 PM,WC Rustin HS Grass,U13B,,BYC1,
380,4/1/2014,6:15 PM,WC Rustin HS Grass,U13B,,WC4,
522,4/2/2014,6:15 PM,ABG Huntingdon Lower N,U11B,,ABG3,
522,4/2/2014,6:15 PM,ABG Huntingdon Lower N,U11B,,ABG1,
452,4/2/2014,6:15 PM,AVG Harmony Park,U11B,,BYC3,
452,4/2/2014,6:15 PM,AVG Harmony Park,U11B,,AVG2,
466,4/2/2014,6:15 PM,BYC Bethel Spr ES 12,U11B,,GV2,
466,4/2/2014,6:15 PM,BYC Bethel Spr ES 12,U11B,,BYC2,
461,4/2/2014,6:15 PM,BYC Concord Muni 2,U11B,,WB1,
461,4/2/2014,6:15 PM,BYC Concord Muni 2,U11B,,BYC1,
526,4/2/2014,6:15 PM,CVL Evans Elem,U11B,,ABG2,
526,4/2/2014,6:15 PM,CVL Evans Elem,U11B,,CVL2,
147,4/2/2014,6:15 PM,KEN Legacy Field B,U11A,,UNV,
147,4/2/2014,6:15 PM,KEN Legacy Field B,U11A,,KEN,
492,4/2/2014,6:15 PM,LV Eagleview 1,U11B,,COV2,
492,4/2/2014,6:15 PM,LV Eagleview 1,U11B,,LV1,
209,4/2/2014,6:15 PM,LV Eagleview 2,U11A,,ABG,
209,4/2/2014,6:15 PM,LV Eagleview 2,U11A,,LV,
165,4/2/2014,6:15 PM,ST TE Middle Sch 1,U11A,,AVG,
165,4/2/2014,6:15 PM,ST TE Middle Sch 1,U11A,,ST,
548,4/2/2014,6:15 PM,ST TE Middle Sch 2,U11B,,KEN2,
548,4/2/2014,6:15 PM,ST TE Middle Sch 2,U11B,,ST,
171,4/2/2014,6:15 PM,WB Embreeville,U11A,,BYC,
171,4/2/2014,6:15 PM,WB Embreeville,U11A,,WB,
445,4/2/2014,6:15 PM,WC Kelly Field,U11B,,AVG1,
445,4/2/2014,6:15 PM,WC Kelly Field,U11B,,WC1,
190,4/2/2014,7:45 PM,WC Kelly Field,U11A,,WC1,
190,4/2/2014,7:45 PM,WC Kelly Field,U11A,,COV,
2,4/3/2014,6:15 PM,BYC GVMS Temple,U15A,,KEN,
2,4/3/2014,6:15 PM,BYC GVMS Temple,U15A,,BYC,
140,4/3/2014,7:00 PM,COV OJR HS,U13A,,ASH,
140,4/3/2014,7:00 PM,COV OJR HS,U13A,,COV,
50,4/3/2014,6:15 PM,GV Great Valley MS,U15A,,COV,
50,4/3/2014,6:15 PM,GV Great Valley MS,U15A,,GV,
40,4/3/2014,6:15 PM,LV Hoeffecker,U15A,,WC,
40,4/3/2014,6:15 PM,LV Hoeffecker,U15A,,LV,
279,4/3/2014,6:15 PM,ST Wilson Park CYL,U15B,,LV,
279,4/3/2014,6:15 PM,ST Wilson Park CYL,U15B,,ST,
57,4/3/2014,6:15 PM,ST Wilson Park TEYSA,U15A,,ASH,
57,4/3/2014,6:15 PM,ST Wilson Park TEYSA,U15A,,ST,
13,4/3/2014,6:15 PM,WB Downingtown MS,U15A,,AVG,
13,4/3/2014,6:15 PM,WB Downingtown MS,U15A,,WB,
296,4/3/2014,6:15 PM,WC Rustin HS Grass,U15B,,KEN,
296,4/3/2014,6:15 PM,WC Rustin HS Grass,U15B,,WC2,
274,4/3/2014,6:15 PM,WC Rustin HS Stadium,U15B,,WC1,
274,4/3/2014,6:15 PM,WC Rustin HS Stadium,U15B,,COV,
114,4/4/2014,6:15 PM,ABG Huntingdon Lower S,U13A,,WB,
114,4/4/2014,6:15 PM,ABG Huntingdon Lower S,U13A,,ABG,
512,4/5/2014,3:15 PM,ABG Huntingdon Lower S,U11B,,ST,
512,4/5/2014,3:15 PM,ABG Huntingdon Lower S,U11B,,ABG3,
218,4/5/2014,1:30 PM,ASH Lower Merion HS,U11A,,CVL,
218,4/5/2014,1:30 PM,ASH Lower Merion HS,U11A,,ASH,
19,4/5/2014,5:00 PM,AVG Avon Grove HS 1,U15A,,AVG,
19,4/5/2014,5:00 PM,AVG Avon Grove HS 1,U15A,,ABG,
7,4/5/2014,3:00 PM,AVG Avon Grove HS 2,U15A,,ST,
7,4/5/2014,3:00 PM,AVG Avon Grove HS 2,U15A,,KEN,
29,4/5/2014,5:00 PM,AVG Avon Grove HS 2,U15A,,BYC,
29,4/5/2014,5:00 PM,AVG Avon Grove HS 2,U15A,,COV,
393,4/5/2014,10:00 AM,AVG Harmony Park,U13B,,UNV,
393,4/5/2014,10:00 AM,AVG Harmony Park,U13B,,AVG,
265,4/5/2014,11:45 AM,AVG Harmony Park,U13C,,UNV,
265,4/5/2014,11:45 AM,AVG Harmony Park,U13C,,AVG,
427,4/5/2014,1:30 PM,AVG Harmony Park,U11B,,KEN1,
427,4/5/2014,1:30 PM,AVG Harmony Park,U11B,,AVG1,
459,4/5/2014,10:00 AM,BYC Concord Muni 2,U11B,,BYC2,
459,4/5/2014,10:00 AM,BYC Concord Muni 2,U11B,,BYC1,
553,4/5/2014,11:45 AM,BYC Concord Muni 2,U11B,,ASH,
553,4/5/2014,11:45 AM,BYC Concord Muni 2,U11B,,BYC3,
536,4/5/2014,10:00 AM,COV Batdorf Park,U11B,,COV3,
536,4/5/2014,10:00 AM,COV Batdorf Park,U11B,,COV1,
169,4/5/2014,11:45 AM,COV Batdorf Park,U11A,,BYC,
169,4/5/2014,11:45 AM,COV Batdorf Park,U11A,,COV,
88,4/5/2014,1:30 PM,COV Batdorf Park,U13A,,AVG,
88,4/5/2014,1:30 PM,COV Batdorf Park,U13A,,COV,
539,4/5/2014,10:00 AM,CVL Evans Elem,U11B,,COV2,
539,4/5/2014,10:00 AM,CVL Evans Elem,U11B,,CVL3,
324,4/5/2014,11:45 AM,CVL Evans Elem,U13B,,WC2,
324,4/5/2014,11:45 AM,CVL Evans Elem,U13B,,CVL,
331,4/5/2014,12:15 PM,GV Great Valley MS,U13B,,COV1,
331,4/5/2014,12:15 PM,GV Great Valley MS,U13B,,GV,
72,4/5/2014,2:00 PM,GV Great Valley MS,U13A,,KEN,
72,4/5/2014,2:00 PM,GV Great Valley MS,U13A,,GV,
48,4/5/2014,3:45 PM,GV Great Valley MS,U15A,,ASH,
48,4/5/2014,3:45 PM,GV Great Valley MS,U15A,,GV,
435,4/5/2014,11:45 AM,KEN Kennett HS,U11B,,WC2,
435,4/5/2014,11:45 AM,KEN Kennett HS,U11B,,KEN2,
401,4/5/2014,10:00 AM,KEN Legacy Field C,U13B,,BYC2,
401,4/5/2014,10:00 AM,KEN Legacy Field C,U13B,,KEN1,
118,4/5/2014,10:00 AM,LV Hoeffecker,U13A,,WC,
118,4/5/2014,10:00 AM,LV Hoeffecker,U13A,,LV,
488,4/5/2014,11:45 AM,LV Hoeffecker,U11B,,ABG1,
488,4/5/2014,11:45 AM,LV Hoeffecker,U11B,,LV1,
500,4/5/2014,1:30 PM,LV Hoeffecker,U11B,,ABG2,
500,4/5/2014,1:30 PM,LV Hoeffecker,U11B,,LV2,
365,4/5/2014,3:15 PM,LV Hoeffecker,U13B,,BYC1,
365,4/5/2014,3:15 PM,LV Hoeffecker,U13B,,LV2,
504,4/5/2014,5:00 PM,LV Hoeffecker,U11B,,CVL1,
504,4/5/2014,5:00 PM,LV Hoeffecker,U11B,,LV3,
273,4/5/2014,10:00 AM,LV Pine Creek 2,U15B,,COV,
273,4/5/2014,10:00 AM,LV Pine Creek 2,U15B,,LV,
259,4/5/2014,11:45 AM,LV Pine Creek 2,U13C,,BYC,
259,4/5/2014,11:45 AM,LV Pine Creek 2,U13C,,LV,
411,4/5/2014,1:30 PM,ST TE Middle Sch 2,U13B,,WC3,
411,4/5/2014,1:30 PM,ST TE Middle Sch 2,U13B,,ST2,
347,4/5/2014,3:15 PM,ST TE Middle Sch 2,U13B,,LV1,
347,4/5/2014,3:15 PM,ST TE Middle Sch 2,U13B,,ST1,
95,4/5/2014,5:00 PM,ST Wilson Park CYL,U13A,,BYC,
95,4/5/2014,5:00 PM,ST Wilson Park CYL,U13A,,ST,
175,4/5/2014,3:45 PM,UNV Upland Country DS,U11A,,LV,
175,4/5/2014,3:45 PM,UNV Upland Country DS,U11A,,UNV,
185,4/5/2014,1:30 PM,WB Embreeville,U11A,,ST,
185,4/5/2014,1:30 PM,WB Embreeville,U11A,,WB,
476,4/5/2014,3:15 PM,WB Embreeville,U11B,,GV1,
476,4/5/2014,3:15 PM,WB Embreeville,U11B,,WB2,
33,4/5/2014,5:00 PM,WB Embreeville,U15A,,LV,
33,4/5/2014,5:00 PM,WB Embreeville,U15A,,WB,
45,4/5/2014,10:00 AM,WC Henderson HS,U15A,,CVL,
45,4/5/2014,10:00 AM,WC Henderson HS,U15A,,WC,
294,4/5/2014,11:45 AM,WC Henderson HS,U15B,,WB,
294,4/5/2014,11:45 AM,WC Henderson HS,U15B,,WC2,
191,4/5/2014,11:45 AM,WC Kelly Field,U11A,,WC2,
191,4/5/2014,11:45 AM,WC Kelly Field,U11A,,WC1,
455,4/5/2014,1:30 PM,WC Kelly Field,U11B,,AVG2,
455,4/5/2014,1:30 PM,WC Kelly Field,U11B,,WC1,
338,4/5/2014,3:15 PM,WC Kelly Field,U13B,,COV2,
338,4/5/2014,3:15 PM,WC Kelly Field,U13B,,WC1,
384,4/5/2014,5:00 PM,WC Kelly Field,U13B,,KEN2,
384,4/5/2014,5:00 PM,WC Kelly Field,U13B,,WC4,
280,4/5/2014,1:30 PM,WC Rustin HS Grass,U15B,,ST,
280,4/5/2014,1:30 PM,WC Rustin HS Grass,U15B,,WC1,
227,4/5/2014,3:15 PM,WC Rustin HS Grass,U13C,,CVL,
227,4/5/2014,3:15 PM,WC Rustin HS Grass,U13C,,WC,
366,4/7/2014,6:15 PM,BYC GVMS Temple,U13B,,LV2,
366,4/7/2014,6:15 PM,BYC GVMS Temple,U13B,,BYC2,
418,4/7/2014,6:15 PM,COV Batdorf Park,U13B,,WC4,
418,4/7/2014,6:15 PM,COV Batdorf Park,U13B,,COV2,
318,4/7/2014,6:15 PM,CVL Black Rock 6,U13B,,ABG,
318,4/7/2014,6:15 PM,CVL Black Rock 6,U13B,,CVL,
293,4/7/2014,6:15 PM,KEN Kennett HS,U15B,,WC1,
293,4/7/2014,6:15 PM,KEN Kennett HS,U15B,,KEN,
395,4/7/2014,6:15 PM,KEN Kennett MS,U13B,,UNV,
395,4/7/2014,6:15 PM,KEN Kennett MS,U13B,,KEN2,
357,4/7/2014,6:15 PM,LV Lionville MS,U13B,,WC2,
357,4/7/2014,6:15 PM,LV Lionville MS,U13B,,LV1,
225,4/7/2014,6:15 PM,ST TE Middle Sch 1,U13C,,CVL,
225,4/7/2014,6:15 PM,ST TE Middle Sch 1,U13C,,ST2,
353,4/7/2014,6:15 PM,ST TE Middle Sch 2,U13B,,GV,
353,4/7/2014,6:15 PM,ST TE Middle Sch 2,U13B,,ST2,
282,4/7/2014,6:15 PM,WB Downingtown MS,U15B,,ST,
282,4/7/2014,6:15 PM,WB Downingtown MS,U15B,,WB,
417,4/7/2014,6:15 PM,WC Kelly Field,U13B,,COV1,
417,4/7/2014,6:15 PM,WC Kelly Field,U13B,,WC3,
275,4/7/2014,7:45 PM,WC Kelly Field,U15B,,COV,
275,4/7/2014,7:45 PM,WC Kelly Field,U15B,,WC2,
131,4/8/2014,6:15 PM,ASH Lower Merion HS,U13A,,LV,
131,4/8/2014,6:15 PM,ASH Lower Merion HS,U13A,,ASH,
398,4/8/2014,6:15 PM,BYC Bethel Spr ES 12,U13B,,AVG,
398,4/8/2014,6:15 PM,BYC Bethel Spr ES 12,U13B,,BYC1,
90,4/8/2014,6:15 PM,BYC GVMS Temple,U13A,,UNV,
90,4/8/2014,6:15 PM,BYC GVMS Temple,U13A,,BYC,
122,4/8/2014,7:00 PM,COV OJR HS,U13A,,WC,
122,4/8/2014,7:00 PM,COV OJR HS,U13A,,COV,
143,4/8/2014,6:15 PM,CVL Mt Kirk,U13A,,ABG,
143,4/8/2014,6:15 PM,CVL Mt Kirk,U13A,,CVL,
15,4/8/2014,6:15 PM,GV Great Valley MS,U15A,,AVG,
15,4/8/2014,6:15 PM,GV Great Valley MS,U15A,,GV,
67,4/8/2014,6:15 PM,KEN Legacy Field B,U13A,,AVG,
67,4/8/2014,6:15 PM,KEN Legacy Field B,U13A,,KEN,
53,4/8/2014,6:15 PM,LV Hoeffecker,U15A,,ASH,
53,4/8/2014,6:15 PM,LV Hoeffecker,U15A,,LV,
257,4/8/2014,6:15 PM,LV Pine Creek 2,U13C,,WC,
257,4/8/2014,6:15 PM,LV Pine Creek 2,U13C,,LV,
349,4/8/2014,6:15 PM,ST TE Middle Sch 1,U13B,,WC1,
349,4/8/2014,6:15 PM,ST TE Middle Sch 1,U13B,,ST1,
232,4/8/2014,6:15 PM,ST TE Middle Sch 2,U13C,,ABG,
232,4/8/2014,6:15 PM,ST TE Middle Sch 2,U13C,,ST1,
112,4/8/2014,6:15 PM,ST Wilson Park TEYSA,U13A,,WB,
112,4/8/2014,6:15 PM,ST Wilson Park TEYSA,U13A,,ST,
264,4/8/2014,6:15 PM,UNV Patton MS 17,U13C,,BYC,
264,4/8/2014,6:15 PM,UNV Patton MS 17,U13C,,UNV,
388,4/8/2014,6:15 PM,WB Embreeville,U13B,,KEN1,
388,4/8/2014,6:15 PM,WB Embreeville,U13B,,WB,
501,4/9/2014,6:15 PM,ABG Huntingdon Lower N,U11B,,LV3,
501,4/9/2014,6:15 PM,ABG Huntingdon Lower N,U11B,,ABG1,
489,4/9/2014,6:15 PM,ABG Huntingdon Lower S,U11B,,LV1,
489,4/9/2014,6:15 PM,ABG Huntingdon Lower S,U11B,,ABG2,
516,4/9/2014,6:15 PM,ASH Lower Merion HS,U11B,,CVL1,
516,4/9/2014,6:15 PM,ASH Lower Merion HS,U11B,,ASH,
444,4/9/2014,6:15 PM,AVG Harmony Park,U11B,,WB2,
444,4/9/2014,6:15 PM,AVG Harmony Park,U11B,,AVG1,
166,4/9/2014,6:15 PM,BYC Concord Muni 2,U11A,,ASH,
166,4/9/2014,6:15 PM,BYC Concord Muni 2,U11A,,BYC,
543,4/9/2014,6:15 PM,COV Batdorf Park,U11B,,CVL3,
543,4/9/2014,6:15 PM,COV Batdorf Park,U11B,,COV3,
203,4/9/2014,7:00 PM,COV OJR HS,U11A,,GV,
203,4/9/2014,7:00 PM,COV OJR HS,U11A,,COV,
558,4/9/2014,6:15 PM,GV Great Valley MS,U11B,,COV1,
558,4/9/2014,6:15 PM,GV Great Valley MS,U11B,,GV1,
560,4/9/2014,6:15 PM,KEN Legacy Field B,U11B,,GV2,
560,4/9/2014,6:15 PM,KEN Legacy Field B,U11B,,KEN1,
211,4/9/2014,6:15 PM,LV Eagleview 2,U11A,,CVL,
211,4/9/2014,6:15 PM,LV Eagleview 2,U11A,,LV,
176,4/9/2014,6:15 PM,ST TE Middle Sch 1,U11A,,UNV,
176,4/9/2014,6:15 PM,ST TE Middle Sch 1,U11A,,ST,
148,4/9/2014,6:15 PM,WB Embreeville,U11A,,KEN,
148,4/9/2014,6:15 PM,WB Embreeville,U11A,,WB,
469,4/9/2014,6:15 PM,WC Kelly Field,U11B,,BYC3,
469,4/9/2014,6:15 PM,WC Kelly Field,U11B,,WC1,
288,4/10/2014,6:15 PM,AVG Harmony Park,U15B,,LV,
288,4/10/2014,6:15 PM,AVG Harmony Park,U15B,,AVG,
96,4/10/2014,6:15 PM,BYC GVMS Temple,U13A,,ASH,
96,4/10/2014,6:15 PM,BYC GVMS Temple,U13A,,BYC,
60,4/10/2014,6:15 PM,CVL Mt Kirk,U15A,,ST,
60,4/10/2014,6:15 PM,CVL Mt Kirk,U15A,,CVL,
3,4/10/2014,6:15 PM,KEN Legacy Field B,U15A,,WB,
3,4/10/2014,6:15 PM,KEN Legacy Field B,U15A,,KEN,
43,4/10/2014,6:15 PM,WC Kelly Field,U15A,,ABG,
43,4/10/2014,6:15 PM,WC Kelly Field,U15A,,WC,
532,4/12/2014,11:45 AM,ABG Huntingdon Lower N,U11B,,CVL1,
532,4/12/2014,11:45 AM,ABG Huntingdon Lower N,U11B,,ABG3,
219,4/12/2014,1:30 PM,ABG Huntingdon Lower S,U11A,,COV,
219,4/12/2014,1:30 PM,ABG Huntingdon Lower S,U11A,,ABG,
299,4/12/2014,10:00 AM,AVG Harmony Park,U15B,,KEN,
299,4/12/2014,10:00 AM,AVG Harmony Park,U15B,,AVG,
330,4/12/2014,1:30 PM,COV OJR HS,U13B,,WC1,
330,4/12/2014,1:30 PM,COV OJR HS,U13B,,COV1,
514,4/12/2014,3:15 PM,COV OJR HS,U11B,,ST,
514,4/12/2014,3:15 PM,COV OJR HS,U11B,,COV2,
557,4/12/2014,11:45 AM,CVL Evans Elem,U11B,,WC2,
557,4/12/2014,11:45 AM,CVL Evans Elem,U11B,,CVL3,
224,4/12/2014,1:30 PM,CVL Evans Elem,U13C,,ST1,
224,4/12/2014,1:30 PM,CVL Evans Elem,U13C,,CVL,
517,4/12/2014,3:15 PM,CVL Evans Elem,U11B,,ASH,
517,4/12/2014,3:15 PM,CVL Evans Elem,U11B,,CVL2,
129,4/12/2014,5:00 PM,CVL Evans Elem,U13A,,GV,
129,4/12/2014,5:00 PM,CVL Evans Elem,U13A,,CVL,
477,4/12/2014,12:15 PM,GV Great Valley MS,U11B,,WB2,
477,4/12/2014,12:15 PM,GV Great Valley MS,U11B,,GV2,
436,4/12/2014,2:00 PM,GV Great Valley MS,U11B,,KEN2,
436,4/12/2014,2:00 PM,GV Great Valley MS,U11B,,GV1,
11,4/12/2014,11:45 AM,KEN Kennett HS,U15A,,CVL,
11,4/12/2014,11:45 AM,KEN Kennett HS,U15A,,KEN,
493,4/12/2014,10:00 AM,LV Eagleview 2,U11B,,COV3,
493,4/12/2014,10:00 AM,LV Eagleview 2,U11B,,LV2,
406,4/12/2014,1:30 PM,UNV Patton MS 17,U13B,,CVL,
406,4/12/2014,1:30 PM,UNV Patton MS 17,U13B,,UNV,
189,4/12/2014,10:00 AM,WB Embreeville,U11A,,CVL,
189,4/12/2014,10:00 AM,WB Embreeville,U11A,,WB,
453,4/12/2014,11:45 AM,WB Embreeville,U11B,,AVG2,
453,4/12/2014,11:45 AM,WB Embreeville,U11B,,WB1,
390,4/12/2014,1:30 PM,WB Embreeville,U13B,,KEN2,
390,4/12/2014,1:30 PM,WB Embreeville,U13B,,WB,
70,4/12/2014,3:15 PM,WB Embreeville,U13A,,KEN,
70,4/12/2014,3:15 PM,WB Embreeville,U13A,,WB,
359,4/12/2014,11:45 AM,WC Kelly Field,U13B,,GV,
359,4/12/2014,11:45 AM,WC Kelly Field,U13B,,WC2,
200,4/12/2014,1:30 PM,WC Kelly Field,U11A,,GV,
200,4/12/2014,1:30 PM,WC Kelly Field,U11A,,WC2,
263,4/12/2014,3:15 PM,WC Kelly Field,U13C,,AVG,
263,4/12/2014,3:15 PM,WC Kelly Field,U13C,,WC,
193,4/14/2014,6:30 PM,WC Kelly Field,U11A,,LV,
193,4/14/2014,6:30 PM,WC Kelly Field,U11A,,WC1,
243,4/21/2014,6:30 PM,ASH Lower Merion HS,U13C,,UNV,
243,4/21/2014,6:30 PM,ASH Lower Merion HS,U13C,,ASH,
262,4/21/2014,6:30 PM,BYC GVMS Temple,U13C,,WC,
262,4/21/2014,6:30 PM,BYC GVMS Temple,U13C,,BYC,
222,4/21/2014,6:30 PM,CVL Evans Elem,U13C,,ABG,
222,4/21/2014,6:30 PM,CVL Evans Elem,U13C,,CVL,
358,4/21/2014,6:30 PM,GV Great Valley MS,U13B,,WC1,
358,4/21/2014,6:30 PM,GV Great Valley MS,U13B,,GV,
404,4/21/2014,6:30 PM,KEN Kennett HS,U13B,,AVG,
404,4/21/2014,6:30 PM,KEN Kennett HS,U13B,,KEN2,
422,4/21/2014,6:30 PM,LV Lionville MS,U13B,,BYC2,
422,4/21/2014,6:30 PM,LV Lionville MS,U13B,,LV1,
289,4/21/2014,6:30 PM,LV Pine Creek 1,U15B,,KEN,
289,4/21/2014,6:30 PM,LV Pine Creek 1,U15B,,LV,
415,4/21/2014,6:30 PM,WC Kelly Field,U13B,,KEN1,
415,4/21/2014,6:30 PM,WC Kelly Field,U13B,,WC2,
370,4/21/2014,8:00 PM,WC Kelly Field,U13B,,WC4,
370,4/21/2014,8:00 PM,WC Kelly Field,U13B,,WC3,
260,4/22/2014,6:30 PM,AVG Avon Grove HS 1,U13C,,LV,
260,4/22/2014,6:30 PM,AVG Avon Grove HS 1,U13C,,AVG,
144,4/22/2014,7:00 PM,COV OJR HS,U13A,,CVL,
144,4/22/2014,7:00 PM,COV OJR HS,U13A,,COV,
316,4/22/2014,6:30 PM,CVL Mt Kirk,U13B,,COV1,
316,4/22/2014,6:30 PM,CVL Mt Kirk,U13B,,CVL,
126,4/22/2014,6:30 PM,GV Great Valley MS,U13A,,ASH,
126,4/22/2014,6:30 PM,GV Great Valley MS,U13A,,GV,
132,4/22/2014,6:30 PM,LV Hoeffecker,U13A,,ABG,
132,4/22/2014,6:30 PM,LV Hoeffecker,U13A,,LV,
363,4/22/2014,6:30 PM,LV Lionville MS,U13B,,WB,
363,4/22/2014,6:30 PM,LV Lionville MS,U13B,,LV2,
420,4/22/2014,6:30 PM,ST TE Middle Sch 1,U13B,,UNV,
420,4/22/2014,6:30 PM,ST TE Middle Sch 1,U13B,,ST1,
341,4/22/2014,6:30 PM,ST TE Middle Sch 2,U13B,,ABG,
341,4/22/2014,6:30 PM,ST TE Middle Sch 2,U13B,,ST2,
74,4/22/2014,6:30 PM,ST Wilson Park TEYSA,U13A,,KEN,
74,4/22/2014,6:30 PM,ST Wilson Park TEYSA,U13A,,ST,
80,4/22/2014,6:30 PM,UNV Patton MS 17,U13A,,AVG,
80,4/22/2014,6:30 PM,UNV Patton MS 17,U13A,,UNV,
91,4/22/2014,6:30 PM,WB Embreeville,U13A,,BYC,
91,4/22/2014,6:30 PM,WB Embreeville,U13A,,WB,
528,4/23/2014,6:30 PM,ABG Huntingdon Lower N,U11B,,ABG2,
528,4/23/2014,6:30 PM,ABG Huntingdon Lower N,U11B,,ABG3,
160,4/23/2014,6:30 PM,AVG Harmony Park,U11A,,WB,
160,4/23/2014,6:30 PM,AVG Harmony Park,U11A,,AVG,
464,4/23/2014,6:30 PM,BYC Bethel Spr ES 12,U11B,,WC2,
464,4/23/2014,6:30 PM,BYC Bethel Spr ES 12,U11B,,BYC2,
146,4/23/2014,6:30 PM,BYC Concord Muni 2,U11A,,KEN,
146,4/23/2014,6:30 PM,BYC Concord Muni 2,U11A,,BYC,
491,4/23/2014,6:30 PM,COV Batdorf Park,U11B,,LV1,
491,4/23/2014,6:30 PM,COV Batdorf Park,U11B,,COV1,
505,4/23/2014,7:00 PM,COV OJR HS,U11B,,LV3,
505,4/23/2014,7:00 PM,COV OJR HS,U11B,,COV2,
205,4/23/2014,6:30 PM,CVL Evans Elem,U11A,,GV,
205,4/23/2014,6:30 PM,CVL Evans Elem,U11A,,CVL,
480,4/23/2014,6:30 PM,GV Great Valley MS,U11B,,WC1,
480,4/23/2014,6:30 PM,GV Great Valley MS,U11B,,GV1,
437,4/23/2014,6:30 PM,KEN Legacy Field B,U11B,,GV2,
437,4/23/2014,6:30 PM,KEN Legacy Field B,U11B,,KEN2,
498,4/23/2014,6:30 PM,LV Eagleview 1,U11B,,ASH,
498,4/23/2014,6:30 PM,LV Eagleview 1,U11B,,LV2,
208,4/23/2014,6:30 PM,LV Eagleview 2,U11A,,ASH,
208,4/23/2014,6:30 PM,LV Eagleview 2,U11A,,LV,
194,4/23/2014,6:30 PM,ST TE Middle Sch 2,U11A,,WC1,
194,4/23/2014,6:30 PM,ST TE Middle Sch 2,U11A,,ST,
474,4/23/2014,6:30 PM,WB Embreeville,U11B,,WB1,
474,4/23/2014,6:30 PM,WB Embreeville,U11B,,WB2,
197,4/23/2014,6:30 PM,WC Kelly Field,U11A,,COV,
197,4/23/2014,6:30 PM,WC Kelly Field,U11A,,WC2,
61,4/24/2014,6:30 PM,ASH Haverford Upper,U15A,,ABG,
61,4/24/2014,6:30 PM,ASH Haverford Upper,U15A,,ASH,
14,4/24/2014,6:30 PM,AVG Avon Grove HS 1,U15A,,WC,
14,4/24/2014,6:30 PM,AVG Avon Grove HS 1,U15A,,AVG,
24,4/24/2014,6:30 PM,BYC GVMS Temple,U15A,,GV,
24,4/24/2014,6:30 PM,BYC GVMS Temple,U15A,,BYC,
276,4/24/2014,6:30 PM,COV Batdorf Park,U15B,,WB,
276,4/24/2014,6:30 PM,COV Batdorf Park,U15B,,COV,
66,4/24/2014,7:00 PM,COV OJR HS,U15A,,CVL,
66,4/24/2014,7:00 PM,COV OJR HS,U15A,,COV,
135,4/24/2014,6:30 PM,ST TE Middle Sch 2,U13A,,ASH,
135,4/24/2014,6:30 PM,ST TE Middle Sch 2,U13A,,ST,
34,4/24/2014,6:30 PM,ST Wilson Park CYL,U15A,,WB,
34,4/24/2014,6:30 PM,ST Wilson Park CYL,U15A,,ST,
281,4/24/2014,6:30 PM,ST Wilson Park TEYSA,U15B,,WC2,
281,4/24/2014,6:30 PM,ST Wilson Park TEYSA,U15B,,ST,
292,4/24/2014,6:30 PM,WC Kelly Field,U15B,,AVG,
292,4/24/2014,6:30 PM,WC Kelly Field,U15B,,WC1,
237,4/26/2014,1:30 PM,ABG Huntingdon Lower S,U13C,,BYC,
237,4/26/2014,1:30 PM,ABG Huntingdon Lower S,U13C,,ABG,
64,4/26/2014,3:15 PM,ABG Huntingdon Lower S,U15A,,COV,
64,4/26/2014,3:15 PM,ABG Huntingdon Lower S,U15A,,ABG,
178,4/26/2014,5:00 PM,ABG Huntingdon Lower S,U11A,,UNV,
178,4/26/2014,5:00 PM,ABG Huntingdon Lower S,U11A,,ABG,
188,4/26/2014,1:30 PM,ASH Lower Merion HS,U11A,,WB,
188,4/26/2014,1:30 PM,ASH Lower Merion HS,U11A,,ASH,
86,4/26/2014,3:15 PM,ASH Lower Merion HS,U13A,,AVG,
86,4/26/2014,3:15 PM,ASH Lower Merion HS,U13A,,ASH,
156,4/26/2014,10:00 AM,AVG Avon Grove HS 1,U11A,,COV,
156,4/26/2014,10:00 AM,AVG Avon Grove HS 1,U11A,,AVG,
421,4/26/2014,1:30 PM,BYC Concord Muni 1,U13B,,ST2,
421,4/26/2014,1:30 PM,BYC Concord Muni 1,U13B,,BYC1,
470,4/26/2014,3:15 PM,BYC Concord Muni 2,U11B,,WC2,
470,4/26/2014,3:15 PM,BYC Concord Muni 2,U11B,,BYC3,
168,4/26/2014,5:00 PM,BYC Concord Muni 2,U11A,,CVL,
168,4/26/2014,5:00 PM,BYC Concord Muni 2,U11A,,BYC,
515,4/26/2014,1:30 PM,COV OJR HS,U11B,,ASH,
515,4/26/2014,1:30 PM,COV OJR HS,U11B,,COV3,
339,4/26/2014,3:15 PM,COV OJR HS,U13B,,WC2,
339,4/26/2014,3:15 PM,COV OJR HS,U13B,,COV2,
326,4/26/2014,5:00 PM,COV OJR HS,U13B,,ST1,
326,4/26/2014,5:00 PM,COV OJR HS,U13B,,COV1,
530,4/26/2014,6:45 PM,COV OJR HS,U11B,,ABG2,
530,4/26/2014,6:45 PM,COV OJR HS,U11B,,COV2,
230,4/26/2014,11:45 AM,CVL Evans Elem,U13C,,AVG,
230,4/26/2014,11:45 AM,CVL Evans Elem,U13C,,CVL,
545,4/26/2014,1:30 PM,CVL Evans Elem,U11B,,CVL1,
545,4/26/2014,1:30 PM,CVL Evans Elem,U11B,,CVL3,
533,4/26/2014,3:15 PM,CVL Evans Elem,U11B,,ABG3,
533,4/26/2014,3:15 PM,CVL Evans Elem,U11B,,CVL2,
99,4/26/2014,5:00 PM,CVL Evans Elem,U13A,,BYC,
99,4/26/2014,5:00 PM,CVL Evans Elem,U13A,,CVL,
192,4/26/2014,12:15 PM,GV Great Valley MS,U11A,,WC1,
192,4/26/2014,12:15 PM,GV Great Valley MS,U11A,,GV,
458,4/26/2014,2:00 PM,GV Great Valley MS,U11B,,BYC1,
458,4/26/2014,2:00 PM,GV Great Valley MS,U11B,,GV2,
32,4/26/2014,3:45 PM,GV Great Valley MS,U15A,,WB,
32,4/26/2014,3:45 PM,GV Great Valley MS,U15A,,GV,
153,4/26/2014,11:45 AM,KEN Legacy Field C,U11A,,ST,
153,4/26/2014,11:45 AM,KEN Legacy Field C,U11A,,KEN,
430,4/26/2014,1:30 PM,KEN Legacy Field C,U11B,,BYC2,
430,4/26/2014,1:30 PM,KEN Legacy Field C,U11B,,KEN1,
438,4/26/2014,3:15 PM,KEN Legacy Field C,U11B,,AVG1,
438,4/26/2014,3:15 PM,KEN Legacy Field C,U11B,,KEN2,
77,4/26/2014,5:00 PM,KEN Legacy Field C,U13A,,COV,
77,4/26/2014,5:00 PM,KEN Legacy Field C,U13A,,KEN,
56,4/26/2014,10:00 AM,LV Hoeffecker,U15A,,CVL,
56,4/26/2014,10:00 AM,LV Hoeffecker,U15A,,LV,
497,4/26/2014,11:45 AM,LV Hoeffecker,U11B,,LV3,
497,4/26/2014,11:45 AM,LV Hoeffecker,U11B,,LV2,
355,4/26/2014,1:30 PM,LV Hoeffecker,U13B,,GV,
355,4/26/2014,1:30 PM,LV Hoeffecker,U13B,,LV1,
130,4/26/2014,3:15 PM,LV Hoeffecker,U13A,,ST,
130,4/26/2014,3:15 PM,LV Hoeffecker,U13A,,LV,
268,4/26/2014,10:00 AM,ST TE Middle Sch 1,U13C,,ASH,
268,4/26/2014,10:00 AM,ST TE Middle Sch 1,U13C,,ST1,
254,4/26/2014,11:45 AM,ST TE Middle Sch 1,U13C,,UNV,
254,4/26/2014,11:45 AM,ST TE Middle Sch 1,U13C,,ST2,
513,4/26/2014,1:30 PM,ST TE Middle Sch 2,U11B,,COV1,
513,4/26/2014,1:30 PM,ST TE Middle Sch 2,U11B,,ST,
17,4/26/2014,3:15 PM,ST Wilson Park CYL,U15A,,AVG,
17,4/26/2014,3:15 PM,ST Wilson Park CYL,U15A,,ST,
106,4/26/2014,2:00 PM,UNV Upland Country DS,U13A,,ABG,
106,4/26/2014,2:00 PM,UNV Upland Country DS,U13A,,UNV,
478,4/26/2014,10:00 AM,WB Embreeville,U11B,,WC1,
478,4/26/2014,10:00 AM,WB Embreeville,U11B,,WB2,
554,4/26/2014,11:45 AM,WB Embreeville,U11B,,ABG1,
554,4/26/2014,11:45 AM,WB Embreeville,U11B,,WB1,
419,4/26/2014,1:30 PM,WB Embreeville,U13B,,ABG,
419,4/26/2014,1:30 PM,WB Embreeville,U13B,,WB,
291,4/26/2014,3:15 PM,WB Embreeville,U15B,,WC1,
291,4/26/2014,3:15 PM,WB Embreeville,U15B,,WB,
373,4/26/2014,11:45 AM,WC Kelly Field,U13B,,BYC2,
373,4/26/2014,11:45 AM,WC Kelly Field,U13B,,WC3,
286,4/26/2014,1:30 PM,WC Kelly Field,U15B,,LV,
286,4/26/2014,1:30 PM,WC Kelly Field,U15B,,WC2,
117,4/26/2014,3:15 PM,WC Kelly Field,U13A,,GV,
117,4/26/2014,3:15 PM,WC Kelly Field,U13A,,WC,
23,4/26/2014,5:00 PM,WC Kelly Field,U15A,,BYC,
23,4/26/2014,5:00 PM,WC Kelly Field,U15A,,WC,
362,4/26/2014,1:30 PM,WC Rustin HS Stadium,U13B,,LV2,
362,4/26/2014,1:30 PM,WC Rustin HS Stadium,U13B,,WC4,
323,4/26/2014,3:15 PM,WC Rustin HS Stadium,U13B,,CVL,
323,4/26/2014,3:15 PM,WC Rustin HS Stadium,U13B,,WC1,
235,4/27/2014,1:45 PM,ABG Acad New Church,U13C,,WC,
235,4/27/2014,1:45 PM,ABG Acad New Church,U13C,,ABG,
8,4/27/2014,1:45 PM,ASH Lower Merion HS,U15A,,KEN,
8,4/27/2014,1:45 PM,ASH Lower Merion HS,U15A,,ASH,
204,4/27/2014,3:15 PM,GV Great Valley MS,U11A,,ABG,
204,4/27/2014,3:15 PM,GV Great Valley MS,U11A,,GV,
241,4/28/2014,6:30 PM,ASH Lower Merion HS,U13C,,LV,
241,4/28/2014,6:30 PM,ASH Lower Merion HS,U13C,,ASH,
389,4/28/2014,6:30 PM,AVG Harmony Park,U13B,,WB,
389,4/28/2014,6:30 PM,AVG Harmony Park,U13B,,AVG,
416,4/28/2014,6:30 PM,CVL Black Rock 6,U13B,,LV2,
416,4/28/2014,6:30 PM,CVL Black Rock 6,U13B,,CVL,
256,4/28/2014,6:30 PM,ST TE Middle Sch 1,U13C,,AVG,
256,4/28/2014,6:30 PM,ST TE Middle Sch 1,U13C,,ST2,
379,4/28/2014,6:30 PM,WC Kelly Field,U13B,,UNV,
379,4/28/2014,6:30 PM,WC Kelly Field,U13B,,WC4,
352,4/28/2014,8:00 PM,WC Kelly Field,U13B,,ST2,
352,4/28/2014,8:00 PM,WC Kelly Field,U13B,,WC1,
342,4/29/2014,6:30 PM,ABG Huntingdon Lower S,U13B,,LV1,
342,4/29/2014,6:30 PM,ABG Huntingdon Lower S,U13B,,ABG,
79,4/29/2014,6:30 PM,AVG Harmony Park,U13A,,BYC,
79,4/29/2014,6:30 PM,AVG Harmony Park,U13A,,AVG,
402,4/29/2014,6:30 PM,BYC GVMS Temple,U13B,,KEN2,
402,4/29/2014,6:30 PM,BYC GVMS Temple,U13B,,BYC2,
337,4/29/2014,7:00 PM,COV OJR HS,U13B,,GV,
337,4/29/2014,7:00 PM,COV OJR HS,U13B,,COV2,
116,4/29/2014,6:30 PM,CVL Mt Kirk,U13A,,WB,
116,4/29/2014,6:30 PM,CVL Mt Kirk,U13A,,CVL,
397,4/29/2014,6:30 PM,KEN Kennett MS,U13B,,BYC1,
397,4/29/2014,6:30 PM,KEN Kennett MS,U13B,,KEN1,
71,4/29/2014,6:30 PM,KEN Legacy Field B,U13A,,WC,
71,4/29/2014,6:30 PM,KEN Legacy Field B,U13A,,KEN,
250,4/29/2014,6:30 PM,ST TE Middle Sch 2,U13C,,BYC,
250,4/29/2014,6:30 PM,ST TE Middle Sch 2,U13C,,ST1,
137,4/29/2014,6:30 PM,ST Wilson Park TEYSA,U13A,,COV,
137,4/29/2014,6:30 PM,ST Wilson Park TEYSA,U13A,,ST,
350,4/29/2014,6:30 PM,WC Kelly Field,U13B,,ST1,
350,4/29/2014,6:30 PM,WC Kelly Field,U13B,,WC2,
503,4/30/2014,6:30 PM,ABG Huntingdon Lower N,U11B,,LV3,
503,4/30/2014,6:30 PM,ABG Huntingdon Lower N,U11B,,ABG3,
518,4/30/2014,6:30 PM,ASH Lower Merion HS,U11B,,CVL3,
518,4/30/2014,6:30 PM,ASH Lower Merion HS,U11B,,ASH,
550,4/30/2014,6:30 PM,AVG Harmony Park,U11B,,LV2,
550,4/30/2014,6:30 PM,AVG Harmony Park,U11B,,AVG2,
457,4/30/2014,6:30 PM,BYC Bethel Spr ES 12,U11B,,GV1,
457,4/30/2014,6:30 PM,BYC Bethel Spr ES 12,U11B,,BYC1,
170,4/30/2014,6:30 PM,BYC Concord Muni 2,U11A,,UNV,
170,4/30/2014,6:30 PM,BYC Concord Muni 2,U11A,,BYC,
542,4/30/2014,7:00 PM,COV OJR HS,U11B,,CVL2,
542,4/30/2014,7:00 PM,COV OJR HS,U11B,,COV3,
537,4/30/2014,6:30 PM,CVL Evans Elem,U11B,,COV1,
537,4/30/2014,6:30 PM,CVL Evans Elem,U11B,,CVL1,
426,4/30/2014,6:30 PM,KEN Legacy Field B,U11B,,KEN2,
426,4/30/2014,6:30 PM,KEN Legacy Field B,U11B,,KEN1,
186,4/30/2014,6:30 PM,LV Eagleview 1,U11A,,WB,
186,4/30/2014,6:30 PM,LV Eagleview 1,U11A,,LV,
486,4/30/2014,6:30 PM,LV Eagleview 2,U11B,,ST,
486,4/30/2014,6:30 PM,LV Eagleview 2,U11B,,LV1,
214,4/30/2014,6:30 PM,ST TE Middle Sch 1,U11A,,COV,
214,4/30/2014,6:30 PM,ST TE Middle Sch 1,U11A,,ST,
443,4/30/2014,6:30 PM,WB Embreeville,U11B,,AVG1,
443,4/30/2014,6:30 PM,WB Embreeville,U11B,,WB1,
161,4/30/2014,6:30 PM,WC Kelly Field,U11A,,AVG,
161,4/30/2014,6:30 PM,WC Kelly Field,U11A,,WC1,
150,4/30/2014,8:00 PM,WC Kelly Field,U11A,,KEN,
150,4/30/2014,8:00 PM,WC Kelly Field,U11A,,WC2,
481,4/30/2014,6:30 PM,WC Rustin HS Stadium,U11B,,GV2,
481,4/30/2014,6:30 PM,WC Rustin HS Stadium,U11B,,WC2,
283,5/1/2014,6:30 PM,ST Wilson Park TEYSA,U15B,,AVG,
283,5/1/2014,6:30 PM,ST Wilson Park TEYSA,U15B,,ST,
290,5/1/2014,6:30 PM,WC Kelly Field,U15B,,WC2,
290,5/1/2014,6:30 PM,WC Kelly Field,U15B,,WC1,
327,5/3/2014,10:00 AM,ABG Huntingdon Lower S,U13B,,COV1,
327,5/3/2014,10:00 AM,ABG Huntingdon Lower S,U13B,,ABG,
525,5/3/2014,11:45 AM,ABG Huntingdon Lower S,U11B,,COV3,
525,5/3/2014,11:45 AM,ABG Huntingdon Lower S,U11B,,ABG1,
529,5/3/2014,1:30 PM,ABG Huntingdon Lower S,U11B,,COV1,
529,5/3/2014,1:30 PM,ABG Huntingdon Lower S,U11B,,ABG2,
439,5/3/2014,10:00 AM,AVG Avon Grove HS 1,U11B,,KEN2,
439,5/3/2014,10:00 AM,AVG Avon Grove HS 1,U11B,,AVG2,
446,5/3/2014,12:00 PM,AVG Avon Grove HS 1,U11B,,GV1,
446,5/3/2014,12:00 PM,AVG Avon Grove HS 1,U11B,,AVG1,
238,5/3/2014,2:00 PM,AVG Avon Grove HS 1,U13C,,ABG,
238,5/3/2014,2:00 PM,AVG Avon Grove HS 1,U13C,,AVG,
408,5/3/2014,10:00 AM,AVG Avon Grove HS 2,U13B,,COV2,
408,5/3/2014,10:00 AM,AVG Avon Grove HS 2,U13B,,AVG,
159,5/3/2014,2:00 PM,AVG Avon Grove HS 2,U11A,,UNV,
159,5/3/2014,2:00 PM,AVG Avon Grove HS 2,U11A,,AVG,
277,5/3/2014,10:00 AM,AVG Avon Grove HS Stadium,U15B,,COV,
277,5/3/2014,10:00 AM,AVG Avon Grove HS Stadium,U15B,,AVG,
20,5/3/2014,12:00 PM,AVG Avon Grove HS Stadium,U15A,,COV,
20,5/3/2014,12:00 PM,AVG Avon Grove HS Stadium,U15A,,AVG,
87,5/3/2014,2:00 PM,AVG Avon Grove HS Stadium,U13A,,ABG,
87,5/3/2014,2:00 PM,AVG Avon Grove HS Stadium,U13A,,AVG,
26,5/3/2014,10:00 AM,BYC Concord Muni 1,U15A,,ST,
26,5/3/2014,10:00 AM,BYC Concord Muni 1,U15A,,BYC,
255,5/3/2014,11:45 AM,BYC Concord Muni 1,U13C,,ST2,
255,5/3/2014,11:45 AM,BYC Concord Muni 1,U13C,,BYC,
65,5/3/2014,10:00 AM,CVL Evans Elem,U15A,,ABG,
65,5/3/2014,10:00 AM,CVL Evans Elem,U15A,,CVL,
78,5/3/2014,11:45 AM,CVL Evans Elem,U13A,,KEN,
78,5/3/2014,11:45 AM,CVL Evans Elem,U13A,,CVL,
546,5/3/2014,1:30 PM,CVL Evans Elem,U11B,,CVL3,
546,5/3/2014,1:30 PM,CVL Evans Elem,U11B,,CVL2,
228,5/3/2014,3:15 PM,CVL Evans Elem,U13C,,UNV,
228,5/3/2014,3:15 PM,CVL Evans Elem,U13C,,CVL,
413,5/3/2014,10:00 AM,GV Great Valley HS,U13B,,WB,
413,5/3/2014,10:00 AM,GV Great Valley HS,U13B,,GV,
46,5/3/2014,11:45 AM,GV Great Valley HS,U15A,,LV,
46,5/3/2014,11:45 AM,GV Great Valley HS,U15A,,GV,
128,5/3/2014,1:30 PM,GV Great Valley HS,U13A,,COV,
128,5/3/2014,1:30 PM,GV Great Valley HS,U13A,,GV,
284,5/3/2014,1:30 PM,KEN Legacy Field C,U15B,,ST,
284,5/3/2014,1:30 PM,KEN Legacy Field C,U15B,,KEN,
383,5/3/2014,3:15 PM,KEN Legacy Field C,U13B,,WC4,
383,5/3/2014,3:15 PM,KEN Legacy Field C,U13B,,KEN1,
151,5/3/2014,5:00 PM,KEN Legacy Field C,U11A,,GV,
151,5/3/2014,5:00 PM,KEN Legacy Field C,U11A,,KEN,
103,5/3/2014,10:00 AM,LV Hoeffecker,U13A,,UNV,
103,5/3/2014,10:00 AM,LV Hoeffecker,U13A,,LV,
287,5/3/2014,11:45 AM,LV Hoeffecker,U15B,,WB,
287,5/3/2014,11:45 AM,LV Hoeffecker,U15B,,LV,
199,5/3/2014,1:30 PM,LV Hoeffecker,U11A,,WC2,
199,5/3/2014,1:30 PM,LV Hoeffecker,U11A,,LV,
35,5/3/2014,10:00 AM,WB Embreeville,U15A,,ASH,
35,5/3/2014,10:00 AM,WB Embreeville,U15A,,WB,
113,5/3/2014,11:45 AM,WB Embreeville,U13A,,ASH,
113,5/3/2014,11:45 AM,WB Embreeville,U13A,,WB,
433,5/3/2014,1:30 PM,WB Embreeville,U11B,,KEN1,
433,5/3/2014,1:30 PM,WB Embreeville,U11B,,WB2,
4,5/3/2014,1:30 PM,WC Kelly Field,U15A,,KEN,
4,5/3/2014,1:30 PM,WC Kelly Field,U15A,,WC,
377,5/3/2014,3:15 PM,WC Kelly Field,U13B,,KEN2,
377,5/3/2014,3:15 PM,WC Kelly Field,U13B,,WC3,
475,5/3/2014,5:00 PM,WC Kelly Field,U11B,,WB1,
475,5/3/2014,5:00 PM,WC Kelly Field,U11B,,WC2,
345,5/4/2014,1:45 PM,ABG Acad New Church,U13B,,WC2,
345,5/4/2014,1:45 PM,ABG Acad New Church,U13B,,ABG,
552,5/4/2014,1:45 PM,COV OJR HS,U11B,,BYC2,
552,5/4/2014,1:45 PM,COV OJR HS,U11B,,COV2,
490,5/4/2014,1:45 PM,LV Eagleview 2,U11B,,ABG3,
490,5/4/2014,1:45 PM,LV Eagleview 2,U11B,,LV1,
212,5/5/2014,6:30 PM,ASH Lower Merion HS,U11A,,ST,
212,5/5/2014,6:30 PM,ASH Lower Merion HS,U11A,,ASH,
310,5/5/2014,6:30 PM,AVG Harmony Park,U15B,,WC1,
310,5/5/2014,6:30 PM,AVG Harmony Park,U15B,,AVG,
381,5/5/2014,6:30 PM,BYC Bethel Spr ES 12,U13B,,WC4,
381,5/5/2014,6:30 PM,BYC Bethel Spr ES 12,U13B,,BYC2,
386,5/5/2014,6:30 PM,BYC GVMS Temple,U13B,,WB,
386,5/5/2014,6:30 PM,BYC GVMS Temple,U13B,,BYC1,
335,5/5/2014,7:00 PM,COV OJR HS,U13B,,ST2,
335,5/5/2014,7:00 PM,COV OJR HS,U13B,,COV2,
220,5/5/2014,6:30 PM,CVL Evans Elem,U11A,,ABG,
220,5/5/2014,6:30 PM,CVL Evans Elem,U11A,,CVL,
367,5/5/2014,6:30 PM,LV Lionville MS,U13B,,AVG,
367,5/5/2014,6:30 PM,LV Lionville MS,U13B,,LV2,
240,5/5/2014,6:30 PM,ST TE Middle Sch 1,U13C,,ASH,
240,5/5/2014,6:30 PM,ST TE Middle Sch 1,U13C,,ST2,
340,5/5/2014,6:30 PM,ST TE Middle Sch 2,U13B,,ABG,
340,5/5/2014,6:30 PM,ST TE Middle Sch 2,U13B,,ST1,
270,5/5/2014,6:30 PM,UNV Patton MS 17,U13C,,WC,
270,5/5/2014,6:30 PM,UNV Patton MS 17,U13C,,UNV,
136,5/6/2014,6:30 PM,ABG Huntingdon Lower S,U13A,,ST,
136,5/6/2014,6:30 PM,ABG Huntingdon Lower S,U13A,,ABG,
141,5/6/2014,6:30 PM,ASH Lower Merion HS,U13A,,CVL,
141,5/6/2014,6:30 PM,ASH Lower Merion HS,U13A,,ASH,
271,5/6/2014,6:30 PM,AVG Avon Grove HS 1,U13C,,BYC,
271,5/6/2014,6:30 PM,AVG Avon Grove HS 1,U13C,,AVG,
94,5/6/2014,6:30 PM,BYC GVMS Temple,U13A,,LV,
94,5/6/2014,6:30 PM,BYC GVMS Temple,U13A,,BYC,
425,5/6/2014,6:30 PM,KEN Kennett MS,U13B,,WC2,
425,5/6/2014,6:30 PM,KEN Kennett MS,U13B,,KEN2,
69,5/6/2014,6:30 PM,KEN Legacy Field B,U13A,,UNV,
69,5/6/2014,6:30 PM,KEN Legacy Field B,U13A,,KEN,
321,5/6/2014,6:30 PM,LV Lionville MS,U13B,,CVL,
321,5/6/2014,6:30 PM,LV Lionville MS,U13B,,LV1,
247,5/6/2014,6:30 PM,LV Pine Creek 1,U13C,,ST1,
247,5/6/2014,6:30 PM,LV Pine Creek 1,U13C,,LV,
394,5/6/2014,6:30 PM,UNV Patton MS 17,U13B,,KEN1,
394,5/6/2014,6:30 PM,UNV Patton MS 17,U13B,,UNV,
115,5/6/2014,6:30 PM,WB Embreeville,U13A,,COV,
115,5/6/2014,6:30 PM,WB Embreeville,U13A,,WB,
82,5/6/2014,6:30 PM,WC Kelly Field,U13A,,AVG,
82,5/6/2014,6:30 PM,WC Kelly Field,U13A,,WC,
213,5/7/2014,6:30 PM,ABG Huntingdon Lower N,U11A,,ST,
213,5/7/2014,6:30 PM,ABG Huntingdon Lower N,U11A,,ABG,
162,5/7/2014,6:30 PM,AVG Harmony Park,U11A,,WC2,
162,5/7/2014,6:30 PM,AVG Harmony Park,U11A,,AVG,
460,5/7/2014,6:30 PM,BYC Bethel Spr ES 12,U11B,,BYC1,
460,5/7/2014,6:30 PM,BYC Bethel Spr ES 12,U11B,,BYC3,
441,5/7/2014,6:30 PM,BYC Concord Muni 2,U11B,,KEN2,
441,5/7/2014,6:30 PM,BYC Concord Muni 2,U11B,,BYC2,
541,5/7/2014,6:30 PM,CVL Evans Elem,U11B,,COV2,
541,5/7/2014,6:30 PM,CVL Evans Elem,U11B,,CVL1,
559,5/7/2014,6:30 PM,GV Great Valley MS,U11B,,COV3,
559,5/7/2014,6:30 PM,GV Great Valley MS,U11B,,GV2,
432,5/7/2014,6:30 PM,KEN Legacy Field B,U11B,,WB1,
432,5/7/2014,6:30 PM,KEN Legacy Field B,U11B,,KEN1,
152,5/7/2014,6:30 PM,LV Eagleview 1,U11A,,KEN,
152,5/7/2014,6:30 PM,LV Eagleview 1,U11A,,LV,
511,5/7/2014,6:30 PM,ST TE Middle Sch 2,U11B,,ABG2,
511,5/7/2014,6:30 PM,ST TE Middle Sch 2,U11B,,ST,
181,5/7/2014,6:30 PM,UNV Upland Country DS,U11A,,WB,
181,5/7/2014,6:30 PM,UNV Upland Country DS,U11A,,UNV,
195,5/7/2014,6:30 PM,WC Kelly Field,U11A,,ASH,
195,5/7/2014,6:30 PM,WC Kelly Field,U11A,,WC1,
63,5/8/2014,6:30 PM,ASH Haverford Upper,U15A,,CVL,
63,5/8/2014,6:30 PM,ASH Haverford Upper,U15A,,ASH,
16,5/8/2014,6:30 PM,AVG Harmony Park,U15A,,LV,
16,5/8/2014,6:30 PM,AVG Harmony Park,U15A,,AVG,
28,5/8/2014,6:30 PM,BYC GVMS Temple,U15A,,ABG,
28,5/8/2014,6:30 PM,BYC GVMS Temple,U15A,,BYC,
312,5/8/2014,6:30 PM,KEN Legacy Field B,U15B,,WC2,
312,5/8/2014,6:30 PM,KEN Legacy Field B,U15B,,KEN,
300,5/8/2014,6:30 PM,ST Wilson Park TEYSA,U15B,,COV,
300,5/8/2014,6:30 PM,ST Wilson Park TEYSA,U15B,,ST,
31,5/8/2014,6:30 PM,WB Downingtown MS,U15A,,WC,
31,5/8/2014,6:30 PM,WB Downingtown MS,U15A,,WB,
10,5/9/2014,6:30 PM,COV Batdorf Park,U15A,,KEN,
10,5/9/2014,6:30 PM,COV Batdorf Park,U15A,,COV,
167,5/10/2014,10:00 AM,ABG Huntingdon Lower S,U11A,,BYC,
167,5/10/2014,10:00 AM,ABG Huntingdon Lower S,U11A,,ABG,
523,5/10/2014,11:45 AM,ABG Huntingdon Lower S,U11B,,COV2,
523,5/10/2014,11:45 AM,ABG Huntingdon Lower S,U11B,,ABG1,
551,5/10/2014,1:30 PM,ABG Huntingdon Lower S,U11B,,BYC1,
551,5/10/2014,1:30 PM,ABG Huntingdon Lower S,U11B,,ABG2,
97,5/10/2014,3:15 PM,ABG Huntingdon Lower S,U13A,,BYC,
97,5/10/2014,3:15 PM,ABG Huntingdon Lower S,U13A,,ABG,
36,5/10/2014,5:00 PM,ABG Huntingdon Lower S,U15A,,WB,
36,5/10/2014,5:00 PM,ABG Huntingdon Lower S,U15A,,ABG,
509,5/10/2014,1:30 PM,ASH Lower Merion HS,U11B,,ST,
509,5/10/2014,1:30 PM,ASH Lower Merion HS,U11B,,ASH,
245,5/10/2014,3:15 PM,ASH Lower Merion HS,U13C,,AVG,
245,5/10/2014,3:15 PM,ASH Lower Merion HS,U13C,,ASH,
154,5/10/2014,5:00 PM,ASH Lower Merion HS,U11A,,KEN,
154,5/10/2014,5:00 PM,ASH Lower Merion HS,U11A,,ASH,
423,5/10/2014,10:00 AM,AVG Avon Grove HS 1,U13B,,GV,
423,5/10/2014,10:00 AM,AVG Avon Grove HS 1,U13B,,AVG,
89,5/10/2014,11:45 AM,AVG Avon Grove HS 1,U13A,,CVL,
89,5/10/2014,11:45 AM,AVG Avon Grove HS 1,U13A,,AVG,
18,5/10/2014,1:30 PM,AVG Avon Grove HS 1,U15A,,ASH,
18,5/10/2014,1:30 PM,AVG Avon Grove HS 1,U15A,,AVG,
448,5/10/2014,10:00 AM,AVG Harmony Park,U11B,,GV2,
448,5/10/2014,10:00 AM,AVG Harmony Park,U11B,,AVG1,
314,5/10/2014,11:45 AM,AVG Harmony Park,U15B,,WB,
314,5/10/2014,11:45 AM,AVG Harmony Park,U15B,,AVG,
407,5/10/2014,11:45 AM,BYC Concord Muni 1,U13B,,COV1,
407,5/10/2014,11:45 AM,BYC Concord Muni 1,U13B,,BYC1,
229,5/10/2014,1:30 PM,BYC Concord Muni 1,U13C,,CVL,
229,5/10/2014,1:30 PM,BYC Concord Muni 1,U13C,,BYC,
30,5/10/2014,3:15 PM,BYC Concord Muni 1,U15A,,CVL,
30,5/10/2014,3:15 PM,BYC Concord Muni 1,U15A,,BYC,
468,5/10/2014,10:00 AM,BYC Concord Muni 2,U11B,,WB2,
468,5/10/2014,10:00 AM,BYC Concord Muni 2,U11B,,BYC3,
44,5/10/2014,1:30 PM,COV Batdorf Park,U15A,,WC,
44,5/10/2014,1:30 PM,COV Batdorf Park,U15A,,COV,
278,5/10/2014,3:15 PM,COV Batdorf Park,U15B,,KEN,
278,5/10/2014,3:15 PM,COV Batdorf Park,U15B,,COV,
531,5/10/2014,5:00 PM,COV Batdorf Park,U11B,,ABG3,
531,5/10/2014,5:00 PM,COV Batdorf Park,U11B,,COV3,
133,5/10/2014,6:30 PM,COV Batdorf Park,U13A,,LV,
133,5/10/2014,6:30 PM,COV Batdorf Park,U13A,,COV,
157,5/10/2014,10:00 AM,CVL Evans Elem,U11A,,AVG,
157,5/10/2014,10:00 AM,CVL Evans Elem,U11A,,CVL,
320,5/10/2014,11:45 AM,CVL Evans Elem,U13B,,ST2,
320,5/10/2014,11:45 AM,CVL Evans Elem,U13B,,CVL,
494,5/10/2014,1:30 PM,CVL Evans Elem,U11B,,LV2,
494,5/10/2014,1:30 PM,CVL Evans Elem,U11B,,CVL1,
465,5/10/2014,12:15 PM,GV Great Valley MS,U11B,,BYC2,
465,5/10/2014,12:15 PM,GV Great Valley MS,U11B,,GV1,
5,5/10/2014,2:00 PM,GV Great Valley MS,U15A,,KEN,
5,5/10/2014,2:00 PM,GV Great Valley MS,U15A,,GV,
184,5/10/2014,3:45 PM,GV Great Valley MS,U11A,,WB,
184,5/10/2014,3:45 PM,GV Great Valley MS,U11A,,GV,
428,5/10/2014,11:45 AM,KEN Kennett HS,U11B,,AVG2,
428,5/10/2014,11:45 AM,KEN Kennett HS,U11B,,KEN1,
561,5/10/2014,1:30 PM,KEN Legacy Field C,U11B,,CVL2,
561,5/10/2014,1:30 PM,KEN Legacy Field C,U11B,,KEN2,
409,5/10/2014,3:15 PM,KEN Legacy Field C,U13B,,ABG,
409,5/10/2014,3:15 PM,KEN Legacy Field C,U13B,,KEN2,
75,5/10/2014,5:00 PM,KEN Legacy Field C,U13A,,ASH,
75,5/10/2014,5:00 PM,KEN Legacy Field C,U13A,,KEN,
52,5/10/2014,1:30 PM,LV Hoeffecker,U15A,,ST,
52,5/10/2014,1:30 PM,LV Hoeffecker,U15A,,LV,
485,5/10/2014,3:15 PM,LV Hoeffecker,U11B,,LV1,
485,5/10/2014,3:15 PM,LV Hoeffecker,U11B,,LV3,
269,5/10/2014,5:00 PM,LV Hoeffecker,U13C,,ST2,
269,5/10/2014,5:00 PM,LV Hoeffecker,U13C,,LV,
410,5/10/2014,10:00 AM,ST TE Middle Sch 2,U13B,,LV2,
410,5/10/2014,10:00 AM,ST TE Middle Sch 2,U13B,,ST1,
179,5/10/2014,11:45 AM,UNV Patton MS 17,U11A,,COV,
179,5/10/2014,11:45 AM,UNV Patton MS 17,U11A,,UNV,
102,5/10/2014,1:30 PM,UNV Patton MS 17,U13A,,GV,
102,5/10/2014,1:30 PM,UNV Patton MS 17,U13A,,UNV,
249,5/10/2014,3:15 PM,UNV Patton MS 17,U13C,,ST1,
249,5/10/2014,3:15 PM,UNV Patton MS 17,U13C,,UNV,
392,5/10/2014,5:00 PM,UNV Patton MS 17,U13B,,BYC2,
392,5/10/2014,5:00 PM,UNV Patton MS 17,U13B,,UNV,
109,5/10/2014,10:00 AM,WB Embreeville,U13A,,WC,
109,5/10/2014,10:00 AM,WB Embreeville,U13A,,WB,
375,5/10/2014,10:00 AM,WC Kelly Field,U13B,,KEN1,
375,5/10/2014,10:00 AM,WC Kelly Field,U13B,,WC3,
479,5/10/2014,11:45 AM,WC Kelly Field,U11B,,WC2,
479,5/10/2014,11:45 AM,WC Kelly Field,U11B,,WC1,
356,5/10/2014,1:30 PM,WC Kelly Field,U13B,,LV1,
356,5/10/2014,1:30 PM,WC Kelly Field,U13B,,WC1,
202,5/10/2014,3:15 PM,WC Kelly Field,U11A,,ST,
202,5/10/2014,3:15 PM,WC Kelly Field,U11A,,WC2,
307,5/10/2014,5:00 PM,WC Kelly Field,U15B,,LV,
307,5/10/2014,5:00 PM,WC Kelly Field,U15B,,WC1,
233,5/12/2014,6:30 PM,ABG Huntingdon Lower S,U13C,,ST2,
233,5/12/2014,6:30 PM,ABG Huntingdon Lower S,U13C,,ABG,
239,5/12/2014,6:30 PM,ASH Lower Merion HS,U13C,,ST1,
239,5/12/2014,6:30 PM,ASH Lower Merion HS,U13C,,ASH,
325,5/12/2014,7:00 PM,COV OJR HS,U13B,,COV2,
325,5/12/2014,7:00 PM,COV OJR HS,U13B,,COV1,
346,5/12/2014,6:30 PM,ST TE Middle Sch 2,U13B,,ST1,
346,5/12/2014,6:30 PM,ST TE Middle Sch 2,U13B,,ST2,
306,5/12/2014,6:30 PM,ST Wilson Park CYL,U15B,,KEN,
306,5/12/2014,6:30 PM,ST Wilson Park CYL,U15B,,ST,
258,5/12/2014,6:30 PM,UNV Patton MS 17,U13C,,LV,
258,5/12/2014,6:30 PM,UNV Patton MS 17,U13C,,UNV,
424,5/12/2014,6:30 PM,WC Kelly Field,U13B,,KEN1,
424,5/12/2014,6:30 PM,WC Kelly Field,U13B,,WC1,
412,5/12/2014,8:00 PM,WC Kelly Field,U13B,,LV1,
412,5/12/2014,8:00 PM,WC Kelly Field,U13B,,WC4,
81,5/13/2014,6:30 PM,AVG Avon Grove HS 1,U13A,,WB,
81,5/13/2014,6:30 PM,AVG Avon Grove HS 1,U13A,,AVG,
400,5/13/2014,6:30 PM,BYC Bethel Spr ES 12,U13B,,AVG,
400,5/13/2014,6:30 PM,BYC Bethel Spr ES 12,U13B,,BYC2,
68,5/13/2014,6:30 PM,BYC GVMS Temple,U13A,,KEN,
68,5/13/2014,6:30 PM,BYC GVMS Temple,U13A,,BYC,
107,5/13/2014,7:00 PM,COV OJR HS,U13A,,UNV,
107,5/13/2014,7:00 PM,COV OJR HS,U13A,,COV,
399,5/13/2014,6:30 PM,KEN Legacy Field B,U13B,,BYC1,
399,5/13/2014,6:30 PM,KEN Legacy Field B,U13B,,KEN2,
134,5/13/2014,6:30 PM,LV Hoeffecker,U13A,,CVL,
134,5/13/2014,6:30 PM,LV Hoeffecker,U13A,,LV,
125,5/13/2014,6:30 PM,ST Wilson Park TEYSA,U13A,,GV,
125,5/13/2014,6:30 PM,ST Wilson Park TEYSA,U13A,,ST,
371,5/13/2014,6:30 PM,WC Kelly Field,U13B,,UNV,
371,5/13/2014,6:30 PM,WC Kelly Field,U13B,,WC3,
121,5/13/2014,8:00 PM,WC Kelly Field,U13A,,ABG,
121,5/13/2014,8:00 PM,WC Kelly Field,U13A,,WC,
527,5/14/2014,6:30 PM,ABG Huntingdon Lower N,U11B,,CVL3,
527,5/14/2014,6:30 PM,ABG Huntingdon Lower N,U11B,,ABG2,
216,5/14/2014,6:30 PM,ASH Lower Merion HS,U11A,,ABG,
216,5/14/2014,6:30 PM,ASH Lower Merion HS,U11A,,ASH,
449,5/14/2014,6:30 PM,AVG Harmony Park,U11B,,AVG1,
449,5/14/2014,6:30 PM,AVG Harmony Park,U11B,,AVG2,
174,5/14/2014,6:30 PM,BYC Concord Muni 2,U11A,,GV,
174,5/14/2014,6:30 PM,BYC Concord Muni 2,U11A,,BYC,
538,5/14/2014,6:30 PM,COV Batdorf Park,U11B,,CVL2,
538,5/14/2014,6:30 PM,COV Batdorf Park,U11B,,COV1,
524,5/14/2014,6:30 PM,CVL Evans Elem,U11B,,ABG1,
524,5/14/2014,6:30 PM,CVL Evans Elem,U11B,,CVL1,
471,5/14/2014,6:30 PM,GV Great Valley MS,U11B,,BYC3,
471,5/14/2014,6:30 PM,GV Great Valley MS,U11B,,GV1,
145,5/14/2014,6:30 PM,KEN Legacy Field B,U11A,,AVG,
145,5/14/2014,6:30 PM,KEN Legacy Field B,U11A,,KEN,
547,5/14/2014,6:30 PM,LV Eagleview 1,U11B,,KEN1,
547,5/14/2014,6:30 PM,LV Eagleview 1,U11B,,LV3,
499,5/14/2014,6:30 PM,ST TE Middle Sch 2,U11B,,LV2,
499,5/14/2014,6:30 PM,ST TE Middle Sch 2,U11B,,ST,
198,5/14/2014,6:30 PM,WC Kelly Field,U11A,,CVL,
198,5/14/2014,6:30 PM,WC Kelly Field,U11A,,WC2,
182,5/14/2014,8:00 PM,WC Kelly Field,U11A,,UNV,
182,5/14/2014,8:00 PM,WC Kelly Field,U11A,,WC1,
556,5/14/2014,6:30 PM,WC Rustin HS Grass,U11B,,ABG3,
556,5/14/2014,6:30 PM,WC Rustin HS Grass,U11B,,WC1,
456,5/14/2014,6:30 PM,WC Rustin HS Stadium,U11B,,BYC1,
456,5/14/2014,6:30 PM,WC Rustin HS Stadium,U11B,,WC2,
27,5/15/2014,6:30 PM,ASH Haverford Upper,U15A,,BYC,
27,5/15/2014,6:30 PM,ASH Haverford Upper,U15A,,ASH,
105,5/15/2014,6:30 PM,ASH Lower Merion HS,U13A,,UNV,
105,5/15/2014,6:30 PM,ASH Lower Merion HS,U13A,,ASH,
38,5/15/2014,6:30 PM,CVL Black Rock 6,U15A,,WB,
38,5/15/2014,6:30 PM,CVL Black Rock 6,U15A,,CVL,
308,5/15/2014,6:30 PM,LV Pine Creek 2,U15B,,WC2,
308,5/15/2014,6:30 PM,LV Pine Creek 2,U15B,,LV,
59,5/15/2014,6:30 PM,ST Wilson Park TEYSA,U15A,,COV,
59,5/15/2014,6:30 PM,ST Wilson Park TEYSA,U15A,,ST,
303,5/15/2014,6:30 PM,WB Downingtown MS,U15B,,COV,
303,5/15/2014,6:30 PM,WB Downingtown MS,U15B,,WB,
360,5/15/2014,6:30 PM,WC Kelly Field,U13B,,WC2,
360,5/15/2014,6:30 PM,WC Kelly Field,U13B,,WC1,
39,5/15/2014,8:00 PM,WC Kelly Field,U15A,,GV,
39,5/15/2014,8:00 PM,WC Kelly Field,U15A,,WC,
519,5/17/2014,11:45 AM,ABG Huntingdon Lower S,U11B,,ASH,
519,5/17/2014,11:45 AM,ABG Huntingdon Lower S,U11B,,ABG2,
333,5/17/2014,1:30 PM,ABG Huntingdon Lower S,U13B,,COV2,
333,5/17/2014,1:30 PM,ABG Huntingdon Lower S,U13B,,ABG,
76,5/17/2014,3:15 PM,ABG Huntingdon Lower S,U13A,,KEN,
76,5/17/2014,3:15 PM,ABG Huntingdon Lower S,U13A,,ABG,
549,5/17/2014,10:00 AM,AVG Avon Grove HS 1,U11B,,LV1,
549,5/17/2014,10:00 AM,AVG Avon Grove HS 1,U11B,,AVG1,
454,5/17/2014,11:45 AM,AVG Avon Grove HS 1,U11B,,WB2,
454,5/17/2014,11:45 AM,AVG Avon Grove HS 1,U11B,,AVG2,
266,5/17/2014,1:30 PM,BYC Concord Muni 1,U13C,,AVG,
266,5/17/2014,1:30 PM,BYC Concord Muni 1,U13C,,BYC,
396,5/17/2014,3:15 PM,BYC Concord Muni 1,U13B,,BYC1,
396,5/17/2014,3:15 PM,BYC Concord Muni 1,U13B,,BYC2,
98,5/17/2014,5:00 PM,BYC Concord Muni 1,U13A,,COV,
98,5/17/2014,5:00 PM,BYC Concord Muni 1,U13A,,BYC,
431,5/17/2014,10:00 AM,BYC Concord Muni 2,U11B,,KEN1,
431,5/17/2014,10:00 AM,BYC Concord Muni 2,U11B,,BYC3,
462,5/17/2014,11:45 AM,BYC Concord Muni 2,U11B,,WC1,
462,5/17/2014,11:45 AM,BYC Concord Muni 2,U11B,,BYC2,
172,5/17/2014,1:30 PM,BYC Concord Muni 2,U11A,,WC1,
172,5/17/2014,1:30 PM,BYC Concord Muni 2,U11A,,BYC,
521,5/17/2014,11:45 AM,COV Batdorf Park,U11B,,ABG1,
521,5/17/2014,11:45 AM,COV Batdorf Park,U11B,,COV1,
540,5/17/2014,1:30 PM,COV Batdorf Park,U11B,,COV3,
540,5/17/2014,1:30 PM,COV Batdorf Park,U11B,,COV2,
217,5/17/2014,3:15 PM,COV Batdorf Park,U11A,,ASH,
217,5/17/2014,3:15 PM,COV Batdorf Park,U11A,,COV,
215,5/17/2014,11:45 AM,CVL Evans Elem,U11A,,ST,
215,5/17/2014,11:45 AM,CVL Evans Elem,U11A,,CVL,
21,5/17/2014,1:30 PM,CVL Evans Elem,U15A,,AVG,
21,5/17/2014,1:30 PM,CVL Evans Elem,U15A,,CVL,
138,5/17/2014,3:15 PM,CVL Evans Elem,U13A,,ST,
138,5/17/2014,3:15 PM,CVL Evans Elem,U13A,,CVL,
163,5/17/2014,12:15 PM,GV Great Valley MS,U11A,,AVG,
163,5/17/2014,12:15 PM,GV Great Valley MS,U11A,,GV,
110,5/17/2014,2:00 PM,GV Great Valley MS,U13A,,WB,
110,5/17/2014,2:00 PM,GV Great Valley MS,U13A,,GV,
472,5/17/2014,3:45 PM,GV Great Valley MS,U11B,,WB1,
472,5/17/2014,3:45 PM,GV Great Valley MS,U11B,,GV2,
315,5/17/2014,10:00 AM,KEN Legacy Field C,U15B,,AVG,
315,5/17/2014,10:00 AM,KEN Legacy Field C,U15B,,KEN,
9,5/17/2014,11:45 AM,KEN Legacy Field C,U15A,,ABG,
9,5/17/2014,11:45 AM,KEN Legacy Field C,U15A,,KEN,
155,5/17/2014,1:30 PM,KEN Legacy Field C,U11A,,ABG,
155,5/17/2014,1:30 PM,KEN Legacy Field C,U11A,,KEN,
440,5/17/2014,3:15 PM,KEN Legacy Field C,U11B,,BYC1,
440,5/17/2014,3:15 PM,KEN Legacy Field C,U11B,,KEN2,
405,5/17/2014,5:00 PM,KEN Legacy Field C,U13B,,KEN2,
405,5/17/2014,5:00 PM,KEN Legacy Field C,U13B,,KEN1,
84,5/17/2014,10:00 AM,LV Hoeffecker,U13A,,AVG,
84,5/17/2014,10:00 AM,LV Hoeffecker,U13A,,LV,
25,5/17/2014,11:45 AM,LV Hoeffecker,U15A,,BYC,
25,5/17/2014,11:45 AM,LV Hoeffecker,U15A,,LV,
506,5/17/2014,1:30 PM,LV Hoeffecker,U11B,,CVL3,
506,5/17/2014,1:30 PM,LV Hoeffecker,U11B,,LV3,
495,5/17/2014,3:15 PM,LV Hoeffecker,U11B,,CVL2,
495,5/17/2014,3:15 PM,LV Hoeffecker,U11B,,LV2,
329,5/17/2014,1:30 PM,ST TE Middle Sch 1,U13B,,COV1,
329,5/17/2014,1:30 PM,ST TE Middle Sch 1,U13B,,ST2,
319,5/17/2014,10:00 AM,ST TE Middle Sch 2,U13B,,CVL,
319,5/17/2014,10:00 AM,ST TE Middle Sch 2,U13B,,ST1,
246,5/17/2014,11:45 AM,ST TE Middle Sch 2,U13C,,ST2,
246,5/17/2014,11:45 AM,ST TE Middle Sch 2,U13C,,ST1,
47,5/17/2014,1:30 PM,ST Wilson Park TEYSA,U15A,,GV,
47,5/17/2014,1:30 PM,ST Wilson Park TEYSA,U15A,,ST,
236,5/17/2014,2:00 PM,UNV Upland Country DS,U13C,,ABG,
236,5/17/2014,2:00 PM,UNV Upland Country DS,U13C,,UNV,
364,5/17/2014,3:45 PM,UNV Upland Country DS,U13B,,LV2,
364,5/17/2014,3:45 PM,UNV Upland Country DS,U13B,,UNV,
183,5/17/2014,10:00 AM,WB Embreeville,U11A,,WC2,
183,5/17/2014,10:00 AM,WB Embreeville,U11A,,WB,
372,5/17/2014,11:45 AM,WB Embreeville,U13B,,WC3,
372,5/17/2014,11:45 AM,WB Embreeville,U13B,,WB,
309,5/17/2014,1:30 PM,WB Embreeville,U15B,,LV,
309,5/17/2014,1:30 PM,WB Embreeville,U15B,,WB,
37,5/17/2014,3:15 PM,WB Embreeville,U15A,,COV,
37,5/17/2014,3:15 PM,WB Embreeville,U15A,,WB,
304,5/17/2014,11:45 AM,WC Henderson HS,U15B,,ST,
304,5/17/2014,11:45 AM,WC Henderson HS,U15B,,WC2,
242,5/17/2014,1:30 PM,WC Kelly Field,U13C,,ASH,
242,5/17/2014,1:30 PM,WC Kelly Field,U13C,,WC,
301,5/17/2014,3:15 PM,WC Kelly Field,U15B,,COV,
301,5/17/2014,3:15 PM,WC Kelly Field,U15B,,WC1,
101,5/17/2014,5:00 PM,WC Kelly Field,U13A,,UNV,
101,5/17/2014,5:00 PM,WC Kelly Field,U13A,,WC,
127,5/18/2014,1:45 PM,ABG Acad New Church,U13A,,GV,
127,5/18/2014,1:45 PM,ABG Acad New Church,U13A,,ABG,
54,5/18/2014,1:45 PM,LV Hoeffecker,U15A,,ABG,
54,5/18/2014,1:45 PM,LV Hoeffecker,U15A,,LV,
251,5/19/2014,6:30 PM,AVG Harmony Park,U13C,,ST1,
251,5/19/2014,6:30 PM,AVG Harmony Park,U13C,,AVG,
414,5/19/2014,6:30 PM,BYC Bethel Spr ES 12,U13B,,WC1,
414,5/19/2014,6:30 PM,BYC Bethel Spr ES 12,U13B,,BYC2,
391,5/19/2014,6:30 PM,BYC GVMS Temple,U13B,,UNV,
391,5/19/2014,6:30 PM,BYC GVMS Temple,U13B,,BYC1,
334,5/19/2014,7:00 PM,COV OJR HS,U13B,,ST1,
334,5/19/2014,7:00 PM,COV OJR HS,U13B,,COV2,
322,5/19/2014,6:30 PM,CVL Mt Kirk,U13B,,GV,
322,5/19/2014,6:30 PM,CVL Mt Kirk,U13B,,CVL,
361,5/19/2014,6:30 PM,LV Lionville MS,U13B,,WC3,
361,5/19/2014,6:30 PM,LV Lionville MS,U13B,,LV2,
252,5/19/2014,6:30 PM,ST TE Middle Sch 1,U13C,,LV,
252,5/19/2014,6:30 PM,ST TE Middle Sch 1,U13C,,ST2,
177,5/19/2014,6:30 PM,UNV Patton MS 17,U11A,,ASH,
177,5/19/2014,6:30 PM,UNV Patton MS 17,U11A,,UNV,
378,5/19/2014,6:30 PM,WB Embreeville,U13B,,WC4,
378,5/19/2014,6:30 PM,WB Embreeville,U13B,,WB,
311,5/19/2014,6:30 PM,WC Kelly Field,U15B,,KEN,
311,5/19/2014,6:30 PM,WC Kelly Field,U15B,,WC1,
267,5/20/2014,6:30 PM,ABG Huntingdon Lower N,U13C,,CVL,
267,5/20/2014,6:30 PM,ABG Huntingdon Lower N,U13C,,ABG,
139,5/20/2014,6:30 PM,ASH Lower Merion HS,U13A,,ABG,
139,5/20/2014,6:30 PM,ASH Lower Merion HS,U13A,,ASH,
403,5/20/2014,6:30 PM,AVG Avon Grove HS 1,U13B,,KEN1,
403,5/20/2014,6:30 PM,AVG Avon Grove HS 1,U13B,,AVG,
244,5/20/2014,6:30 PM,BYC GVMS Temple,U13C,,ASH,
244,5/20/2014,6:30 PM,BYC GVMS Temple,U13C,,BYC,
332,5/20/2014,7:00 PM,COV OJR HS,U13B,,WC2,
332,5/20/2014,7:00 PM,COV OJR HS,U13B,,COV1,
93,5/20/2014,6:30 PM,GV Great Valley MS,U13A,,BYC,
93,5/20/2014,6:30 PM,GV Great Valley MS,U13A,,GV,
351,5/20/2014,6:30 PM,LV Lionville MS,U13B,,ST2,
351,5/20/2014,6:30 PM,LV Lionville MS,U13B,,LV1,
108,5/20/2014,6:30 PM,UNV Patton MS 17,U13A,,CVL,
108,5/20/2014,6:30 PM,UNV Patton MS 17,U13A,,UNV,
111,5/20/2014,6:30 PM,WB Embreeville,U13A,,LV,
111,5/20/2014,6:30 PM,WB Embreeville,U13A,,WB,
261,5/20/2014,6:30 PM,WC Kelly Field,U13C,,UNV,
261,5/20/2014,6:30 PM,WC Kelly Field,U13C,,WC,
119,5/20/2014,8:00 PM,WC Kelly Field,U13A,,ST,
119,5/20/2014,8:00 PM,WC Kelly Field,U13A,,WC,
196,5/21/2014,6:30 PM,ABG Huntingdon Lower N,U11A,,WC1,
196,5/21/2014,6:30 PM,ABG Huntingdon Lower N,U11A,,ABG,
534,5/21/2014,6:30 PM,ABG Huntingdon Lower S,U11B,,CVL3,
534,5/21/2014,6:30 PM,ABG Huntingdon Lower S,U11B,,ABG3,
520,5/21/2014,6:30 PM,ASH Lower Merion HS,U11B,,ABG1,
520,5/21/2014,6:30 PM,ASH Lower Merion HS,U11B,,ASH,
164,5/21/2014,6:30 PM,AVG Harmony Park,U11A,,LV,
164,5/21/2014,6:30 PM,AVG Harmony Park,U11A,,AVG,
429,5/21/2014,6:30 PM,BYC Bethel Spr ES 12,U11B,,KEN1,
429,5/21/2014,6:30 PM,BYC Bethel Spr ES 12,U11B,,BYC1,
451,5/21/2014,6:30 PM,BYC Concord Muni 2,U11B,,AVG2,
451,5/21/2014,6:30 PM,BYC Concord Muni 2,U11B,,BYC2,
221,5/21/2014,7:00 PM,COV OJR HS,U11A,,CVL,
221,5/21/2014,7:00 PM,COV OJR HS,U11A,,COV,
555,5/21/2014,6:30 PM,CVL Evans Elem,U11B,,WB2,
555,5/21/2014,6:30 PM,CVL Evans Elem,U11B,,CVL1,
483,5/21/2014,6:30 PM,GV Great Valley MS,U11B,,GV1,
483,5/21/2014,6:30 PM,GV Great Valley MS,U11B,,GV2,
442,5/21/2014,6:30 PM,KEN Legacy Field B,U11B,,BYC3,
442,5/21/2014,6:30 PM,KEN Legacy Field B,U11B,,KEN2,
502,5/21/2014,6:30 PM,LV Eagleview 1,U11B,,COV1,
502,5/21/2014,6:30 PM,LV Eagleview 1,U11B,,LV3,
484,5/21/2014,6:30 PM,LV Eagleview 2,U11B,,LV2,
484,5/21/2014,6:30 PM,LV Eagleview 2,U11B,,LV1,
508,5/21/2014,6:30 PM,ST TE Middle Sch 1,U11B,,CVL2,
508,5/21/2014,6:30 PM,ST TE Middle Sch 1,U11B,,ST,
207,5/21/2014,6:30 PM,ST TE Middle Sch 2,U11A,,GV,
207,5/21/2014,6:30 PM,ST TE Middle Sch 2,U11A,,ST,
473,5/21/2014,6:30 PM,WB Embreeville,U11B,,WC1,
473,5/21/2014,6:30 PM,WB Embreeville,U11B,,WB1,
447,5/21/2014,6:30 PM,WC Kelly Field,U11B,,AVG1,
447,5/21/2014,6:30 PM,WC Kelly Field,U11B,,WC2,
173,5/21/2014,8:00 PM,WC Kelly Field,U11A,,BYC,
173,5/21/2014,8:00 PM,WC Kelly Field,U11A,,WC2,
58,5/22/2014,6:30 PM,ABG Huntingdon Lower N,U15A,,ST,
58,5/22/2014,6:30 PM,ABG Huntingdon Lower N,U15A,,ABG,
42,5/22/2014,6:30 PM,ASH Haverford Upper,U15A,,WC,
42,5/22/2014,6:30 PM,ASH Haverford Upper,U15A,,ASH,
120,5/22/2014,6:30 PM,ASH Lower Merion HS,U13A,,WC,
120,5/22/2014,6:30 PM,ASH Lower Merion HS,U13A,,ASH,
305,5/22/2014,6:30 PM,AVG Avon Grove HS 1,U15B,,ST,
305,5/22/2014,6:30 PM,AVG Avon Grove HS 1,U15B,,AVG,
22,5/22/2014,6:30 PM,BYC GVMS Temple,U15A,,WB,
22,5/22/2014,6:30 PM,BYC GVMS Temple,U15A,,BYC,
302,5/22/2014,6:30 PM,COV Batdorf Park,U15B,,LV,
302,5/22/2014,6:30 PM,COV Batdorf Park,U15B,,COV,
55,5/22/2014,7:00 PM,COV OJR HS,U15A,,LV,
55,5/22/2014,7:00 PM,COV OJR HS,U15A,,COV,
51,5/22/2014,6:30 PM,CVL Mt Kirk,U15A,,GV,
51,5/22/2014,6:30 PM,CVL Mt Kirk,U15A,,CVL,
1,5/22/2014,6:30 PM,KEN Legacy Field B,U15A,,AVG,
1,5/22/2014,6:30 PM,KEN Legacy Field B,U15A,,KEN,
210,5/22/2014,6:30 PM,LV Eagleview 1,U11A,,LV,
210,5/22/2014,6:30 PM,LV Eagleview 1,U11A,,COV,
313,5/22/2014,6:30 PM,WB Downingtown MS,U15B,,WC2,
313,5/22/2014,6:30 PM,WB Downingtown MS,U15B,,WB,
