game,date,time,field,bracket,round,team,SCORE
510,3/29/2014,11:45 AM,ABG Huntingdon Lower S,ST,,ST,
510,3/29/2014,11:45 AM,ABG Huntingdon Lower S,ABG1,,ABG1,
231,3/29/2014,1:30 PM,ABG Huntingdon Lower S,ASH,,ASH,
231,3/29/2014,1:30 PM,ABG Huntingdon Lower S,ABG,,ABG,
142,3/29/2014,3:15 PM,ABG Huntingdon Lower S,COV,,COV,
142,3/29/2014,3:15 PM,ABG Huntingdon Lower S,ABG,,ABG,
49,3/29/2014,5:00 PM,ABG Huntingdon Lower S,GV,,GV,
49,3/29/2014,5:00 PM,ABG Huntingdon Lower S,ABG,,ABG,
487,3/29/2014,10:00 AM,ASH Lower Merion HS,LV1,,LV1,
487,3/29/2014,10:00 AM,ASH Lower Merion HS,ASH,,ASH,
201,3/29/2014,11:45 AM,ASH Lower Merion HS,WC2,,WC2,
201,3/29/2014,11:45 AM,ASH Lower Merion HS,ASH,,ASH,
85,3/29/2014,9:00 AM,AVG Avon Grove HS 1,ST,,ST,
85,3/29/2014,9:00 AM,AVG Avon Grove HS 1,AVG,,AVG,
158,3/29/2014,10:30 AM,AVG Avon Grove HS 1,BYC,,BYC,
158,3/29/2014,10:30 AM,AVG Avon Grove HS 1,AVG,,AVG,
12,3/29/2014,3:00 PM,AVG Avon Grove HS 1,BYC,,BYC,
12,3/29/2014,3:00 PM,AVG Avon Grove HS 1,AVG,,AVG,
295,3/29/2014,5:00 PM,AVG Avon Grove HS 1,WC2,,WC2,
295,3/29/2014,5:00 PM,AVG Avon Grove HS 1,AVG,,AVG,
62,3/29/2014,1:30 PM,COV OJR HS,ASH,,ASH,
62,3/29/2014,1:30 PM,COV OJR HS,COV,,COV,
317,3/29/2014,3:15 PM,COV OJR HS,CVL,,CVL,
317,3/29/2014,3:15 PM,COV OJR HS,COV2,,COV2,
272,3/29/2014,5:00 PM,COV OJR HS,ST,,ST,
272,3/29/2014,5:00 PM,COV OJR HS,COV,,COV,
328,3/29/2014,6:45 PM,COV OJR HS,LV1,,LV1,
328,3/29/2014,6:45 PM,COV OJR HS,COV1,,COV1,
226,3/29/2014,10:00 AM,CVL Evans Elem,LV,,LV,
226,3/29/2014,10:00 AM,CVL Evans Elem,CVL,,CVL,
544,3/29/2014,11:45 AM,CVL Evans Elem,CVL1,,CVL1,
544,3/29/2014,11:45 AM,CVL Evans Elem,CVL2,,CVL2,
180,3/29/2014,1:30 PM,CVL Evans Elem,UNV,,UNV,
180,3/29/2014,1:30 PM,CVL Evans Elem,CVL,,CVL,
496,3/29/2014,3:15 PM,CVL Evans Elem,LV2,,LV2,
496,3/29/2014,3:15 PM,CVL Evans Elem,CVL3,,CVL3,
124,3/29/2014,12:15 PM,GV Great Valley MS,LV,,LV,
124,3/29/2014,12:15 PM,GV Great Valley MS,GV,,GV,
206,3/29/2014,2:00 PM,GV Great Valley MS,LV,,LV,
206,3/29/2014,2:00 PM,GV Great Valley MS,GV,,GV,
344,3/29/2014,3:45 PM,GV Great Valley MS,ABG,,ABG,
344,3/29/2014,3:45 PM,GV Great Valley MS,GV,,GV,
298,3/29/2014,11:45 AM,KEN Kennett HS,WB,,WB,
298,3/29/2014,11:45 AM,KEN Kennett HS,KEN,,KEN,
368,3/29/2014,1:30 PM,KEN Legacy Field C,LV2,,LV2,
368,3/29/2014,1:30 PM,KEN Legacy Field C,KEN1,,KEN1,
149,3/29/2014,3:15 PM,KEN Legacy Field C,WC1,,WC1,
149,3/29/2014,3:15 PM,KEN Legacy Field C,KEN,,KEN,
434,3/29/2014,5:00 PM,KEN Legacy Field C,WC1,,WC1,
434,3/29/2014,5:00 PM,KEN Legacy Field C,KEN1,,KEN1,
285,3/29/2014,3:15 PM,LV Hoeffecker,WC1,,WC1,
285,3/29/2014,3:15 PM,LV Hoeffecker,LV,,LV,
6,3/29/2014,5:00 PM,LV Hoeffecker,KEN,,KEN,
6,3/29/2014,5:00 PM,LV Hoeffecker,LV,,LV,
385,3/29/2014,2:00 PM,UNV Upland Country DS,WB,,WB,
385,3/29/2014,2:00 PM,UNV Upland Country DS,UNV,,UNV,
100,3/29/2014,3:45 PM,UNV Upland Country DS,WB,,WB,
100,3/29/2014,3:45 PM,UNV Upland Country DS,UNV,,UNV,
463,3/29/2014,10:00 AM,WB Embreeville,BYC2,,BYC2,
463,3/29/2014,10:00 AM,WB Embreeville,WB2,,WB2,
467,3/29/2014,11:45 AM,WB Embreeville,BYC3,,BYC3,
467,3/29/2014,11:45 AM,WB Embreeville,WB1,,WB1,
187,3/29/2014,1:30 PM,WB Embreeville,ABG,,ABG,
187,3/29/2014,1:30 PM,WB Embreeville,WB,,WB,
482,3/29/2014,12:15 PM,WC Henderson HS,GV1,,GV1,
482,3/29/2014,12:15 PM,WC Henderson HS,WC2,,WC2,
253,3/29/2014,2:00 PM,WC Henderson HS,ST2,,ST2,
253,3/29/2014,2:00 PM,WC Henderson HS,WC,,WC,
382,3/29/2014,1:30 PM,WC Kelly Field,AVG,,AVG,
382,3/29/2014,1:30 PM,WC Kelly Field,WC4,,WC4,
123,3/29/2014,3:15 PM,WC Kelly Field,CVL,,CVL,
123,3/29/2014,3:15 PM,WC Kelly Field,WC,,WC,
41,3/29/2014,5:00 PM,WC Kelly Field,ST,,ST,
41,3/29/2014,5:00 PM,WC Kelly Field,WC,,WC,
343,3/30/2014,1:45 PM,ABG Acad New Church,WC1,,WC1,
343,3/30/2014,1:45 PM,ABG Acad New Church,ABG,,ABG,
374,3/30/2014,12:00 PM,BYC Garnet Valley HS,WC3,,WC3,
374,3/30/2014,12:00 PM,BYC Garnet Valley HS,BYC1,,BYC1,
450,3/30/2014,1:45 PM,BYC Garnet Valley HS,AVG2,,AVG2,
450,3/30/2014,1:45 PM,BYC Garnet Valley HS,BYC1,,BYC1,
507,3/30/2014,1:30 PM,COV OJR HS,LV3,,LV3,
507,3/30/2014,1:30 PM,COV OJR HS,COV3,,COV3,
535,3/30/2014,3:15 PM,COV OJR HS,COV2,,COV2,
535,3/30/2014,3:15 PM,COV OJR HS,COV1,,COV1,
223,3/31/2014,6:15 PM,ASH Lower Merion HS,CVL,,CVL,
223,3/31/2014,6:15 PM,ASH Lower Merion HS,ASH,,ASH,
348,3/31/2014,6:15 PM,GV Great Valley MS,ST1,,ST1,
348,3/31/2014,6:15 PM,GV Great Valley MS,GV,,GV,
336,3/31/2014,6:15 PM,LV Lionville MS,COV2,,COV2,
336,3/31/2014,6:15 PM,LV Lionville MS,LV1,,LV1,
234,3/31/2014,6:15 PM,LV Pine Creek 1,ABG,,ABG,
234,3/31/2014,6:15 PM,LV Pine Creek 1,LV,,LV,
248,3/31/2014,6:15 PM,ST TE Middle Sch 2,WC,,WC,
248,3/31/2014,6:15 PM,ST TE Middle Sch 2,ST1,,ST1,
297,3/31/2014,6:15 PM,WB Downingtown MS,AVG,,AVG,
297,3/31/2014,6:15 PM,WB Downingtown MS,WB,,WB,
387,3/31/2014,6:15 PM,WB Embreeville,BYC2,,BYC2,
387,3/31/2014,6:15 PM,WB Embreeville,WB,,WB,
354,3/31/2014,6:15 PM,WC Kelly Field,ST2,,ST2,
354,3/31/2014,6:15 PM,WC Kelly Field,WC2,,WC2,
376,4/1/2014,6:15 PM,AVG Avon Grove HS 1,WC3,,WC3,
376,4/1/2014,6:15 PM,AVG Avon Grove HS 1,AVG,,AVG,
83,4/1/2014,6:15 PM,AVG Harmony Park,GV,,GV,
83,4/1/2014,6:15 PM,AVG Harmony Park,AVG,,AVG,
92,4/1/2014,6:15 PM,BYC GVMS Temple,WC,,WC,
92,4/1/2014,6:15 PM,BYC GVMS Temple,BYC,,BYC,
73,4/1/2014,6:15 PM,KEN Legacy Field B,LV,,LV,
73,4/1/2014,6:15 PM,KEN Legacy Field B,KEN,,KEN,
369,4/1/2014,6:15 PM,LV Lionville MS,KEN2,,KEN2,
369,4/1/2014,6:15 PM,LV Lionville MS,LV2,,LV2,
104,4/1/2014,6:15 PM,UNV Patton MS 17,ST,,ST,
104,4/1/2014,6:15 PM,UNV Patton MS 17,UNV,,UNV,
380,4/1/2014,6:15 PM,WC Rustin HS Grass,BYC1,,BYC1,
380,4/1/2014,6:15 PM,WC Rustin HS Grass,WC4,,WC4,
522,4/2/2014,6:15 PM,ABG Huntingdon Lower N,ABG3,,ABG3,
522,4/2/2014,6:15 PM,ABG Huntingdon Lower N,ABG1,,ABG1,
452,4/2/2014,6:15 PM,AVG Harmony Park,BYC3,,BYC3,
452,4/2/2014,6:15 PM,AVG Harmony Park,AVG2,,AVG2,
466,4/2/2014,6:15 PM,BYC Bethel Spr ES 12,GV2,,GV2,
466,4/2/2014,6:15 PM,BYC Bethel Spr ES 12,BYC2,,BYC2,
461,4/2/2014,6:15 PM,BYC Concord Muni 2,WB1,,WB1,
461,4/2/2014,6:15 PM,BYC Concord Muni 2,BYC1,,BYC1,
526,4/2/2014,6:15 PM,CVL Evans Elem,ABG2,,ABG2,
526,4/2/2014,6:15 PM,CVL Evans Elem,CVL2,,CVL2,
147,4/2/2014,6:15 PM,KEN Legacy Field B,UNV,,UNV,
147,4/2/2014,6:15 PM,KEN Legacy Field B,KEN,,KEN,
492,4/2/2014,6:15 PM,LV Eagleview 1,COV2,,COV2,
492,4/2/2014,6:15 PM,LV Eagleview 1,LV1,,LV1,
209,4/2/2014,6:15 PM,LV Eagleview 2,ABG,,ABG,
209,4/2/2014,6:15 PM,LV Eagleview 2,LV,,LV,
165,4/2/2014,6:15 PM,ST TE Middle Sch 1,AVG,,AVG,
165,4/2/2014,6:15 PM,ST TE Middle Sch 1,ST,,ST,
548,4/2/2014,6:15 PM,ST TE Middle Sch 2,KEN2,,KEN2,
548,4/2/2014,6:15 PM,ST TE Middle Sch 2,ST,,ST,
171,4/2/2014,6:15 PM,WB Embreeville,BYC,,BYC,
171,4/2/2014,6:15 PM,WB Embreeville,WB,,WB,
445,4/2/2014,6:15 PM,WC Kelly Field,AVG1,,AVG1,
445,4/2/2014,6:15 PM,WC Kelly Field,WC1,,WC1,
190,4/2/2014,7:45 PM,WC Kelly Field,WC1,,WC1,
190,4/2/2014,7:45 PM,WC Kelly Field,COV,,COV,
2,4/3/2014,6:15 PM,BYC GVMS Temple,KEN,,KEN,
2,4/3/2014,6:15 PM,BYC GVMS Temple,BYC,,BYC,
140,4/3/2014,7:00 PM,COV OJR HS,ASH,,ASH,
140,4/3/2014,7:00 PM,COV OJR HS,COV,,COV,
50,4/3/2014,6:15 PM,GV Great Valley MS,COV,,COV,
50,4/3/2014,6:15 PM,GV Great Valley MS,GV,,GV,
40,4/3/2014,6:15 PM,LV Hoeffecker,WC,,WC,
40,4/3/2014,6:15 PM,LV Hoeffecker,LV,,LV,
279,4/3/2014,6:15 PM,ST Wilson Park CYL,LV,,LV,
279,4/3/2014,6:15 PM,ST Wilson Park CYL,ST,,ST,
57,4/3/2014,6:15 PM,ST Wilson Park TEYSA,ASH,,ASH,
57,4/3/2014,6:15 PM,ST Wilson Park TEYSA,ST,,ST,
13,4/3/2014,6:15 PM,WB Downingtown MS,AVG,,AVG,
13,4/3/2014,6:15 PM,WB Downingtown MS,WB,,WB,
296,4/3/2014,6:15 PM,WC Rustin HS Grass,KEN,,KEN,
296,4/3/2014,6:15 PM,WC Rustin HS Grass,WC2,,WC2,
274,4/3/2014,6:15 PM,WC Rustin HS Stadium,WC1,,WC1,
274,4/3/2014,6:15 PM,WC Rustin HS Stadium,COV,,COV,
114,4/4/2014,6:15 PM,ABG Huntingdon Lower S,WB,,WB,
114,4/4/2014,6:15 PM,ABG Huntingdon Lower S,ABG,,ABG,
512,4/5/2014,3:15 PM,ABG Huntingdon Lower S,ST,,ST,
512,4/5/2014,3:15 PM,ABG Huntingdon Lower S,ABG3,,ABG3,
218,4/5/2014,1:30 PM,ASH Lower Merion HS,CVL,,CVL,
218,4/5/2014,1:30 PM,ASH Lower Merion HS,ASH,,ASH,
19,4/5/2014,5:00 PM,AVG Avon Grove HS 1,AVG,,AVG,
19,4/5/2014,5:00 PM,AVG Avon Grove HS 1,ABG,,ABG,
7,4/5/2014,3:00 PM,AVG Avon Grove HS 2,ST,,ST,
7,4/5/2014,3:00 PM,AVG Avon Grove HS 2,KEN,,KEN,
29,4/5/2014,5:00 PM,AVG Avon Grove HS 2,BYC,,BYC,
29,4/5/2014,5:00 PM,AVG Avon Grove HS 2,COV,,COV,
393,4/5/2014,10:00 AM,AVG Harmony Park,UNV,,UNV,
393,4/5/2014,10:00 AM,AVG Harmony Park,AVG,,AVG,
265,4/5/2014,11:45 AM,AVG Harmony Park,UNV,,UNV,
265,4/5/2014,11:45 AM,AVG Harmony Park,AVG,,AVG,
427,4/5/2014,1:30 PM,AVG Harmony Park,KEN1,,KEN1,
427,4/5/2014,1:30 PM,AVG Harmony Park,AVG1,,AVG1,
459,4/5/2014,10:00 AM,BYC Concord Muni 2,BYC2,,BYC2,
459,4/5/2014,10:00 AM,BYC Concord Muni 2,BYC1,,BYC1,
553,4/5/2014,11:45 AM,BYC Concord Muni 2,ASH,,ASH,
553,4/5/2014,11:45 AM,BYC Concord Muni 2,BYC3,,BYC3,
536,4/5/2014,10:00 AM,COV Batdorf Park,COV3,,COV3,
536,4/5/2014,10:00 AM,COV Batdorf Park,COV1,,COV1,
169,4/5/2014,11:45 AM,COV Batdorf Park,BYC,,BYC,
169,4/5/2014,11:45 AM,COV Batdorf Park,COV,,COV,
88,4/5/2014,1:30 PM,COV Batdorf Park,AVG,,AVG,
88,4/5/2014,1:30 PM,COV Batdorf Park,COV,,COV,
539,4/5/2014,10:00 AM,CVL Evans Elem,COV2,,COV2,
539,4/5/2014,10:00 AM,CVL Evans Elem,CVL3,,CVL3,
324,4/5/2014,11:45 AM,CVL Evans Elem,WC2,,WC2,
324,4/5/2014,11:45 AM,CVL Evans Elem,CVL,,CVL,
331,4/5/2014,12:15 PM,GV Great Valley MS,COV1,,COV1,
331,4/5/2014,12:15 PM,GV Great Valley MS,GV,,GV,
72,4/5/2014,2:00 PM,GV Great Valley MS,KEN,,KEN,
72,4/5/2014,2:00 PM,GV Great Valley MS,GV,,GV,
48,4/5/2014,3:45 PM,GV Great Valley MS,ASH,,ASH,
48,4/5/2014,3:45 PM,GV Great Valley MS,GV,,GV,
435,4/5/2014,11:45 AM,KEN Kennett HS,WC2,,WC2,
435,4/5/2014,11:45 AM,KEN Kennett HS,KEN2,,KEN2,
401,4/5/2014,10:00 AM,KEN Legacy Field C,BYC2,,BYC2,
401,4/5/2014,10:00 AM,KEN Legacy Field C,KEN1,,KEN1,
118,4/5/2014,10:00 AM,LV Hoeffecker,WC,,WC,
118,4/5/2014,10:00 AM,LV Hoeffecker,LV,,LV,
488,4/5/2014,11:45 AM,LV Hoeffecker,ABG1,,ABG1,
488,4/5/2014,11:45 AM,LV Hoeffecker,LV1,,LV1,
500,4/5/2014,1:30 PM,LV Hoeffecker,ABG2,,ABG2,
500,4/5/2014,1:30 PM,LV Hoeffecker,LV2,,LV2,
365,4/5/2014,3:15 PM,LV Hoeffecker,BYC1,,BYC1,
365,4/5/2014,3:15 PM,LV Hoeffecker,LV2,,LV2,
504,4/5/2014,5:00 PM,LV Hoeffecker,CVL1,,CVL1,
504,4/5/2014,5:00 PM,LV Hoeffecker,LV3,,LV3,
273,4/5/2014,10:00 AM,LV Pine Creek 2,COV,,COV,
273,4/5/2014,10:00 AM,LV Pine Creek 2,LV,,LV,
259,4/5/2014,11:45 AM,LV Pine Creek 2,BYC,,BYC,
259,4/5/2014,11:45 AM,LV Pine Creek 2,LV,,LV,
411,4/5/2014,1:30 PM,ST TE Middle Sch 2,WC3,,WC3,
411,4/5/2014,1:30 PM,ST TE Middle Sch 2,ST2,,ST2,
347,4/5/2014,3:15 PM,ST TE Middle Sch 2,LV1,,LV1,
347,4/5/2014,3:15 PM,ST TE Middle Sch 2,ST1,,ST1,
95,4/5/2014,5:00 PM,ST Wilson Park CYL,BYC,,BYC,
95,4/5/2014,5:00 PM,ST Wilson Park CYL,ST,,ST,
175,4/5/2014,3:45 PM,UNV Upland Country DS,LV,,LV,
175,4/5/2014,3:45 PM,UNV Upland Country DS,UNV,,UNV,
185,4/5/2014,1:30 PM,WB Embreeville,ST,,ST,
185,4/5/2014,1:30 PM,WB Embreeville,WB,,WB,
476,4/5/2014,3:15 PM,WB Embreeville,GV1,,GV1,
476,4/5/2014,3:15 PM,WB Embreeville,WB2,,WB2,
33,4/5/2014,5:00 PM,WB Embreeville,LV,,LV,
33,4/5/2014,5:00 PM,WB Embreeville,WB,,WB,
45,4/5/2014,10:00 AM,WC Henderson HS,CVL,,CVL,
45,4/5/2014,10:00 AM,WC Henderson HS,WC,,WC,
294,4/5/2014,11:45 AM,WC Henderson HS,WB,,WB,
294,4/5/2014,11:45 AM,WC Henderson HS,WC2,,WC2,
191,4/5/2014,11:45 AM,WC Kelly Field,WC2,,WC2,
191,4/5/2014,11:45 AM,WC Kelly Field,WC1,,WC1,
455,4/5/2014,1:30 PM,WC Kelly Field,AVG2,,AVG2,
455,4/5/2014,1:30 PM,WC Kelly Field,WC1,,WC1,
338,4/5/2014,3:15 PM,WC Kelly Field,COV2,,COV2,
338,4/5/2014,3:15 PM,WC Kelly Field,WC1,,WC1,
384,4/5/2014,5:00 PM,WC Kelly Field,KEN2,,KEN2,
384,4/5/2014,5:00 PM,WC Kelly Field,WC4,,WC4,
280,4/5/2014,1:30 PM,WC Rustin HS Grass,ST,,ST,
280,4/5/2014,1:30 PM,WC Rustin HS Grass,WC1,,WC1,
227,4/5/2014,3:15 PM,WC Rustin HS Grass,CVL,,CVL,
227,4/5/2014,3:15 PM,WC Rustin HS Grass,WC,,WC,
366,4/7/2014,6:15 PM,BYC GVMS Temple,LV2,,LV2,
366,4/7/2014,6:15 PM,BYC GVMS Temple,BYC2,,BYC2,
418,4/7/2014,6:15 PM,COV Batdorf Park,WC4,,WC4,
418,4/7/2014,6:15 PM,COV Batdorf Park,COV2,,COV2,
318,4/7/2014,6:15 PM,CVL Black Rock 6,ABG,,ABG,
318,4/7/2014,6:15 PM,CVL Black Rock 6,CVL,,CVL,
293,4/7/2014,6:15 PM,KEN Kennett HS,WC1,,WC1,
293,4/7/2014,6:15 PM,KEN Kennett HS,KEN,,KEN,
395,4/7/2014,6:15 PM,KEN Kennett MS,UNV,,UNV,
395,4/7/2014,6:15 PM,KEN Kennett MS,KEN2,,KEN2,
357,4/7/2014,6:15 PM,LV Lionville MS,WC2,,WC2,
357,4/7/2014,6:15 PM,LV Lionville MS,LV1,,LV1,
225,4/7/2014,6:15 PM,ST TE Middle Sch 1,CVL,,CVL,
225,4/7/2014,6:15 PM,ST TE Middle Sch 1,ST2,,ST2,
353,4/7/2014,6:15 PM,ST TE Middle Sch 2,GV,,GV,
353,4/7/2014,6:15 PM,ST TE Middle Sch 2,ST2,,ST2,
282,4/7/2014,6:15 PM,WB Downingtown MS,ST,,ST,
282,4/7/2014,6:15 PM,WB Downingtown MS,WB,,WB,
417,4/7/2014,6:15 PM,WC Kelly Field,COV1,,COV1,
417,4/7/2014,6:15 PM,WC Kelly Field,WC3,,WC3,
275,4/7/2014,7:45 PM,WC Kelly Field,COV,,COV,
275,4/7/2014,7:45 PM,WC Kelly Field,WC2,,WC2,
131,4/8/2014,6:15 PM,ASH Lower Merion HS,LV,,LV,
131,4/8/2014,6:15 PM,ASH Lower Merion HS,ASH,,ASH,
398,4/8/2014,6:15 PM,BYC Bethel Spr ES 12,AVG,,AVG,
398,4/8/2014,6:15 PM,BYC Bethel Spr ES 12,BYC1,,BYC1,
90,4/8/2014,6:15 PM,BYC GVMS Temple,UNV,,UNV,
90,4/8/2014,6:15 PM,BYC GVMS Temple,BYC,,BYC,
122,4/8/2014,7:00 PM,COV OJR HS,WC,,WC,
122,4/8/2014,7:00 PM,COV OJR HS,COV,,COV,
143,4/8/2014,6:15 PM,CVL Mt Kirk,ABG,,ABG,
143,4/8/2014,6:15 PM,CVL Mt Kirk,CVL,,CVL,
15,4/8/2014,6:15 PM,GV Great Valley MS,AVG,,AVG,
15,4/8/2014,6:15 PM,GV Great Valley MS,GV,,GV,
67,4/8/2014,6:15 PM,KEN Legacy Field B,AVG,,AVG,
67,4/8/2014,6:15 PM,KEN Legacy Field B,KEN,,KEN,
53,4/8/2014,6:15 PM,LV Hoeffecker,ASH,,ASH,
53,4/8/2014,6:15 PM,LV Hoeffecker,LV,,LV,
257,4/8/2014,6:15 PM,LV Pine Creek 2,WC,,WC,
257,4/8/2014,6:15 PM,LV Pine Creek 2,LV,,LV,
349,4/8/2014,6:15 PM,ST TE Middle Sch 1,WC1,,WC1,
349,4/8/2014,6:15 PM,ST TE Middle Sch 1,ST1,,ST1,
232,4/8/2014,6:15 PM,ST TE Middle Sch 2,ABG,,ABG,
232,4/8/2014,6:15 PM,ST TE Middle Sch 2,ST1,,ST1,
112,4/8/2014,6:15 PM,ST Wilson Park TEYSA,WB,,WB,
112,4/8/2014,6:15 PM,ST Wilson Park TEYSA,ST,,ST,
264,4/8/2014,6:15 PM,UNV Patton MS 17,BYC,,BYC,
264,4/8/2014,6:15 PM,UNV Patton MS 17,UNV,,UNV,
388,4/8/2014,6:15 PM,WB Embreeville,KEN1,,KEN1,
388,4/8/2014,6:15 PM,WB Embreeville,WB,,WB,
501,4/9/2014,6:15 PM,ABG Huntingdon Lower N,LV3,,LV3,
501,4/9/2014,6:15 PM,ABG Huntingdon Lower N,ABG1,,ABG1,
489,4/9/2014,6:15 PM,ABG Huntingdon Lower S,LV1,,LV1,
489,4/9/2014,6:15 PM,ABG Huntingdon Lower S,ABG2,,ABG2,
516,4/9/2014,6:15 PM,ASH Lower Merion HS,CVL1,,CVL1,
516,4/9/2014,6:15 PM,ASH Lower Merion HS,ASH,,ASH,
444,4/9/2014,6:15 PM,AVG Harmony Park,WB2,,WB2,
444,4/9/2014,6:15 PM,AVG Harmony Park,AVG1,,AVG1,
166,4/9/2014,6:15 PM,BYC Concord Muni 2,ASH,,ASH,
166,4/9/2014,6:15 PM,BYC Concord Muni 2,BYC,,BYC,
543,4/9/2014,6:15 PM,COV Batdorf Park,CVL3,,CVL3,
543,4/9/2014,6:15 PM,COV Batdorf Park,COV3,,COV3,
203,4/9/2014,7:00 PM,COV OJR HS,GV,,GV,
203,4/9/2014,7:00 PM,COV OJR HS,COV,,COV,
558,4/9/2014,6:15 PM,GV Great Valley MS,COV1,,COV1,
558,4/9/2014,6:15 PM,GV Great Valley MS,GV1,,GV1,
560,4/9/2014,6:15 PM,KEN Legacy Field B,GV2,,GV2,
560,4/9/2014,6:15 PM,KEN Legacy Field B,KEN1,,KEN1,
211,4/9/2014,6:15 PM,LV Eagleview 2,CVL,,CVL,
211,4/9/2014,6:15 PM,LV Eagleview 2,LV,,LV,
176,4/9/2014,6:15 PM,ST TE Middle Sch 1,UNV,,UNV,
176,4/9/2014,6:15 PM,ST TE Middle Sch 1,ST,,ST,
148,4/9/2014,6:15 PM,WB Embreeville,KEN,,KEN,
148,4/9/2014,6:15 PM,WB Embreeville,WB,,WB,
469,4/9/2014,6:15 PM,WC Kelly Field,BYC3,,BYC3,
469,4/9/2014,6:15 PM,WC Kelly Field,WC1,,WC1,
288,4/10/2014,6:15 PM,AVG Harmony Park,LV,,LV,
288,4/10/2014,6:15 PM,AVG Harmony Park,AVG,,AVG,
96,4/10/2014,6:15 PM,BYC GVMS Temple,ASH,,ASH,
96,4/10/2014,6:15 PM,BYC GVMS Temple,BYC,,BYC,
60,4/10/2014,6:15 PM,CVL Mt Kirk,ST,,ST,
60,4/10/2014,6:15 PM,CVL Mt Kirk,CVL,,CVL,
3,4/10/2014,6:15 PM,KEN Legacy Field B,WB,,WB,
3,4/10/2014,6:15 PM,KEN Legacy Field B,KEN,,KEN,
43,4/10/2014,6:15 PM,WC Kelly Field,ABG,,ABG,
43,4/10/2014,6:15 PM,WC Kelly Field,WC,,WC,
532,4/12/2014,11:45 AM,ABG Huntingdon Lower N,CVL1,,CVL1,
532,4/12/2014,11:45 AM,ABG Huntingdon Lower N,ABG3,,ABG3,
219,4/12/2014,1:30 PM,ABG Huntingdon Lower S,COV,,COV,
219,4/12/2014,1:30 PM,ABG Huntingdon Lower S,ABG,,ABG,
299,4/12/2014,10:00 AM,AVG Harmony Park,KEN,,KEN,
299,4/12/2014,10:00 AM,AVG Harmony Park,AVG,,AVG,
330,4/12/2014,1:30 PM,COV OJR HS,WC1,,WC1,
330,4/12/2014,1:30 PM,COV OJR HS,COV1,,COV1,
514,4/12/2014,3:15 PM,COV OJR HS,ST,,ST,
514,4/12/2014,3:15 PM,COV OJR HS,COV2,,COV2,
557,4/12/2014,11:45 AM,CVL Evans Elem,WC2,,WC2,
557,4/12/2014,11:45 AM,CVL Evans Elem,CVL3,,CVL3,
224,4/12/2014,1:30 PM,CVL Evans Elem,ST1,,ST1,
224,4/12/2014,1:30 PM,CVL Evans Elem,CVL,,CVL,
517,4/12/2014,3:15 PM,CVL Evans Elem,ASH,,ASH,
517,4/12/2014,3:15 PM,CVL Evans Elem,CVL2,,CVL2,
129,4/12/2014,5:00 PM,CVL Evans Elem,GV,,GV,
129,4/12/2014,5:00 PM,CVL Evans Elem,CVL,,CVL,
477,4/12/2014,12:15 PM,GV Great Valley MS,WB2,,WB2,
477,4/12/2014,12:15 PM,GV Great Valley MS,GV2,,GV2,
436,4/12/2014,2:00 PM,GV Great Valley MS,KEN2,,KEN2,
436,4/12/2014,2:00 PM,GV Great Valley MS,GV1,,GV1,
11,4/12/2014,11:45 AM,KEN Kennett HS,CVL,,CVL,
11,4/12/2014,11:45 AM,KEN Kennett HS,KEN,,KEN,
493,4/12/2014,10:00 AM,LV Eagleview 2,COV3,,COV3,
493,4/12/2014,10:00 AM,LV Eagleview 2,LV2,,LV2,
406,4/12/2014,1:30 PM,UNV Patton MS 17,CVL,,CVL,
406,4/12/2014,1:30 PM,UNV Patton MS 17,UNV,,UNV,
189,4/12/2014,10:00 AM,WB Embreeville,CVL,,CVL,
189,4/12/2014,10:00 AM,WB Embreeville,WB,,WB,
453,4/12/2014,11:45 AM,WB Embreeville,AVG2,,AVG2,
453,4/12/2014,11:45 AM,WB Embreeville,WB1,,WB1,
390,4/12/2014,1:30 PM,WB Embreeville,KEN2,,KEN2,
390,4/12/2014,1:30 PM,WB Embreeville,WB,,WB,
70,4/12/2014,3:15 PM,WB Embreeville,KEN,,KEN,
70,4/12/2014,3:15 PM,WB Embreeville,WB,,WB,
359,4/12/2014,11:45 AM,WC Kelly Field,GV,,GV,
359,4/12/2014,11:45 AM,WC Kelly Field,WC2,,WC2,
200,4/12/2014,1:30 PM,WC Kelly Field,GV,,GV,
200,4/12/2014,1:30 PM,WC Kelly Field,WC2,,WC2,
263,4/12/2014,3:15 PM,WC Kelly Field,AVG,,AVG,
263,4/12/2014,3:15 PM,WC Kelly Field,WC,,WC,
193,4/14/2014,6:30 PM,WC Kelly Field,LV,,LV,
193,4/14/2014,6:30 PM,WC Kelly Field,WC1,,WC1,
243,4/21/2014,6:30 PM,ASH Lower Merion HS,UNV,,UNV,
243,4/21/2014,6:30 PM,ASH Lower Merion HS,ASH,,ASH,
262,4/21/2014,6:30 PM,BYC GVMS Temple,WC,,WC,
262,4/21/2014,6:30 PM,BYC GVMS Temple,BYC,,BYC,
222,4/21/2014,6:30 PM,CVL Evans Elem,ABG,,ABG,
222,4/21/2014,6:30 PM,CVL Evans Elem,CVL,,CVL,
358,4/21/2014,6:30 PM,GV Great Valley MS,WC1,,WC1,
358,4/21/2014,6:30 PM,GV Great Valley MS,GV,,GV,
404,4/21/2014,6:30 PM,KEN Kennett HS,AVG,,AVG,
404,4/21/2014,6:30 PM,KEN Kennett HS,KEN2,,KEN2,
422,4/21/2014,6:30 PM,LV Lionville MS,BYC2,,BYC2,
422,4/21/2014,6:30 PM,LV Lionville MS,LV1,,LV1,
289,4/21/2014,6:30 PM,LV Pine Creek 1,KEN,,KEN,
289,4/21/2014,6:30 PM,LV Pine Creek 1,LV,,LV,
415,4/21/2014,6:30 PM,WC Kelly Field,KEN1,,KEN1,
415,4/21/2014,6:30 PM,WC Kelly Field,WC2,,WC2,
370,4/21/2014,8:00 PM,WC Kelly Field,WC4,,WC4,
370,4/21/2014,8:00 PM,WC Kelly Field,WC3,,WC3,
260,4/22/2014,6:30 PM,AVG Avon Grove HS 1,LV,,LV,
260,4/22/2014,6:30 PM,AVG Avon Grove HS 1,AVG,,AVG,
144,4/22/2014,7:00 PM,COV OJR HS,CVL,,CVL,
144,4/22/2014,7:00 PM,COV OJR HS,COV,,COV,
316,4/22/2014,6:30 PM,CVL Mt Kirk,COV1,,COV1,
316,4/22/2014,6:30 PM,CVL Mt Kirk,CVL,,CVL,
126,4/22/2014,6:30 PM,GV Great Valley MS,ASH,,ASH,
126,4/22/2014,6:30 PM,GV Great Valley MS,GV,,GV,
132,4/22/2014,6:30 PM,LV Hoeffecker,ABG,,ABG,
132,4/22/2014,6:30 PM,LV Hoeffecker,LV,,LV,
363,4/22/2014,6:30 PM,LV Lionville MS,WB,,WB,
363,4/22/2014,6:30 PM,LV Lionville MS,LV2,,LV2,
420,4/22/2014,6:30 PM,ST TE Middle Sch 1,UNV,,UNV,
420,4/22/2014,6:30 PM,ST TE Middle Sch 1,ST1,,ST1,
341,4/22/2014,6:30 PM,ST TE Middle Sch 2,ABG,,ABG,
341,4/22/2014,6:30 PM,ST TE Middle Sch 2,ST2,,ST2,
74,4/22/2014,6:30 PM,ST Wilson Park TEYSA,KEN,,KEN,
74,4/22/2014,6:30 PM,ST Wilson Park TEYSA,ST,,ST,
80,4/22/2014,6:30 PM,UNV Patton MS 17,AVG,,AVG,
80,4/22/2014,6:30 PM,UNV Patton MS 17,UNV,,UNV,
91,4/22/2014,6:30 PM,WB Embreeville,BYC,,BYC,
91,4/22/2014,6:30 PM,WB Embreeville,WB,,WB,
528,4/23/2014,6:30 PM,ABG Huntingdon Lower N,ABG2,,ABG2,
528,4/23/2014,6:30 PM,ABG Huntingdon Lower N,ABG3,,ABG3,
160,4/23/2014,6:30 PM,AVG Harmony Park,WB,,WB,
160,4/23/2014,6:30 PM,AVG Harmony Park,AVG,,AVG,
464,4/23/2014,6:30 PM,BYC Bethel Spr ES 12,WC2,,WC2,
464,4/23/2014,6:30 PM,BYC Bethel Spr ES 12,BYC2,,BYC2,
146,4/23/2014,6:30 PM,BYC Concord Muni 2,KEN,,KEN,
146,4/23/2014,6:30 PM,BYC Concord Muni 2,BYC,,BYC,
491,4/23/2014,6:30 PM,COV Batdorf Park,LV1,,LV1,
491,4/23/2014,6:30 PM,COV Batdorf Park,COV1,,COV1,
505,4/23/2014,7:00 PM,COV OJR HS,LV3,,LV3,
505,4/23/2014,7:00 PM,COV OJR HS,COV2,,COV2,
205,4/23/2014,6:30 PM,CVL Evans Elem,GV,,GV,
205,4/23/2014,6:30 PM,CVL Evans Elem,CVL,,CVL,
480,4/23/2014,6:30 PM,GV Great Valley MS,WC1,,WC1,
480,4/23/2014,6:30 PM,GV Great Valley MS,GV1,,GV1,
437,4/23/2014,6:30 PM,KEN Legacy Field B,GV2,,GV2,
437,4/23/2014,6:30 PM,KEN Legacy Field B,KEN2,,KEN2,
498,4/23/2014,6:30 PM,LV Eagleview 1,ASH,,ASH,
498,4/23/2014,6:30 PM,LV Eagleview 1,LV2,,LV2,
208,4/23/2014,6:30 PM,LV Eagleview 2,ASH,,ASH,
208,4/23/2014,6:30 PM,LV Eagleview 2,LV,,LV,
194,4/23/2014,6:30 PM,ST TE Middle Sch 2,WC1,,WC1,
194,4/23/2014,6:30 PM,ST TE Middle Sch 2,ST,,ST,
474,4/23/2014,6:30 PM,WB Embreeville,WB1,,WB1,
474,4/23/2014,6:30 PM,WB Embreeville,WB2,,WB2,
197,4/23/2014,6:30 PM,WC Kelly Field,COV,,COV,
197,4/23/2014,6:30 PM,WC Kelly Field,WC2,,WC2,
61,4/24/2014,6:30 PM,ASH Haverford Upper,ABG,,ABG,
61,4/24/2014,6:30 PM,ASH Haverford Upper,ASH,,ASH,
14,4/24/2014,6:30 PM,AVG Avon Grove HS 1,WC,,WC,
14,4/24/2014,6:30 PM,AVG Avon Grove HS 1,AVG,,AVG,
24,4/24/2014,6:30 PM,BYC GVMS Temple,GV,,GV,
24,4/24/2014,6:30 PM,BYC GVMS Temple,BYC,,BYC,
276,4/24/2014,6:30 PM,COV Batdorf Park,WB,,WB,
276,4/24/2014,6:30 PM,COV Batdorf Park,COV,,COV,
66,4/24/2014,7:00 PM,COV OJR HS,CVL,,CVL,
66,4/24/2014,7:00 PM,COV OJR HS,COV,,COV,
135,4/24/2014,6:30 PM,ST TE Middle Sch 2,ASH,,ASH,
135,4/24/2014,6:30 PM,ST TE Middle Sch 2,ST,,ST,
34,4/24/2014,6:30 PM,ST Wilson Park CYL,WB,,WB,
34,4/24/2014,6:30 PM,ST Wilson Park CYL,ST,,ST,
281,4/24/2014,6:30 PM,ST Wilson Park TEYSA,WC2,,WC2,
281,4/24/2014,6:30 PM,ST Wilson Park TEYSA,ST,,ST,
292,4/24/2014,6:30 PM,WC Kelly Field,AVG,,AVG,
292,4/24/2014,6:30 PM,WC Kelly Field,WC1,,WC1,
237,4/26/2014,1:30 PM,ABG Huntingdon Lower S,BYC,,BYC,
237,4/26/2014,1:30 PM,ABG Huntingdon Lower S,ABG,,ABG,
64,4/26/2014,3:15 PM,ABG Huntingdon Lower S,COV,,COV,
64,4/26/2014,3:15 PM,ABG Huntingdon Lower S,ABG,,ABG,
178,4/26/2014,5:00 PM,ABG Huntingdon Lower S,UNV,,UNV,
178,4/26/2014,5:00 PM,ABG Huntingdon Lower S,ABG,,ABG,
188,4/26/2014,1:30 PM,ASH Lower Merion HS,WB,,WB,
188,4/26/2014,1:30 PM,ASH Lower Merion HS,ASH,,ASH,
86,4/26/2014,3:15 PM,ASH Lower Merion HS,AVG,,AVG,
86,4/26/2014,3:15 PM,ASH Lower Merion HS,ASH,,ASH,
156,4/26/2014,10:00 AM,AVG Avon Grove HS 1,COV,,COV,
156,4/26/2014,10:00 AM,AVG Avon Grove HS 1,AVG,,AVG,
421,4/26/2014,1:30 PM,BYC Concord Muni 1,ST2,,ST2,
421,4/26/2014,1:30 PM,BYC Concord Muni 1,BYC1,,BYC1,
470,4/26/2014,3:15 PM,BYC Concord Muni 2,WC2,,WC2,
470,4/26/2014,3:15 PM,BYC Concord Muni 2,BYC3,,BYC3,
168,4/26/2014,5:00 PM,BYC Concord Muni 2,CVL,,CVL,
168,4/26/2014,5:00 PM,BYC Concord Muni 2,BYC,,BYC,
515,4/26/2014,1:30 PM,COV OJR HS,ASH,,ASH,
515,4/26/2014,1:30 PM,COV OJR HS,COV3,,COV3,
339,4/26/2014,3:15 PM,COV OJR HS,WC2,,WC2,
339,4/26/2014,3:15 PM,COV OJR HS,COV2,,COV2,
326,4/26/2014,5:00 PM,COV OJR HS,ST1,,ST1,
326,4/26/2014,5:00 PM,COV OJR HS,COV1,,COV1,
530,4/26/2014,6:45 PM,COV OJR HS,ABG2,,ABG2,
530,4/26/2014,6:45 PM,COV OJR HS,COV2,,COV2,
230,4/26/2014,11:45 AM,CVL Evans Elem,AVG,,AVG,
230,4/26/2014,11:45 AM,CVL Evans Elem,CVL,,CVL,
545,4/26/2014,1:30 PM,CVL Evans Elem,CVL1,,CVL1,
545,4/26/2014,1:30 PM,CVL Evans Elem,CVL3,,CVL3,
533,4/26/2014,3:15 PM,CVL Evans Elem,ABG3,,ABG3,
533,4/26/2014,3:15 PM,CVL Evans Elem,CVL2,,CVL2,
99,4/26/2014,5:00 PM,CVL Evans Elem,BYC,,BYC,
99,4/26/2014,5:00 PM,CVL Evans Elem,CVL,,CVL,
192,4/26/2014,12:15 PM,GV Great Valley MS,WC1,,WC1,
192,4/26/2014,12:15 PM,GV Great Valley MS,GV,,GV,
458,4/26/2014,2:00 PM,GV Great Valley MS,BYC1,,BYC1,
458,4/26/2014,2:00 PM,GV Great Valley MS,GV2,,GV2,
32,4/26/2014,3:45 PM,GV Great Valley MS,WB,,WB,
32,4/26/2014,3:45 PM,GV Great Valley MS,GV,,GV,
153,4/26/2014,11:45 AM,KEN Legacy Field C,ST,,ST,
153,4/26/2014,11:45 AM,KEN Legacy Field C,KEN,,KEN,
430,4/26/2014,1:30 PM,KEN Legacy Field C,BYC2,,BYC2,
430,4/26/2014,1:30 PM,KEN Legacy Field C,KEN1,,KEN1,
438,4/26/2014,3:15 PM,KEN Legacy Field C,AVG1,,AVG1,
438,4/26/2014,3:15 PM,KEN Legacy Field C,KEN2,,KEN2,
77,4/26/2014,5:00 PM,KEN Legacy Field C,COV,,COV,
77,4/26/2014,5:00 PM,KEN Legacy Field C,KEN,,KEN,
56,4/26/2014,10:00 AM,LV Hoeffecker,CVL,,CVL,
56,4/26/2014,10:00 AM,LV Hoeffecker,LV,,LV,
497,4/26/2014,11:45 AM,LV Hoeffecker,LV3,,LV3,
497,4/26/2014,11:45 AM,LV Hoeffecker,LV2,,LV2,
355,4/26/2014,1:30 PM,LV Hoeffecker,GV,,GV,
355,4/26/2014,1:30 PM,LV Hoeffecker,LV1,,LV1,
130,4/26/2014,3:15 PM,LV Hoeffecker,ST,,ST,
130,4/26/2014,3:15 PM,LV Hoeffecker,LV,,LV,
268,4/26/2014,10:00 AM,ST TE Middle Sch 1,ASH,,ASH,
268,4/26/2014,10:00 AM,ST TE Middle Sch 1,ST1,,ST1,
254,4/26/2014,11:45 AM,ST TE Middle Sch 1,UNV,,UNV,
254,4/26/2014,11:45 AM,ST TE Middle Sch 1,ST2,,ST2,
513,4/26/2014,1:30 PM,ST TE Middle Sch 2,COV1,,COV1,
513,4/26/2014,1:30 PM,ST TE Middle Sch 2,ST,,ST,
17,4/26/2014,3:15 PM,ST Wilson Park CYL,AVG,,AVG,
17,4/26/2014,3:15 PM,ST Wilson Park CYL,ST,,ST,
106,4/26/2014,2:00 PM,UNV Upland Country DS,ABG,,ABG,
106,4/26/2014,2:00 PM,UNV Upland Country DS,UNV,,UNV,
478,4/26/2014,10:00 AM,WB Embreeville,WC1,,WC1,
478,4/26/2014,10:00 AM,WB Embreeville,WB2,,WB2,
554,4/26/2014,11:45 AM,WB Embreeville,ABG1,,ABG1,
554,4/26/2014,11:45 AM,WB Embreeville,WB1,,WB1,
419,4/26/2014,1:30 PM,WB Embreeville,ABG,,ABG,
419,4/26/2014,1:30 PM,WB Embreeville,WB,,WB,
291,4/26/2014,3:15 PM,WB Embreeville,WC1,,WC1,
291,4/26/2014,3:15 PM,WB Embreeville,WB,,WB,
373,4/26/2014,11:45 AM,WC Kelly Field,BYC2,,BYC2,
373,4/26/2014,11:45 AM,WC Kelly Field,WC3,,WC3,
286,4/26/2014,1:30 PM,WC Kelly Field,LV,,LV,
286,4/26/2014,1:30 PM,WC Kelly Field,WC2,,WC2,
117,4/26/2014,3:15 PM,WC Kelly Field,GV,,GV,
117,4/26/2014,3:15 PM,WC Kelly Field,WC,,WC,
23,4/26/2014,5:00 PM,WC Kelly Field,BYC,,BYC,
23,4/26/2014,5:00 PM,WC Kelly Field,WC,,WC,
362,4/26/2014,1:30 PM,WC Rustin HS Stadium,LV2,,LV2,
362,4/26/2014,1:30 PM,WC Rustin HS Stadium,WC4,,WC4,
323,4/26/2014,3:15 PM,WC Rustin HS Stadium,CVL,,CVL,
323,4/26/2014,3:15 PM,WC Rustin HS Stadium,WC1,,WC1,
235,4/27/2014,1:45 PM,ABG Acad New Church,WC,,WC,
235,4/27/2014,1:45 PM,ABG Acad New Church,ABG,,ABG,
8,4/27/2014,1:45 PM,ASH Lower Merion HS,KEN,,KEN,
8,4/27/2014,1:45 PM,ASH Lower Merion HS,ASH,,ASH,
204,4/27/2014,3:15 PM,GV Great Valley MS,ABG,,ABG,
204,4/27/2014,3:15 PM,GV Great Valley MS,GV,,GV,
241,4/28/2014,6:30 PM,ASH Lower Merion HS,LV,,LV,
241,4/28/2014,6:30 PM,ASH Lower Merion HS,ASH,,ASH,
389,4/28/2014,6:30 PM,AVG Harmony Park,WB,,WB,
389,4/28/2014,6:30 PM,AVG Harmony Park,AVG,,AVG,
416,4/28/2014,6:30 PM,CVL Black Rock 6,LV2,,LV2,
416,4/28/2014,6:30 PM,CVL Black Rock 6,CVL,,CVL,
256,4/28/2014,6:30 PM,ST TE Middle Sch 1,AVG,,AVG,
256,4/28/2014,6:30 PM,ST TE Middle Sch 1,ST2,,ST2,
379,4/28/2014,6:30 PM,WC Kelly Field,UNV,,UNV,
379,4/28/2014,6:30 PM,WC Kelly Field,WC4,,WC4,
352,4/28/2014,8:00 PM,WC Kelly Field,ST2,,ST2,
352,4/28/2014,8:00 PM,WC Kelly Field,WC1,,WC1,
342,4/29/2014,6:30 PM,ABG Huntingdon Lower S,LV1,,LV1,
342,4/29/2014,6:30 PM,ABG Huntingdon Lower S,ABG,,ABG,
79,4/29/2014,6:30 PM,AVG Harmony Park,BYC,,BYC,
79,4/29/2014,6:30 PM,AVG Harmony Park,AVG,,AVG,
402,4/29/2014,6:30 PM,BYC GVMS Temple,KEN2,,KEN2,
402,4/29/2014,6:30 PM,BYC GVMS Temple,BYC2,,BYC2,
337,4/29/2014,7:00 PM,COV OJR HS,GV,,GV,
337,4/29/2014,7:00 PM,COV OJR HS,COV2,,COV2,
116,4/29/2014,6:30 PM,CVL Mt Kirk,WB,,WB,
116,4/29/2014,6:30 PM,CVL Mt Kirk,CVL,,CVL,
397,4/29/2014,6:30 PM,KEN Kennett MS,BYC1,,BYC1,
397,4/29/2014,6:30 PM,KEN Kennett MS,KEN1,,KEN1,
71,4/29/2014,6:30 PM,KEN Legacy Field B,WC,,WC,
71,4/29/2014,6:30 PM,KEN Legacy Field B,KEN,,KEN,
250,4/29/2014,6:30 PM,ST TE Middle Sch 2,BYC,,BYC,
250,4/29/2014,6:30 PM,ST TE Middle Sch 2,ST1,,ST1,
137,4/29/2014,6:30 PM,ST Wilson Park TEYSA,COV,,COV,
137,4/29/2014,6:30 PM,ST Wilson Park TEYSA,ST,,ST,
350,4/29/2014,6:30 PM,WC Kelly Field,ST1,,ST1,
350,4/29/2014,6:30 PM,WC Kelly Field,WC2,,WC2,
503,4/30/2014,6:30 PM,ABG Huntingdon Lower N,LV3,,LV3,
503,4/30/2014,6:30 PM,ABG Huntingdon Lower N,ABG3,,ABG3,
518,4/30/2014,6:30 PM,ASH Lower Merion HS,CVL3,,CVL3,
518,4/30/2014,6:30 PM,ASH Lower Merion HS,ASH,,ASH,
550,4/30/2014,6:30 PM,AVG Harmony Park,LV2,,LV2,
550,4/30/2014,6:30 PM,AVG Harmony Park,AVG2,,AVG2,
457,4/30/2014,6:30 PM,BYC Bethel Spr ES 12,GV1,,GV1,
457,4/30/2014,6:30 PM,BYC Bethel Spr ES 12,BYC1,,BYC1,
170,4/30/2014,6:30 PM,BYC Concord Muni 2,UNV,,UNV,
170,4/30/2014,6:30 PM,BYC Concord Muni 2,BYC,,BYC,
542,4/30/2014,7:00 PM,COV OJR HS,CVL2,,CVL2,
542,4/30/2014,7:00 PM,COV OJR HS,COV3,,COV3,
537,4/30/2014,6:30 PM,CVL Evans Elem,COV1,,COV1,
537,4/30/2014,6:30 PM,CVL Evans Elem,CVL1,,CVL1,
426,4/30/2014,6:30 PM,KEN Legacy Field B,KEN2,,KEN2,
426,4/30/2014,6:30 PM,KEN Legacy Field B,KEN1,,KEN1,
186,4/30/2014,6:30 PM,LV Eagleview 1,WB,,WB,
186,4/30/2014,6:30 PM,LV Eagleview 1,LV,,LV,
486,4/30/2014,6:30 PM,LV Eagleview 2,ST,,ST,
486,4/30/2014,6:30 PM,LV Eagleview 2,LV1,,LV1,
214,4/30/2014,6:30 PM,ST TE Middle Sch 1,COV,,COV,
214,4/30/2014,6:30 PM,ST TE Middle Sch 1,ST,,ST,
443,4/30/2014,6:30 PM,WB Embreeville,AVG1,,AVG1,
443,4/30/2014,6:30 PM,WB Embreeville,WB1,,WB1,
161,4/30/2014,6:30 PM,WC Kelly Field,AVG,,AVG,
161,4/30/2014,6:30 PM,WC Kelly Field,WC1,,WC1,
150,4/30/2014,8:00 PM,WC Kelly Field,KEN,,KEN,
150,4/30/2014,8:00 PM,WC Kelly Field,WC2,,WC2,
481,4/30/2014,6:30 PM,WC Rustin HS Stadium,GV2,,GV2,
481,4/30/2014,6:30 PM,WC Rustin HS Stadium,WC2,,WC2,
283,5/1/2014,6:30 PM,ST Wilson Park TEYSA,AVG,,AVG,
283,5/1/2014,6:30 PM,ST Wilson Park TEYSA,ST,,ST,
290,5/1/2014,6:30 PM,WC Kelly Field,WC2,,WC2,
290,5/1/2014,6:30 PM,WC Kelly Field,WC1,,WC1,
327,5/3/2014,10:00 AM,ABG Huntingdon Lower S,COV1,,COV1,
327,5/3/2014,10:00 AM,ABG Huntingdon Lower S,ABG,,ABG,
525,5/3/2014,11:45 AM,ABG Huntingdon Lower S,COV3,,COV3,
525,5/3/2014,11:45 AM,ABG Huntingdon Lower S,ABG1,,ABG1,
529,5/3/2014,1:30 PM,ABG Huntingdon Lower S,COV1,,COV1,
529,5/3/2014,1:30 PM,ABG Huntingdon Lower S,ABG2,,ABG2,
439,5/3/2014,10:00 AM,AVG Avon Grove HS 1,KEN2,,KEN2,
439,5/3/2014,10:00 AM,AVG Avon Grove HS 1,AVG2,,AVG2,
446,5/3/2014,12:00 PM,AVG Avon Grove HS 1,GV1,,GV1,
446,5/3/2014,12:00 PM,AVG Avon Grove HS 1,AVG1,,AVG1,
238,5/3/2014,2:00 PM,AVG Avon Grove HS 1,ABG,,ABG,
238,5/3/2014,2:00 PM,AVG Avon Grove HS 1,AVG,,AVG,
408,5/3/2014,10:00 AM,AVG Avon Grove HS 2,COV2,,COV2,
408,5/3/2014,10:00 AM,AVG Avon Grove HS 2,AVG,,AVG,
159,5/3/2014,2:00 PM,AVG Avon Grove HS 2,UNV,,UNV,
159,5/3/2014,2:00 PM,AVG Avon Grove HS 2,AVG,,AVG,
277,5/3/2014,10:00 AM,AVG Avon Grove HS Stadium,COV,,COV,
277,5/3/2014,10:00 AM,AVG Avon Grove HS Stadium,AVG,,AVG,
20,5/3/2014,12:00 PM,AVG Avon Grove HS Stadium,COV,,COV,
20,5/3/2014,12:00 PM,AVG Avon Grove HS Stadium,AVG,,AVG,
87,5/3/2014,2:00 PM,AVG Avon Grove HS Stadium,ABG,,ABG,
87,5/3/2014,2:00 PM,AVG Avon Grove HS Stadium,AVG,,AVG,
26,5/3/2014,10:00 AM,BYC Concord Muni 1,ST,,ST,
26,5/3/2014,10:00 AM,BYC Concord Muni 1,BYC,,BYC,
255,5/3/2014,11:45 AM,BYC Concord Muni 1,ST2,,ST2,
255,5/3/2014,11:45 AM,BYC Concord Muni 1,BYC,,BYC,
65,5/3/2014,10:00 AM,CVL Evans Elem,ABG,,ABG,
65,5/3/2014,10:00 AM,CVL Evans Elem,CVL,,CVL,
78,5/3/2014,11:45 AM,CVL Evans Elem,KEN,,KEN,
78,5/3/2014,11:45 AM,CVL Evans Elem,CVL,,CVL,
546,5/3/2014,1:30 PM,CVL Evans Elem,CVL3,,CVL3,
546,5/3/2014,1:30 PM,CVL Evans Elem,CVL2,,CVL2,
228,5/3/2014,3:15 PM,CVL Evans Elem,UNV,,UNV,
228,5/3/2014,3:15 PM,CVL Evans Elem,CVL,,CVL,
413,5/3/2014,10:00 AM,GV Great Valley HS,WB,,WB,
413,5/3/2014,10:00 AM,GV Great Valley HS,GV,,GV,
46,5/3/2014,11:45 AM,GV Great Valley HS,LV,,LV,
46,5/3/2014,11:45 AM,GV Great Valley HS,GV,,GV,
128,5/3/2014,1:30 PM,GV Great Valley HS,COV,,COV,
128,5/3/2014,1:30 PM,GV Great Valley HS,GV,,GV,
284,5/3/2014,1:30 PM,KEN Legacy Field C,ST,,ST,
284,5/3/2014,1:30 PM,KEN Legacy Field C,KEN,,KEN,
383,5/3/2014,3:15 PM,KEN Legacy Field C,WC4,,WC4,
383,5/3/2014,3:15 PM,KEN Legacy Field C,KEN1,,KEN1,
151,5/3/2014,5:00 PM,KEN Legacy Field C,GV,,GV,
151,5/3/2014,5:00 PM,KEN Legacy Field C,KEN,,KEN,
103,5/3/2014,10:00 AM,LV Hoeffecker,UNV,,UNV,
103,5/3/2014,10:00 AM,LV Hoeffecker,LV,,LV,
287,5/3/2014,11:45 AM,LV Hoeffecker,WB,,WB,
287,5/3/2014,11:45 AM,LV Hoeffecker,LV,,LV,
199,5/3/2014,1:30 PM,LV Hoeffecker,WC2,,WC2,
199,5/3/2014,1:30 PM,LV Hoeffecker,LV,,LV,
35,5/3/2014,10:00 AM,WB Embreeville,ASH,,ASH,
35,5/3/2014,10:00 AM,WB Embreeville,WB,,WB,
113,5/3/2014,11:45 AM,WB Embreeville,ASH,,ASH,
113,5/3/2014,11:45 AM,WB Embreeville,WB,,WB,
433,5/3/2014,1:30 PM,WB Embreeville,KEN1,,KEN1,
433,5/3/2014,1:30 PM,WB Embreeville,WB2,,WB2,
4,5/3/2014,1:30 PM,WC Kelly Field,KEN,,KEN,
4,5/3/2014,1:30 PM,WC Kelly Field,WC,,WC,
377,5/3/2014,3:15 PM,WC Kelly Field,KEN2,,KEN2,
377,5/3/2014,3:15 PM,WC Kelly Field,WC3,,WC3,
475,5/3/2014,5:00 PM,WC Kelly Field,WB1,,WB1,
475,5/3/2014,5:00 PM,WC Kelly Field,WC2,,WC2,
345,5/4/2014,1:45 PM,ABG Acad New Church,WC2,,WC2,
345,5/4/2014,1:45 PM,ABG Acad New Church,ABG,,ABG,
552,5/4/2014,1:45 PM,COV OJR HS,BYC2,,BYC2,
552,5/4/2014,1:45 PM,COV OJR HS,COV2,,COV2,
490,5/4/2014,1:45 PM,LV Eagleview 2,ABG3,,ABG3,
490,5/4/2014,1:45 PM,LV Eagleview 2,LV1,,LV1,
212,5/5/2014,6:30 PM,ASH Lower Merion HS,ST,,ST,
212,5/5/2014,6:30 PM,ASH Lower Merion HS,ASH,,ASH,
310,5/5/2014,6:30 PM,AVG Harmony Park,WC1,,WC1,
310,5/5/2014,6:30 PM,AVG Harmony Park,AVG,,AVG,
381,5/5/2014,6:30 PM,BYC Bethel Spr ES 12,WC4,,WC4,
381,5/5/2014,6:30 PM,BYC Bethel Spr ES 12,BYC2,,BYC2,
386,5/5/2014,6:30 PM,BYC GVMS Temple,WB,,WB,
386,5/5/2014,6:30 PM,BYC GVMS Temple,BYC1,,BYC1,
335,5/5/2014,7:00 PM,COV OJR HS,ST2,,ST2,
335,5/5/2014,7:00 PM,COV OJR HS,COV2,,COV2,
220,5/5/2014,6:30 PM,CVL Evans Elem,ABG,,ABG,
220,5/5/2014,6:30 PM,CVL Evans Elem,CVL,,CVL,
367,5/5/2014,6:30 PM,LV Lionville MS,AVG,,AVG,
367,5/5/2014,6:30 PM,LV Lionville MS,LV2,,LV2,
240,5/5/2014,6:30 PM,ST TE Middle Sch 1,ASH,,ASH,
240,5/5/2014,6:30 PM,ST TE Middle Sch 1,ST2,,ST2,
340,5/5/2014,6:30 PM,ST TE Middle Sch 2,ABG,,ABG,
340,5/5/2014,6:30 PM,ST TE Middle Sch 2,ST1,,ST1,
270,5/5/2014,6:30 PM,UNV Patton MS 17,WC,,WC,
270,5/5/2014,6:30 PM,UNV Patton MS 17,UNV,,UNV,
136,5/6/2014,6:30 PM,ABG Huntingdon Lower S,ST,,ST,
136,5/6/2014,6:30 PM,ABG Huntingdon Lower S,ABG,,ABG,
141,5/6/2014,6:30 PM,ASH Lower Merion HS,CVL,,CVL,
141,5/6/2014,6:30 PM,ASH Lower Merion HS,ASH,,ASH,
271,5/6/2014,6:30 PM,AVG Avon Grove HS 1,BYC,,BYC,
271,5/6/2014,6:30 PM,AVG Avon Grove HS 1,AVG,,AVG,
94,5/6/2014,6:30 PM,BYC GVMS Temple,LV,,LV,
94,5/6/2014,6:30 PM,BYC GVMS Temple,BYC,,BYC,
425,5/6/2014,6:30 PM,KEN Kennett MS,WC2,,WC2,
425,5/6/2014,6:30 PM,KEN Kennett MS,KEN2,,KEN2,
69,5/6/2014,6:30 PM,KEN Legacy Field B,UNV,,UNV,
69,5/6/2014,6:30 PM,KEN Legacy Field B,KEN,,KEN,
321,5/6/2014,6:30 PM,LV Lionville MS,CVL,,CVL,
321,5/6/2014,6:30 PM,LV Lionville MS,LV1,,LV1,
247,5/6/2014,6:30 PM,LV Pine Creek 1,ST1,,ST1,
247,5/6/2014,6:30 PM,LV Pine Creek 1,LV,,LV,
394,5/6/2014,6:30 PM,UNV Patton MS 17,KEN1,,KEN1,
394,5/6/2014,6:30 PM,UNV Patton MS 17,UNV,,UNV,
115,5/6/2014,6:30 PM,WB Embreeville,COV,,COV,
115,5/6/2014,6:30 PM,WB Embreeville,WB,,WB,
82,5/6/2014,6:30 PM,WC Kelly Field,AVG,,AVG,
82,5/6/2014,6:30 PM,WC Kelly Field,WC,,WC,
213,5/7/2014,6:30 PM,ABG Huntingdon Lower N,ST,,ST,
213,5/7/2014,6:30 PM,ABG Huntingdon Lower N,ABG,,ABG,
162,5/7/2014,6:30 PM,AVG Harmony Park,WC2,,WC2,
162,5/7/2014,6:30 PM,AVG Harmony Park,AVG,,AVG,
460,5/7/2014,6:30 PM,BYC Bethel Spr ES 12,BYC1,,BYC1,
460,5/7/2014,6:30 PM,BYC Bethel Spr ES 12,BYC3,,BYC3,
441,5/7/2014,6:30 PM,BYC Concord Muni 2,KEN2,,KEN2,
441,5/7/2014,6:30 PM,BYC Concord Muni 2,BYC2,,BYC2,
541,5/7/2014,6:30 PM,CVL Evans Elem,COV2,,COV2,
541,5/7/2014,6:30 PM,CVL Evans Elem,CVL1,,CVL1,
559,5/7/2014,6:30 PM,GV Great Valley MS,COV3,,COV3,
559,5/7/2014,6:30 PM,GV Great Valley MS,GV2,,GV2,
432,5/7/2014,6:30 PM,KEN Legacy Field B,WB1,,WB1,
432,5/7/2014,6:30 PM,KEN Legacy Field B,KEN1,,KEN1,
152,5/7/2014,6:30 PM,LV Eagleview 1,KEN,,KEN,
152,5/7/2014,6:30 PM,LV Eagleview 1,LV,,LV,
511,5/7/2014,6:30 PM,ST TE Middle Sch 2,ABG2,,ABG2,
511,5/7/2014,6:30 PM,ST TE Middle Sch 2,ST,,ST,
181,5/7/2014,6:30 PM,UNV Upland Country DS,WB,,WB,
181,5/7/2014,6:30 PM,UNV Upland Country DS,UNV,,UNV,
195,5/7/2014,6:30 PM,WC Kelly Field,ASH,,ASH,
195,5/7/2014,6:30 PM,WC Kelly Field,WC1,,WC1,
63,5/8/2014,6:30 PM,ASH Haverford Upper,CVL,,CVL,
63,5/8/2014,6:30 PM,ASH Haverford Upper,ASH,,ASH,
16,5/8/2014,6:30 PM,AVG Harmony Park,LV,,LV,
16,5/8/2014,6:30 PM,AVG Harmony Park,AVG,,AVG,
28,5/8/2014,6:30 PM,BYC GVMS Temple,ABG,,ABG,
28,5/8/2014,6:30 PM,BYC GVMS Temple,BYC,,BYC,
312,5/8/2014,6:30 PM,KEN Legacy Field B,WC2,,WC2,
312,5/8/2014,6:30 PM,KEN Legacy Field B,KEN,,KEN,
300,5/8/2014,6:30 PM,ST Wilson Park TEYSA,COV,,COV,
300,5/8/2014,6:30 PM,ST Wilson Park TEYSA,ST,,ST,
31,5/8/2014,6:30 PM,WB Downingtown MS,WC,,WC,
31,5/8/2014,6:30 PM,WB Downingtown MS,WB,,WB,
10,5/9/2014,6:30 PM,COV Batdorf Park,KEN,,KEN,
10,5/9/2014,6:30 PM,COV Batdorf Park,COV,,COV,
167,5/10/2014,10:00 AM,ABG Huntingdon Lower S,BYC,,BYC,
167,5/10/2014,10:00 AM,ABG Huntingdon Lower S,ABG,,ABG,
523,5/10/2014,11:45 AM,ABG Huntingdon Lower S,COV2,,COV2,
523,5/10/2014,11:45 AM,ABG Huntingdon Lower S,ABG1,,ABG1,
551,5/10/2014,1:30 PM,ABG Huntingdon Lower S,BYC1,,BYC1,
551,5/10/2014,1:30 PM,ABG Huntingdon Lower S,ABG2,,ABG2,
97,5/10/2014,3:15 PM,ABG Huntingdon Lower S,BYC,,BYC,
97,5/10/2014,3:15 PM,ABG Huntingdon Lower S,ABG,,ABG,
36,5/10/2014,5:00 PM,ABG Huntingdon Lower S,WB,,WB,
36,5/10/2014,5:00 PM,ABG Huntingdon Lower S,ABG,,ABG,
509,5/10/2014,1:30 PM,ASH Lower Merion HS,ST,,ST,
509,5/10/2014,1:30 PM,ASH Lower Merion HS,ASH,,ASH,
245,5/10/2014,3:15 PM,ASH Lower Merion HS,AVG,,AVG,
245,5/10/2014,3:15 PM,ASH Lower Merion HS,ASH,,ASH,
154,5/10/2014,5:00 PM,ASH Lower Merion HS,KEN,,KEN,
154,5/10/2014,5:00 PM,ASH Lower Merion HS,ASH,,ASH,
423,5/10/2014,10:00 AM,AVG Avon Grove HS 1,GV,,GV,
423,5/10/2014,10:00 AM,AVG Avon Grove HS 1,AVG,,AVG,
89,5/10/2014,11:45 AM,AVG Avon Grove HS 1,CVL,,CVL,
89,5/10/2014,11:45 AM,AVG Avon Grove HS 1,AVG,,AVG,
18,5/10/2014,1:30 PM,AVG Avon Grove HS 1,ASH,,ASH,
18,5/10/2014,1:30 PM,AVG Avon Grove HS 1,AVG,,AVG,
448,5/10/2014,10:00 AM,AVG Harmony Park,GV2,,GV2,
448,5/10/2014,10:00 AM,AVG Harmony Park,AVG1,,AVG1,
314,5/10/2014,11:45 AM,AVG Harmony Park,WB,,WB,
314,5/10/2014,11:45 AM,AVG Harmony Park,AVG,,AVG,
407,5/10/2014,11:45 AM,BYC Concord Muni 1,COV1,,COV1,
407,5/10/2014,11:45 AM,BYC Concord Muni 1,BYC1,,BYC1,
229,5/10/2014,1:30 PM,BYC Concord Muni 1,CVL,,CVL,
229,5/10/2014,1:30 PM,BYC Concord Muni 1,BYC,,BYC,
30,5/10/2014,3:15 PM,BYC Concord Muni 1,CVL,,CVL,
30,5/10/2014,3:15 PM,BYC Concord Muni 1,BYC,,BYC,
468,5/10/2014,10:00 AM,BYC Concord Muni 2,WB2,,WB2,
468,5/10/2014,10:00 AM,BYC Concord Muni 2,BYC3,,BYC3,
44,5/10/2014,1:30 PM,COV Batdorf Park,WC,,WC,
44,5/10/2014,1:30 PM,COV Batdorf Park,COV,,COV,
278,5/10/2014,3:15 PM,COV Batdorf Park,KEN,,KEN,
278,5/10/2014,3:15 PM,COV Batdorf Park,COV,,COV,
531,5/10/2014,5:00 PM,COV Batdorf Park,ABG3,,ABG3,
531,5/10/2014,5:00 PM,COV Batdorf Park,COV3,,COV3,
133,5/10/2014,6:30 PM,COV Batdorf Park,LV,,LV,
133,5/10/2014,6:30 PM,COV Batdorf Park,COV,,COV,
157,5/10/2014,10:00 AM,CVL Evans Elem,AVG,,AVG,
157,5/10/2014,10:00 AM,CVL Evans Elem,CVL,,CVL,
320,5/10/2014,11:45 AM,CVL Evans Elem,ST2,,ST2,
320,5/10/2014,11:45 AM,CVL Evans Elem,CVL,,CVL,
494,5/10/2014,1:30 PM,CVL Evans Elem,LV2,,LV2,
494,5/10/2014,1:30 PM,CVL Evans Elem,CVL1,,CVL1,
465,5/10/2014,12:15 PM,GV Great Valley MS,BYC2,,BYC2,
465,5/10/2014,12:15 PM,GV Great Valley MS,GV1,,GV1,
5,5/10/2014,2:00 PM,GV Great Valley MS,KEN,,KEN,
5,5/10/2014,2:00 PM,GV Great Valley MS,GV,,GV,
184,5/10/2014,3:45 PM,GV Great Valley MS,WB,,WB,
184,5/10/2014,3:45 PM,GV Great Valley MS,GV,,GV,
428,5/10/2014,11:45 AM,KEN Kennett HS,AVG2,,AVG2,
428,5/10/2014,11:45 AM,KEN Kennett HS,KEN1,,KEN1,
561,5/10/2014,1:30 PM,KEN Legacy Field C,CVL2,,CVL2,
561,5/10/2014,1:30 PM,KEN Legacy Field C,KEN2,,KEN2,
409,5/10/2014,3:15 PM,KEN Legacy Field C,ABG,,ABG,
409,5/10/2014,3:15 PM,KEN Legacy Field C,KEN2,,KEN2,
75,5/10/2014,5:00 PM,KEN Legacy Field C,ASH,,ASH,
75,5/10/2014,5:00 PM,KEN Legacy Field C,KEN,,KEN,
52,5/10/2014,1:30 PM,LV Hoeffecker,ST,,ST,
52,5/10/2014,1:30 PM,LV Hoeffecker,LV,,LV,
485,5/10/2014,3:15 PM,LV Hoeffecker,LV1,,LV1,
485,5/10/2014,3:15 PM,LV Hoeffecker,LV3,,LV3,
269,5/10/2014,5:00 PM,LV Hoeffecker,ST2,,ST2,
269,5/10/2014,5:00 PM,LV Hoeffecker,LV,,LV,
410,5/10/2014,10:00 AM,ST TE Middle Sch 2,LV2,,LV2,
410,5/10/2014,10:00 AM,ST TE Middle Sch 2,ST1,,ST1,
179,5/10/2014,11:45 AM,UNV Patton MS 17,COV,,COV,
179,5/10/2014,11:45 AM,UNV Patton MS 17,UNV,,UNV,
102,5/10/2014,1:30 PM,UNV Patton MS 17,GV,,GV,
102,5/10/2014,1:30 PM,UNV Patton MS 17,UNV,,UNV,
249,5/10/2014,3:15 PM,UNV Patton MS 17,ST1,,ST1,
249,5/10/2014,3:15 PM,UNV Patton MS 17,UNV,,UNV,
392,5/10/2014,5:00 PM,UNV Patton MS 17,BYC2,,BYC2,
392,5/10/2014,5:00 PM,UNV Patton MS 17,UNV,,UNV,
109,5/10/2014,10:00 AM,WB Embreeville,WC,,WC,
109,5/10/2014,10:00 AM,WB Embreeville,WB,,WB,
375,5/10/2014,10:00 AM,WC Kelly Field,KEN1,,KEN1,
375,5/10/2014,10:00 AM,WC Kelly Field,WC3,,WC3,
479,5/10/2014,11:45 AM,WC Kelly Field,WC2,,WC2,
479,5/10/2014,11:45 AM,WC Kelly Field,WC1,,WC1,
356,5/10/2014,1:30 PM,WC Kelly Field,LV1,,LV1,
356,5/10/2014,1:30 PM,WC Kelly Field,WC1,,WC1,
202,5/10/2014,3:15 PM,WC Kelly Field,ST,,ST,
202,5/10/2014,3:15 PM,WC Kelly Field,WC2,,WC2,
307,5/10/2014,5:00 PM,WC Kelly Field,LV,,LV,
307,5/10/2014,5:00 PM,WC Kelly Field,WC1,,WC1,
233,5/12/2014,6:30 PM,ABG Huntingdon Lower S,ST2,,ST2,
233,5/12/2014,6:30 PM,ABG Huntingdon Lower S,ABG,,ABG,
239,5/12/2014,6:30 PM,ASH Lower Merion HS,ST1,,ST1,
239,5/12/2014,6:30 PM,ASH Lower Merion HS,ASH,,ASH,
325,5/12/2014,7:00 PM,COV OJR HS,COV2,,COV2,
325,5/12/2014,7:00 PM,COV OJR HS,COV1,,COV1,
346,5/12/2014,6:30 PM,ST TE Middle Sch 2,ST1,,ST1,
346,5/12/2014,6:30 PM,ST TE Middle Sch 2,ST2,,ST2,
306,5/12/2014,6:30 PM,ST Wilson Park CYL,KEN,,KEN,
306,5/12/2014,6:30 PM,ST Wilson Park CYL,ST,,ST,
258,5/12/2014,6:30 PM,UNV Patton MS 17,LV,,LV,
258,5/12/2014,6:30 PM,UNV Patton MS 17,UNV,,UNV,
424,5/12/2014,6:30 PM,WC Kelly Field,KEN1,,KEN1,
424,5/12/2014,6:30 PM,WC Kelly Field,WC1,,WC1,
412,5/12/2014,8:00 PM,WC Kelly Field,LV1,,LV1,
412,5/12/2014,8:00 PM,WC Kelly Field,WC4,,WC4,
81,5/13/2014,6:30 PM,AVG Avon Grove HS 1,WB,,WB,
81,5/13/2014,6:30 PM,AVG Avon Grove HS 1,AVG,,AVG,
400,5/13/2014,6:30 PM,BYC Bethel Spr ES 12,AVG,,AVG,
400,5/13/2014,6:30 PM,BYC Bethel Spr ES 12,BYC2,,BYC2,
68,5/13/2014,6:30 PM,BYC GVMS Temple,KEN,,KEN,
68,5/13/2014,6:30 PM,BYC GVMS Temple,BYC,,BYC,
107,5/13/2014,7:00 PM,COV OJR HS,UNV,,UNV,
107,5/13/2014,7:00 PM,COV OJR HS,COV,,COV,
399,5/13/2014,6:30 PM,KEN Legacy Field B,BYC1,,BYC1,
399,5/13/2014,6:30 PM,KEN Legacy Field B,KEN2,,KEN2,
134,5/13/2014,6:30 PM,LV Hoeffecker,CVL,,CVL,
134,5/13/2014,6:30 PM,LV Hoeffecker,LV,,LV,
125,5/13/2014,6:30 PM,ST Wilson Park TEYSA,GV,,GV,
125,5/13/2014,6:30 PM,ST Wilson Park TEYSA,ST,,ST,
371,5/13/2014,6:30 PM,WC Kelly Field,UNV,,UNV,
371,5/13/2014,6:30 PM,WC Kelly Field,WC3,,WC3,
121,5/13/2014,8:00 PM,WC Kelly Field,ABG,,ABG,
121,5/13/2014,8:00 PM,WC Kelly Field,WC,,WC,
527,5/14/2014,6:30 PM,ABG Huntingdon Lower N,CVL3,,CVL3,
527,5/14/2014,6:30 PM,ABG Huntingdon Lower N,ABG2,,ABG2,
216,5/14/2014,6:30 PM,ASH Lower Merion HS,ABG,,ABG,
216,5/14/2014,6:30 PM,ASH Lower Merion HS,ASH,,ASH,
449,5/14/2014,6:30 PM,AVG Harmony Park,AVG1,,AVG1,
449,5/14/2014,6:30 PM,AVG Harmony Park,AVG2,,AVG2,
174,5/14/2014,6:30 PM,BYC Concord Muni 2,GV,,GV,
174,5/14/2014,6:30 PM,BYC Concord Muni 2,BYC,,BYC,
538,5/14/2014,6:30 PM,COV Batdorf Park,CVL2,,CVL2,
538,5/14/2014,6:30 PM,COV Batdorf Park,COV1,,COV1,
524,5/14/2014,6:30 PM,CVL Evans Elem,ABG1,,ABG1,
524,5/14/2014,6:30 PM,CVL Evans Elem,CVL1,,CVL1,
471,5/14/2014,6:30 PM,GV Great Valley MS,BYC3,,BYC3,
471,5/14/2014,6:30 PM,GV Great Valley MS,GV1,,GV1,
145,5/14/2014,6:30 PM,KEN Legacy Field B,AVG,,AVG,
145,5/14/2014,6:30 PM,KEN Legacy Field B,KEN,,KEN,
547,5/14/2014,6:30 PM,LV Eagleview 1,KEN1,,KEN1,
547,5/14/2014,6:30 PM,LV Eagleview 1,LV3,,LV3,
499,5/14/2014,6:30 PM,ST TE Middle Sch 2,LV2,,LV2,
499,5/14/2014,6:30 PM,ST TE Middle Sch 2,ST,,ST,
198,5/14/2014,6:30 PM,WC Kelly Field,CVL,,CVL,
198,5/14/2014,6:30 PM,WC Kelly Field,WC2,,WC2,
182,5/14/2014,8:00 PM,WC Kelly Field,UNV,,UNV,
182,5/14/2014,8:00 PM,WC Kelly Field,WC1,,WC1,
556,5/14/2014,6:30 PM,WC Rustin HS Grass,ABG3,,ABG3,
556,5/14/2014,6:30 PM,WC Rustin HS Grass,WC1,,WC1,
456,5/14/2014,6:30 PM,WC Rustin HS Stadium,BYC1,,BYC1,
456,5/14/2014,6:30 PM,WC Rustin HS Stadium,WC2,,WC2,
27,5/15/2014,6:30 PM,ASH Haverford Upper,BYC,,BYC,
27,5/15/2014,6:30 PM,ASH Haverford Upper,ASH,,ASH,
105,5/15/2014,6:30 PM,ASH Lower Merion HS,UNV,,UNV,
105,5/15/2014,6:30 PM,ASH Lower Merion HS,ASH,,ASH,
38,5/15/2014,6:30 PM,CVL Black Rock 6,WB,,WB,
38,5/15/2014,6:30 PM,CVL Black Rock 6,CVL,,CVL,
308,5/15/2014,6:30 PM,LV Pine Creek 2,WC2,,WC2,
308,5/15/2014,6:30 PM,LV Pine Creek 2,LV,,LV,
59,5/15/2014,6:30 PM,ST Wilson Park TEYSA,COV,,COV,
59,5/15/2014,6:30 PM,ST Wilson Park TEYSA,ST,,ST,
303,5/15/2014,6:30 PM,WB Downingtown MS,COV,,COV,
303,5/15/2014,6:30 PM,WB Downingtown MS,WB,,WB,
360,5/15/2014,6:30 PM,WC Kelly Field,WC2,,WC2,
360,5/15/2014,6:30 PM,WC Kelly Field,WC1,,WC1,
39,5/15/2014,8:00 PM,WC Kelly Field,GV,,GV,
39,5/15/2014,8:00 PM,WC Kelly Field,WC,,WC,
519,5/17/2014,11:45 AM,ABG Huntingdon Lower S,ASH,,ASH,
519,5/17/2014,11:45 AM,ABG Huntingdon Lower S,ABG2,,ABG2,
333,5/17/2014,1:30 PM,ABG Huntingdon Lower S,COV2,,COV2,
333,5/17/2014,1:30 PM,ABG Huntingdon Lower S,ABG,,ABG,
76,5/17/2014,3:15 PM,ABG Huntingdon Lower S,KEN,,KEN,
76,5/17/2014,3:15 PM,ABG Huntingdon Lower S,ABG,,ABG,
549,5/17/2014,10:00 AM,AVG Avon Grove HS 1,LV1,,LV1,
549,5/17/2014,10:00 AM,AVG Avon Grove HS 1,AVG1,,AVG1,
454,5/17/2014,11:45 AM,AVG Avon Grove HS 1,WB2,,WB2,
454,5/17/2014,11:45 AM,AVG Avon Grove HS 1,AVG2,,AVG2,
266,5/17/2014,1:30 PM,BYC Concord Muni 1,AVG,,AVG,
266,5/17/2014,1:30 PM,BYC Concord Muni 1,BYC,,BYC,
396,5/17/2014,3:15 PM,BYC Concord Muni 1,BYC1,,BYC1,
396,5/17/2014,3:15 PM,BYC Concord Muni 1,BYC2,,BYC2,
98,5/17/2014,5:00 PM,BYC Concord Muni 1,COV,,COV,
98,5/17/2014,5:00 PM,BYC Concord Muni 1,BYC,,BYC,
431,5/17/2014,10:00 AM,BYC Concord Muni 2,KEN1,,KEN1,
431,5/17/2014,10:00 AM,BYC Concord Muni 2,BYC3,,BYC3,
462,5/17/2014,11:45 AM,BYC Concord Muni 2,WC1,,WC1,
462,5/17/2014,11:45 AM,BYC Concord Muni 2,BYC2,,BYC2,
172,5/17/2014,1:30 PM,BYC Concord Muni 2,WC1,,WC1,
172,5/17/2014,1:30 PM,BYC Concord Muni 2,BYC,,BYC,
521,5/17/2014,11:45 AM,COV Batdorf Park,ABG1,,ABG1,
521,5/17/2014,11:45 AM,COV Batdorf Park,COV1,,COV1,
540,5/17/2014,1:30 PM,COV Batdorf Park,COV3,,COV3,
540,5/17/2014,1:30 PM,COV Batdorf Park,COV2,,COV2,
217,5/17/2014,3:15 PM,COV Batdorf Park,ASH,,ASH,
217,5/17/2014,3:15 PM,COV Batdorf Park,COV,,COV,
215,5/17/2014,11:45 AM,CVL Evans Elem,ST,,ST,
215,5/17/2014,11:45 AM,CVL Evans Elem,CVL,,CVL,
21,5/17/2014,1:30 PM,CVL Evans Elem,AVG,,AVG,
21,5/17/2014,1:30 PM,CVL Evans Elem,CVL,,CVL,
138,5/17/2014,3:15 PM,CVL Evans Elem,ST,,ST,
138,5/17/2014,3:15 PM,CVL Evans Elem,CVL,,CVL,
163,5/17/2014,12:15 PM,GV Great Valley MS,AVG,,AVG,
163,5/17/2014,12:15 PM,GV Great Valley MS,GV,,GV,
110,5/17/2014,2:00 PM,GV Great Valley MS,WB,,WB,
110,5/17/2014,2:00 PM,GV Great Valley MS,GV,,GV,
472,5/17/2014,3:45 PM,GV Great Valley MS,WB1,,WB1,
472,5/17/2014,3:45 PM,GV Great Valley MS,GV2,,GV2,
315,5/17/2014,10:00 AM,KEN Legacy Field C,AVG,,AVG,
315,5/17/2014,10:00 AM,KEN Legacy Field C,KEN,,KEN,
9,5/17/2014,11:45 AM,KEN Legacy Field C,ABG,,ABG,
9,5/17/2014,11:45 AM,KEN Legacy Field C,KEN,,KEN,
155,5/17/2014,1:30 PM,KEN Legacy Field C,ABG,,ABG,
155,5/17/2014,1:30 PM,KEN Legacy Field C,KEN,,KEN,
440,5/17/2014,3:15 PM,KEN Legacy Field C,BYC1,,BYC1,
440,5/17/2014,3:15 PM,KEN Legacy Field C,KEN2,,KEN2,
405,5/17/2014,5:00 PM,KEN Legacy Field C,KEN2,,KEN2,
405,5/17/2014,5:00 PM,KEN Legacy Field C,KEN1,,KEN1,
84,5/17/2014,10:00 AM,LV Hoeffecker,AVG,,AVG,
84,5/17/2014,10:00 AM,LV Hoeffecker,LV,,LV,
25,5/17/2014,11:45 AM,LV Hoeffecker,BYC,,BYC,
25,5/17/2014,11:45 AM,LV Hoeffecker,LV,,LV,
506,5/17/2014,1:30 PM,LV Hoeffecker,CVL3,,CVL3,
506,5/17/2014,1:30 PM,LV Hoeffecker,LV3,,LV3,
495,5/17/2014,3:15 PM,LV Hoeffecker,CVL2,,CVL2,
495,5/17/2014,3:15 PM,LV Hoeffecker,LV2,,LV2,
329,5/17/2014,1:30 PM,ST TE Middle Sch 1,COV1,,COV1,
329,5/17/2014,1:30 PM,ST TE Middle Sch 1,ST2,,ST2,
319,5/17/2014,10:00 AM,ST TE Middle Sch 2,CVL,,CVL,
319,5/17/2014,10:00 AM,ST TE Middle Sch 2,ST1,,ST1,
246,5/17/2014,11:45 AM,ST TE Middle Sch 2,ST2,,ST2,
246,5/17/2014,11:45 AM,ST TE Middle Sch 2,ST1,,ST1,
47,5/17/2014,1:30 PM,ST Wilson Park TEYSA,GV,,GV,
47,5/17/2014,1:30 PM,ST Wilson Park TEYSA,ST,,ST,
236,5/17/2014,2:00 PM,UNV Upland Country DS,ABG,,ABG,
236,5/17/2014,2:00 PM,UNV Upland Country DS,UNV,,UNV,
364,5/17/2014,3:45 PM,UNV Upland Country DS,LV2,,LV2,
364,5/17/2014,3:45 PM,UNV Upland Country DS,UNV,,UNV,
183,5/17/2014,10:00 AM,WB Embreeville,WC2,,WC2,
183,5/17/2014,10:00 AM,WB Embreeville,WB,,WB,
372,5/17/2014,11:45 AM,WB Embreeville,WC3,,WC3,
372,5/17/2014,11:45 AM,WB Embreeville,WB,,WB,
309,5/17/2014,1:30 PM,WB Embreeville,LV,,LV,
309,5/17/2014,1:30 PM,WB Embreeville,WB,,WB,
37,5/17/2014,3:15 PM,WB Embreeville,COV,,COV,
37,5/17/2014,3:15 PM,WB Embreeville,WB,,WB,
304,5/17/2014,11:45 AM,WC Henderson HS,ST,,ST,
304,5/17/2014,11:45 AM,WC Henderson HS,WC2,,WC2,
242,5/17/2014,1:30 PM,WC Kelly Field,ASH,,ASH,
242,5/17/2014,1:30 PM,WC Kelly Field,WC,,WC,
301,5/17/2014,3:15 PM,WC Kelly Field,COV,,COV,
301,5/17/2014,3:15 PM,WC Kelly Field,WC1,,WC1,
101,5/17/2014,5:00 PM,WC Kelly Field,UNV,,UNV,
101,5/17/2014,5:00 PM,WC Kelly Field,WC,,WC,
127,5/18/2014,1:45 PM,ABG Acad New Church,GV,,GV,
127,5/18/2014,1:45 PM,ABG Acad New Church,ABG,,ABG,
54,5/18/2014,1:45 PM,LV Hoeffecker,ABG,,ABG,
54,5/18/2014,1:45 PM,LV Hoeffecker,LV,,LV,
251,5/19/2014,6:30 PM,AVG Harmony Park,ST1,,ST1,
251,5/19/2014,6:30 PM,AVG Harmony Park,AVG,,AVG,
414,5/19/2014,6:30 PM,BYC Bethel Spr ES 12,WC1,,WC1,
414,5/19/2014,6:30 PM,BYC Bethel Spr ES 12,BYC2,,BYC2,
391,5/19/2014,6:30 PM,BYC GVMS Temple,UNV,,UNV,
391,5/19/2014,6:30 PM,BYC GVMS Temple,BYC1,,BYC1,
334,5/19/2014,7:00 PM,COV OJR HS,ST1,,ST1,
334,5/19/2014,7:00 PM,COV OJR HS,COV2,,COV2,
322,5/19/2014,6:30 PM,CVL Mt Kirk,GV,,GV,
322,5/19/2014,6:30 PM,CVL Mt Kirk,CVL,,CVL,
361,5/19/2014,6:30 PM,LV Lionville MS,WC3,,WC3,
361,5/19/2014,6:30 PM,LV Lionville MS,LV2,,LV2,
252,5/19/2014,6:30 PM,ST TE Middle Sch 1,LV,,LV,
252,5/19/2014,6:30 PM,ST TE Middle Sch 1,ST2,,ST2,
177,5/19/2014,6:30 PM,UNV Patton MS 17,ASH,,ASH,
177,5/19/2014,6:30 PM,UNV Patton MS 17,UNV,,UNV,
378,5/19/2014,6:30 PM,WB Embreeville,WC4,,WC4,
378,5/19/2014,6:30 PM,WB Embreeville,WB,,WB,
311,5/19/2014,6:30 PM,WC Kelly Field,KEN,,KEN,
311,5/19/2014,6:30 PM,WC Kelly Field,WC1,,WC1,
267,5/20/2014,6:30 PM,ABG Huntingdon Lower N,CVL,,CVL,
267,5/20/2014,6:30 PM,ABG Huntingdon Lower N,ABG,,ABG,
139,5/20/2014,6:30 PM,ASH Lower Merion HS,ABG,,ABG,
139,5/20/2014,6:30 PM,ASH Lower Merion HS,ASH,,ASH,
403,5/20/2014,6:30 PM,AVG Avon Grove HS 1,KEN1,,KEN1,
403,5/20/2014,6:30 PM,AVG Avon Grove HS 1,AVG,,AVG,
244,5/20/2014,6:30 PM,BYC GVMS Temple,ASH,,ASH,
244,5/20/2014,6:30 PM,BYC GVMS Temple,BYC,,BYC,
332,5/20/2014,7:00 PM,COV OJR HS,WC2,,WC2,
332,5/20/2014,7:00 PM,COV OJR HS,COV1,,COV1,
93,5/20/2014,6:30 PM,GV Great Valley MS,BYC,,BYC,
93,5/20/2014,6:30 PM,GV Great Valley MS,GV,,GV,
351,5/20/2014,6:30 PM,LV Lionville MS,ST2,,ST2,
351,5/20/2014,6:30 PM,LV Lionville MS,LV1,,LV1,
108,5/20/2014,6:30 PM,UNV Patton MS 17,CVL,,CVL,
108,5/20/2014,6:30 PM,UNV Patton MS 17,UNV,,UNV,
111,5/20/2014,6:30 PM,WB Embreeville,LV,,LV,
111,5/20/2014,6:30 PM,WB Embreeville,WB,,WB,
261,5/20/2014,6:30 PM,WC Kelly Field,UNV,,UNV,
261,5/20/2014,6:30 PM,WC Kelly Field,WC,,WC,
119,5/20/2014,8:00 PM,WC Kelly Field,ST,,ST,
119,5/20/2014,8:00 PM,WC Kelly Field,WC,,WC,
196,5/21/2014,6:30 PM,ABG Huntingdon Lower N,WC1,,WC1,
196,5/21/2014,6:30 PM,ABG Huntingdon Lower N,ABG,,ABG,
534,5/21/2014,6:30 PM,ABG Huntingdon Lower S,CVL3,,CVL3,
534,5/21/2014,6:30 PM,ABG Huntingdon Lower S,ABG3,,ABG3,
520,5/21/2014,6:30 PM,ASH Lower Merion HS,ABG1,,ABG1,
520,5/21/2014,6:30 PM,ASH Lower Merion HS,ASH,,ASH,
164,5/21/2014,6:30 PM,AVG Harmony Park,LV,,LV,
164,5/21/2014,6:30 PM,AVG Harmony Park,AVG,,AVG,
429,5/21/2014,6:30 PM,BYC Bethel Spr ES 12,KEN1,,KEN1,
429,5/21/2014,6:30 PM,BYC Bethel Spr ES 12,BYC1,,BYC1,
451,5/21/2014,6:30 PM,BYC Concord Muni 2,AVG2,,AVG2,
451,5/21/2014,6:30 PM,BYC Concord Muni 2,BYC2,,BYC2,
221,5/21/2014,7:00 PM,COV OJR HS,CVL,,CVL,
221,5/21/2014,7:00 PM,COV OJR HS,COV,,COV,
555,5/21/2014,6:30 PM,CVL Evans Elem,WB2,,WB2,
555,5/21/2014,6:30 PM,CVL Evans Elem,CVL1,,CVL1,
483,5/21/2014,6:30 PM,GV Great Valley MS,GV1,,GV1,
483,5/21/2014,6:30 PM,GV Great Valley MS,GV2,,GV2,
442,5/21/2014,6:30 PM,KEN Legacy Field B,BYC3,,BYC3,
442,5/21/2014,6:30 PM,KEN Legacy Field B,KEN2,,KEN2,
502,5/21/2014,6:30 PM,LV Eagleview 1,COV1,,COV1,
502,5/21/2014,6:30 PM,LV Eagleview 1,LV3,,LV3,
484,5/21/2014,6:30 PM,LV Eagleview 2,LV2,,LV2,
484,5/21/2014,6:30 PM,LV Eagleview 2,LV1,,LV1,
508,5/21/2014,6:30 PM,ST TE Middle Sch 1,CVL2,,CVL2,
508,5/21/2014,6:30 PM,ST TE Middle Sch 1,ST,,ST,
207,5/21/2014,6:30 PM,ST TE Middle Sch 2,GV,,GV,
207,5/21/2014,6:30 PM,ST TE Middle Sch 2,ST,,ST,
473,5/21/2014,6:30 PM,WB Embreeville,WC1,,WC1,
473,5/21/2014,6:30 PM,WB Embreeville,WB1,,WB1,
447,5/21/2014,6:30 PM,WC Kelly Field,AVG1,,AVG1,
447,5/21/2014,6:30 PM,WC Kelly Field,WC2,,WC2,
173,5/21/2014,8:00 PM,WC Kelly Field,BYC,,BYC,
173,5/21/2014,8:00 PM,WC Kelly Field,WC2,,WC2,
58,5/22/2014,6:30 PM,ABG Huntingdon Lower N,ST,,ST,
58,5/22/2014,6:30 PM,ABG Huntingdon Lower N,ABG,,ABG,
42,5/22/2014,6:30 PM,ASH Haverford Upper,WC,,WC,
42,5/22/2014,6:30 PM,ASH Haverford Upper,ASH,,ASH,
120,5/22/2014,6:30 PM,ASH Lower Merion HS,WC,,WC,
120,5/22/2014,6:30 PM,ASH Lower Merion HS,ASH,,ASH,
305,5/22/2014,6:30 PM,AVG Avon Grove HS 1,ST,,ST,
305,5/22/2014,6:30 PM,AVG Avon Grove HS 1,AVG,,AVG,
22,5/22/2014,6:30 PM,BYC GVMS Temple,WB,,WB,
22,5/22/2014,6:30 PM,BYC GVMS Temple,BYC,,BYC,
302,5/22/2014,6:30 PM,COV Batdorf Park,LV,,LV,
302,5/22/2014,6:30 PM,COV Batdorf Park,COV,,COV,
55,5/22/2014,7:00 PM,COV OJR HS,LV,,LV,
55,5/22/2014,7:00 PM,COV OJR HS,COV,,COV,
51,5/22/2014,6:30 PM,CVL Mt Kirk,GV,,GV,
51,5/22/2014,6:30 PM,CVL Mt Kirk,CVL,,CVL,
1,5/22/2014,6:30 PM,KEN Legacy Field B,AVG,,AVG,
1,5/22/2014,6:30 PM,KEN Legacy Field B,KEN,,KEN,
210,5/22/2014,6:30 PM,LV Eagleview 1,LV,,LV,
210,5/22/2014,6:30 PM,LV Eagleview 1,COV,,COV,
313,5/22/2014,6:30 PM,WB Downingtown MS,WC2,,WC2,
313,5/22/2014,6:30 PM,WB Downingtown MS,WB,,WB,
 ,,,,,,,
 ,,,,,,,
 ,,,,,,,
 ,,,,,,,
,,,,,,,
,,,,,,,
,,,,,,,
,,,,,,,
,,,,,,,
,,,,,,,
,,,,,,,
,,,,,,,
,,,,,,,
,,,,,,,
,,,,,,,
,,,,,,,
,,,,,,,
,,,,,,,
,,,,,,,
,,,,,,,
,,,,,,,
,,,,,,,
,,,,,,,
,,,,,,,
,,,,,,,
,,,,,,,
,,,,,,,
,,,,,,,
,,,,,,,
,,,,,,,
,,,,,,,
,,,,,,,
,,,,,,,
,,,,,,,
,,,,,,,
,,,,,,,
,,,,,,,
,,,,,,,
,,,,,,,
,,,,,,,
,,,,,,,
,,,,,,,
,,,,,,,
,,,,,,,
,,,,,,,
