game,date,time,field,bracket,ROUND,team,SCORE
3767866,04/11/2015,9:00 AM,Wissahickon,A3,,Wissahickon A3,
3767866,04/11/2015,9:00 AM,Wissahickon,A3,,Horsham A3,
3767949,04/11/2015,9:00 AM,CCLC,B3,,Crooked Crosse B3,
3767949,04/11/2015,9:00 AM,CCLC,B3,,Souderton B3,
3767907,04/11/2015,9:00 AM,CBAA 2,B2,,CBAA B2,
3767907,04/11/2015,9:00 AM,CBAA 2,B2,,Boyertown B2,
3767831,04/11/2015,9:00 AM,William Penn Middle Scho,A3,,Lower Bucks Blue A3,
3767831,04/11/2015,9:00 AM,William Penn Middle Scho,A3,,Lansing A3,
3761666,04/11/2015,9:30 AM,Haven - King Field Turf,A3,,Haven A3,
3761666,04/11/2015,9:30 AM,Haven - King Field Turf,A3,,Radnor Maroon A3,
3767931,04/11/2015,10:00 AM,Twin Oaks Day Camp Field,B2,,Warriors B2,
3767931,04/11/2015,10:00 AM,Twin Oaks Day Camp Field,B2,,Souderton B2,
3761636,04/11/2015,10:00 AM,St Joe - Mary St,A2,,StJoes A2,
3761636,04/11/2015,10:00 AM,St Joe - Mary St,A2,,Aston A2,
3760514,04/11/2015,10:00 AM,Gauntlett Center,A1,,Marple A1,
3760514,04/11/2015,10:00 AM,Gauntlett Center,A1,,Warriors A1,
3767989,04/11/2015,10:00 AM,Spartan,B3,,Spartan B3,
3767989,04/11/2015,10:00 AM,Spartan,B3,,North Penn B3,
3760516,04/11/2015,10:00 AM,Wissahickon,A1,,Wissahickon A1,
3760516,04/11/2015,10:00 AM,Wissahickon,A1,,Conshohocken A1,
3767999,04/11/2015,10:30 AM,Nathaniel Boileau Park,B3,,Upper Moreland B3,
3767999,04/11/2015,10:30 AM,Nathaniel Boileau Park,B3,,Council Rock B3,
3750103,04/11/2015,10:30 AM,CBAA 1,A1A,,CBAA  A1A,
3750103,04/11/2015,10:30 AM,CBAA 1,A1A,,Council Rock A1A,
3767751,04/11/2015,10:30 AM,Deep Run,A1,,Deep Run A1,
3767751,04/11/2015,10:30 AM,Deep Run,A1,,Boyertown A1,
3750140,04/11/2015,10:30 AM,CCLC,A1A,,Crooked Crosse A1A,
3750140,04/11/2015,10:30 AM,CCLC,A1A,,Springfield A1A,
3770144,04/11/2015,10:30 AM,CBAA 2,B1A,,CBAA B1A,
3770144,04/11/2015,10:30 AM,CBAA 2,B1A,,Boyertown B1A,
3767887,04/11/2015,10:30 AM,Cedar Hill Park,B1,,Horsham B1,
3767887,04/11/2015,10:30 AM,Cedar Hill Park,B1,,Warriors B1,
3768575,04/11/2015,10:30 AM,Souderton,A2,,Souderton White A2,
3768575,04/11/2015,10:30 AM,Souderton,A2,,Council Rock White A2,
3767836,04/11/2015,10:30 AM,William Penn Middle Scho,A3,,Lower Bucks White A3,
3767836,04/11/2015,10:30 AM,William Penn Middle Scho,A3,,Warriors A3,
3767763,04/11/2015,10:30 AM,Perk Valley Middle Schoo,A1,,Perkiomen Valley A1,
3767763,04/11/2015,10:30 AM,Perk Valley Middle Schoo,A1,,Horsham A1,
3767851,04/11/2015,10:30 AM,Brooke Elementary School,A3,,Spring-Ford A3,
3767851,04/11/2015,10:30 AM,Brooke Elementary School,A3,,North Penn A3,
3760517,04/11/2015,11:00 AM,Haven - King Field Turf,A1,,Haven A1,
3760517,04/11/2015,11:00 AM,Haven - King Field Turf,A1,,Ashbee A1,
3767766,04/11/2015,11:30 AM,Spartan,A1,,Spartan A1,
3767766,04/11/2015,11:30 AM,Spartan,A1,,North Penn A1,
3761664,04/11/2015,11:45 AM,Gauntlett Center,A3,,Marple Newtown A3,
3761664,04/11/2015,11:45 AM,Gauntlett Center,A3,,Haverford A3,
3767954,04/11/2015,12:00 PM,Cedar Hill Park,B3,,Horsham B3,
3767954,04/11/2015,12:00 PM,Cedar Hill Park,B3,,Lansing B3,
3767923,04/11/2015,12:00 PM,PMYC Clubhouse Field,B2,,Phoenixville B2,
3767923,04/11/2015,12:00 PM,PMYC Clubhouse Field,B2,,Deep Run B2,
3768574,04/11/2015,12:00 PM,Souderton,A2,,Souderton Red A2,
3768574,04/11/2015,12:00 PM,Souderton,A2,,Phoenixville A2,
3763150,04/11/2015,12:00 PM,Harriton 1,B1A,,Ashbee B1A,
3763150,04/11/2015,12:00 PM,Harriton 1,B1A,,Springfield B1A,
3767778,04/11/2015,12:00 PM,CCLC,A2,,Crooked Crosse A2,
3767778,04/11/2015,12:00 PM,CCLC,A2,,Council Rock Blue A2,
3767786,04/11/2015,12:00 PM,William Penn Middle Scho,A2,,Lower Bucks A2,
3767786,04/11/2015,12:00 PM,William Penn Middle Scho,A2,,Warriors A2,
3767984,04/11/2015,12:00 PM,Perk Valley Middle Schoo,B3,,Perkiomen Valley B3,
3767984,04/11/2015,12:00 PM,Perk Valley Middle Schoo,B3,,Wissahickon Blue B3,
3768553,04/11/2015,12:00 PM,CBAA 1,A1,,CBAA A1,
3768553,04/11/2015,12:00 PM,CBAA 1,A1,,Calvary A1,
3767782,04/11/2015,12:00 PM,Deep Run,A2,,Deep Run A2,
3767782,04/11/2015,12:00 PM,Deep Run,A2,,Boyertown A2,
3763170,04/11/2015,12:00 PM,Moorestown,B1A,,Moorestown B1A,
3763170,04/11/2015,12:00 PM,Moorestown,B1A,,Radnor B1A,
3767856,04/11/2015,12:00 PM,Nathaniel Boileau Park,A3,,Upper Moreland A3,
3767856,04/11/2015,12:00 PM,Nathaniel Boileau Park,A3,,Council Rock  A3,
3761663,04/11/2015,12:00 PM,Prevost Field,A3,,Radnor White A3,
3761663,04/11/2015,12:00 PM,Prevost Field,A3,,Ashbee A3,
3768219,04/11/2015,12:00 PM,CBAA 2,B3,,CBAA B3,
3768219,04/11/2015,12:00 PM,CBAA 2,B3,,Boyertown B3,
3767798,04/11/2015,12:00 PM,Brooke Elementary School,A2,,Spring-Ford A2,
3767798,04/11/2015,12:00 PM,Brooke Elementary School,A2,,North Penn A2,
3768179,04/11/2015,1:00 PM,Spartan,B1,,Spartan B1,
3768179,04/11/2015,1:00 PM,Spartan,B1,,North Penn B1,
3767927,04/11/2015,1:30 PM,Nathaniel Boileau Park,B2,,Upper Moreland B2,
3767927,04/11/2015,1:30 PM,Nathaniel Boileau Park,B2,,Council Rock B2,
3768554,04/11/2015,1:30 PM,CBAA 1,A3,,CBAA A3,
3768554,04/11/2015,1:30 PM,CBAA 1,A3,,Perkiomen Valley A3,
3770136,04/11/2015,1:30 PM,CBAA 2,B1,,CBAA B1,
3770136,04/11/2015,1:30 PM,CBAA 2,B1,,Calvary B1,
3768155,04/11/2015,1:30 PM,CBAA 2,B1,,CBAA B1,
3768155,04/11/2015,1:30 PM,CBAA 2,B1,,Calvary B1,
3770137,04/11/2015,1:30 PM,CBAA 2,B1,,CBAA B1,
3770137,04/11/2015,1:30 PM,CBAA 2,B1,,Calvary B1,
3763190,04/11/2015,1:30 PM,Brooke Elementary,B1A,,Spring-Ford B1A,
3763190,04/11/2015,1:30 PM,Brooke Elementary,B1A,,Crooked Crosse B1A,
3767969,04/11/2015,1:30 PM,William Penn Middle Scho,B3,,Lower Bucks White B3,
3767969,04/11/2015,1:30 PM,William Penn Middle Scho,B3,,Warriors White B3,
3767994,04/11/2015,3:00 PM,Brooke Elementary School,B3,,Spring-Ford B3,
3767994,04/11/2015,3:00 PM,Brooke Elementary School,B3,,New Hope B3,
3767964,04/11/2015,3:00 PM,William Penn Middle Scho,B3,,Lower Bucks Blue B3,
3767964,04/11/2015,3:00 PM,William Penn Middle Scho,B3,,Wariors Blue B3,
3769595,04/11/2015,3:00 PM,Ridley Municipal Park,B2,,Ridley B2,
3769595,04/11/2015,3:00 PM,Ridley Municipal Park,B2,,Drexel Hill B2,
3767911,04/12/2015,10:30 AM,Newtown Elementary,B2,,Council Rock B2,
3767911,04/12/2015,10:30 AM,Newtown Elementary,B2,,CBAA B2,
3763154,04/12/2015,10:30 AM,Boyertown,B1A,,Boyertown B1A,
3763154,04/12/2015,10:30 AM,Boyertown,B1A,,Wissahickon B1A,
3763162,04/12/2015,11:00 AM,CCLC,B1A,,Crooked Crosse B1A,
3763162,04/12/2015,11:00 AM,CCLC,B1A,,Perkiomen Valley B1A,
3768032,04/12/2015,12:00 PM,Deep Run,A1,,Deep Run A1,
3768032,04/12/2015,12:00 PM,Deep Run,A1,,North Penn A1,
3763186,04/12/2015,12:00 PM,Springfield - Church Rd,B1A,,Springfield B1A,
3763186,04/12/2015,12:00 PM,Springfield - Church Rd,B1A,,Moorestown B1A,
3767857,04/12/2015,12:00 PM,Nathaniel Boileau Park,A3,,Upper Moreland A3,
3767857,04/12/2015,12:00 PM,Nathaniel Boileau Park,A3,,North Penn A3,
3767944,04/12/2015,12:00 PM,Newtown Elementary,B3,,Council Rock B3,
3767944,04/12/2015,12:00 PM,Newtown Elementary,B3,,Spartan B3,
3767871,04/12/2015,12:00 PM,Calvary AA,B1,,Calvary B1,
3767871,04/12/2015,12:00 PM,Calvary AA,B1,,Warriors B1,
3767821,04/12/2015,12:00 PM,Cedar Hill Park,A3,,Horsham A3,
3767821,04/12/2015,12:00 PM,Cedar Hill Park,A3,,Spring-Ford A3,
3767959,04/12/2015,12:00 PM,Abraham Lincoln High Sch,B3,,Lansing B3,
3767959,04/12/2015,12:00 PM,Abraham Lincoln High Sch,B3,,Wariors Blue B3,
3768595,04/12/2015,12:00 PM,Boyertown,B3,,Boyertown B3,
3768595,04/12/2015,12:00 PM,Boyertown,B3,,Wissahickon Gold B3,
3763159,04/12/2015,12:00 PM,CBAA 2,B1A,,CBAA B1A,
3763159,04/12/2015,12:00 PM,CBAA 2,B1A,,Spring-Ford B1A,
3768009,04/12/2015,12:00 PM,Twin Oaks Day Camp Field,B3,,Warriors White B3,
3768009,04/12/2015,12:00 PM,Twin Oaks Day Camp Field,B3,,Lower Bucks Blue B3,
3767985,04/12/2015,12:00 PM,Perk Valley Middle Schoo,B3,,Perkiomen Valley B3,
3767985,04/12/2015,12:00 PM,Perk Valley Middle Schoo,B3,,Upper Moreland B3,
3763151,04/12/2015,12:00 PM,Lower Merion - Grass,B1A,,Ashbee B1A,
3763151,04/12/2015,12:00 PM,Lower Merion - Grass,B1A,,Rose Tree B1A,
3767974,04/12/2015,12:00 PM,Hardy Bush Fields,B3,,New Hope B3,
3767974,04/12/2015,12:00 PM,Hardy Bush Fields,B3,,Wissahickon Blue B3,
3767787,04/12/2015,12:00 PM,William Penn Middle Scho,A2,,Lower Bucks A2,
3767787,04/12/2015,12:00 PM,William Penn Middle Scho,A2,,Spring-Ford A2,
3767779,04/12/2015,12:30 PM,CCLC,A2,,Crooked Crosse A2,
3767779,04/12/2015,12:30 PM,CCLC,A2,,Phoenixville A2,
3769811,04/12/2015,1:00 PM,Haverford,B3,,Haverford B3,
3769811,04/12/2015,1:00 PM,Haverford,B3,,Radnor White B3,
3771219,04/12/2015,1:00 PM,Heuser Field 1,C2,,Upper Merion C2,
3771219,04/12/2015,1:00 PM,Heuser Field 1,C2,,Haven C2,
3769594,04/12/2015,1:00 PM,Encke Field,B2,,Radnor B2,
3769594,04/12/2015,1:00 PM,Encke Field,B2,,Haverford B2,
3771110,04/12/2015,1:00 PM,Rose Tree,C,,Rose Tree C,
3771110,04/12/2015,1:00 PM,Rose Tree,C,,Ridley C,
3769814,04/12/2015,1:00 PM,Aston (Pennell Field),B3,,Aston B3,
3769814,04/12/2015,1:00 PM,Aston (Pennell Field),B3,,Rose Tree B3,
3769596,04/12/2015,1:00 PM,Conshohocken,B1,,Conshohocken B1,
3769596,04/12/2015,1:00 PM,Conshohocken,B2,,Marple Newtown B2,
3761638,04/12/2015,1:00 PM,Drexel Hill,A2,,Drexel Hill A2,
3761638,04/12/2015,1:00 PM,Drexel Hill,A2,,Radnor A2,
3761637,04/12/2015,1:00 PM,Interboro,A2,,Interboro A2,
3761637,04/12/2015,1:00 PM,Interboro,A2,,Rose Tree A2,
3768902,04/12/2015,1:00 PM,Haven - King Field Turf,B1,,Haven B1,
3768902,04/12/2015,1:00 PM,Haven - King Field Turf,B1,,Radnor B1,
3750134,04/12/2015,1:00 PM,Radnor Memorial Park,A1A,,Radnor A1A,
3750134,04/12/2015,1:00 PM,Radnor Memorial Park,A1A,,Haverford A1A,
3769813,04/12/2015,1:00 PM,Episcopal Academy Turf,B3,,Marple B3,
3769813,04/12/2015,1:00 PM,Episcopal Academy Turf,B3,,Radnor Maroon B3,
3767940,04/12/2015,1:30 PM,CBAA 2,B3,,CBAA B3,
3767940,04/12/2015,1:30 PM,CBAA 2,B3,,Spring-Ford B3,
3767924,04/12/2015,1:30 PM,PMYC Clubhouse Field,B2,,Phoenixville B2,
3767924,04/12/2015,1:30 PM,PMYC Clubhouse Field,B2,,Upper Moreland B2,
3767919,04/12/2015,1:30 PM,Abraham Lincoln High Sch,B2,,Lansing B2,
3767919,04/12/2015,1:30 PM,Abraham Lincoln High Sch,B2,,Warriors B2,
3767755,04/12/2015,1:30 PM,Cedar Hill Park,A1,,Horsham A1,
3767755,04/12/2015,1:30 PM,Cedar Hill Park,A1,,Spartan A1,
3767891,04/12/2015,1:30 PM,William Penn Middle Scho,B1,,Lower Bucks B1,
3767891,04/12/2015,1:30 PM,William Penn Middle Scho,B1,,Horsham B1,
3767846,04/12/2015,1:30 PM,Perk Valley Middle Schoo,A3,,Perkiomen Valley A3,
3767846,04/12/2015,1:30 PM,Perk Valley Middle Schoo,A3,,Wissahickon A3,
3767861,04/12/2015,1:30 PM,Twin Oaks Day Camp Field,A3,,Warriors A3,
3767861,04/12/2015,1:30 PM,Twin Oaks Day Camp Field,A3,,Calvary A3,
3768159,04/12/2015,1:30 PM,Newtown Elementary,B1,,Council Rock B1,
3768159,04/12/2015,1:30 PM,Newtown Elementary,B1,,Spartan B1,
3767745,04/12/2015,1:30 PM,Calvary AA,A1,,Calvary A1,
3767745,04/12/2015,1:30 PM,Calvary AA,A1,,Perkiomen Valley A1,
3767783,04/12/2015,1:30 PM,Deep Run,A2,,Deep Run A2,
3767783,04/12/2015,1:30 PM,Deep Run,A2,,North Penn A2,
3769593,04/12/2015,1:45 PM,Springfield - Church Rd,B2,,Springfield B2,
3769593,04/12/2015,1:45 PM,Springfield - Church Rd,B2,,Ashbee B2,
3768903,04/12/2015,1:45 PM,Lower Merion - Grass,B1,,Asbee B1,
3768903,04/12/2015,1:45 PM,Lower Merion - Grass,B1,,Springfield B1,
3768576,04/12/2015,2:00 PM,Souderton,B3,,Souderton B3,
3768576,04/12/2015,2:00 PM,Souderton,B3,,North Penn B3,
3771218,04/12/2015,2:45 PM,EA Stadium Turf,C2,,Marple Newtown C2,
3771218,04/12/2015,2:45 PM,EA Stadium Turf,C2,,Aston C2,
3769812,04/12/2015,2:45 PM,Haven - King Field Turf,B3,,Haven B3,
3769812,04/12/2015,2:45 PM,Haven - King Field Turf,B3,,Ridley B3,
3763178,04/12/2015,2:45 PM,Radnor Memorial Park,B1A,,Radnor B1A,
3763178,04/12/2015,2:45 PM,Radnor Memorial Park,B1A,,Haverford B1A,
3771109,04/12/2015,2:45 PM,Episcopal Academy Turf,C,,Marple Newtown C,
3771109,04/12/2015,2:45 PM,Episcopal Academy Turf,C,,Upper Merion C,
3771107,04/12/2015,2:45 PM,Encke Field,C,,Radnor C,
3771107,04/12/2015,2:45 PM,Encke Field,C1,,Springfield C1,
3768901,04/12/2015,2:45 PM,Interboro,B1,,Interboro B1,
3768901,04/12/2015,2:45 PM,Interboro,B1,,Ridley B1,
3771220,04/12/2015,2:45 PM,Drexel Hill,C2,,Drexel Hill C2,
3771220,04/12/2015,2:45 PM,Drexel Hill,C2,,Conshohocken C2,
3768092,04/12/2015,3:00 PM,CBAA 1,A3,,CBAA A3,
3768092,04/12/2015,3:00 PM,CBAA 1,A3,,Lower Bucks Blue A3,
3768163,04/12/2015,3:00 PM,Deep Run,B1,,Deep Run B1,
3768163,04/12/2015,3:00 PM,Deep Run,B1,,North Penn B1,
3767770,04/12/2015,3:00 PM,Newtown Elementary,A2,,Council Rock Blue A2,
3767770,04/12/2015,3:00 PM,Newtown Elementary,A2,,Souderton White A2,
3760515,04/12/2015,3:00 PM,Ridley Municipal Park,A1,,Ridley A1,
3760515,04/12/2015,3:00 PM,Ridley Municipal Park,A1,,Lower Bucks A1,
3768607,04/12/2015,3:00 PM,Boyertown,B2,,Boyertown B2,
3768607,04/12/2015,3:00 PM,Boyertown,B2,,Wissahickon B2,
3767970,04/12/2015,3:00 PM,William Penn Middle Scho,B3,,Lower Bucks White B3,
3767970,04/12/2015,3:00 PM,William Penn Middle Scho,B3,,Horsham B3,
3771221,04/12/2015,3:30 PM,Springfield - Church Rd,C2,,Springfield C2,
3771221,04/12/2015,3:30 PM,Springfield - Church Rd,Green,,Ridley C2 Green,
3771111,04/12/2015,4:30 PM,Haverford,C,,Haverford C,
3771111,04/12/2015,4:30 PM,Haverford,C,,Haven C,
3761665,04/12/2015,4:30 PM,Ridley Municipal Park,A3,,Ridley A3,
3761665,04/12/2015,4:30 PM,Ridley Municipal Park,A3,,Springfield A3,
3767774,04/12/2015,4:30 PM,Newtown Elementary,A2,,Council Rock White A2,
3767774,04/12/2015,4:30 PM,Newtown Elementary,A2,,Souderton Red A2,
3767915,04/12/2015,4:30 PM,Deep Run,B2,,Deep Run B2,
3767915,04/12/2015,4:30 PM,Deep Run,B2,,Souderton B2,
3771108,04/12/2015,4:30 PM,Interboro,C,,Interboro Black C,
3771108,04/12/2015,4:30 PM,Interboro,C,,Ashbee C,
3768594,04/12/2015,4:30 PM,Boyertown,A2,,Boyertown A2,
3768594,04/12/2015,4:30 PM,Boyertown,A2,,Warriors A2,
3761639,04/18/2015,10:00 AM,Aston (Pennell Field),A2,,Aston A2,
3761639,04/18/2015,10:00 AM,Aston (Pennell Field),A2,,Interboro A2,
3760520,04/18/2015,10:00 AM,Conshohocken,A1,,Conshohocken A1,
3760520,04/18/2015,10:00 AM,Conshohocken,A1,,Warriors A1,
3761641,04/18/2015,10:00 AM,Rose Tree,A2,,Rose Tree A2,
3761641,04/18/2015,10:00 AM,Rose Tree,A2,,Drexel Hill A2,
3760521,04/18/2015,10:00 AM,Ridley Municipal Park,A1,,Ridley A1,
3760521,04/18/2015,10:00 AM,Ridley Municipal Park,A1,,Haven A1,
3761640,04/18/2015,10:00 AM,Heuser Field 1,A2,,UpperMerion A2,
3761640,04/18/2015,10:00 AM,Heuser Field 1,A2,,StJoes A2,
3760518,04/18/2015,10:00 AM,Gauntlett Center,A1,,Marple A1,
3760518,04/18/2015,10:00 AM,Gauntlett Center,A1,,Lower Bucks A1,
3767862,04/18/2015,10:00 AM,Twin Oaks Day Camp Field,A3,,Warriors A3,
3767862,04/18/2015,10:00 AM,Twin Oaks Day Camp Field,A3,,Upper Moreland A3,
3767852,04/18/2015,10:30 AM,Brooke Elementary School,A3,,Spring-Ford A3,
3767852,04/18/2015,10:30 AM,Brooke Elementary School,A3,,Council Rock  A3,
3767832,04/18/2015,10:30 AM,William Penn Middle Scho,A3,,Lower Bucks Blue A3,
3767832,04/18/2015,10:30 AM,William Penn Middle Scho,A3,,North Penn A3,
3750143,04/18/2015,10:30 AM,Springfield - Sabold,A1A,,Springfield A1A,
3750143,04/18/2015,10:30 AM,Springfield - Sabold,A1A,,Moorestown A1A,
3767935,04/18/2015,10:30 AM,Wissahickon,B2,,Wissahickon B2,
3767935,04/18/2015,10:30 AM,Wissahickon,B2,,Phoenixville B2,
3768596,04/18/2015,10:30 AM,Boyertown,A1,,Boyertown A1,
3768596,04/18/2015,10:30 AM,Boyertown,A1,,Horsham A1,
3763155,04/18/2015,10:30 AM,Boyertown,B1A,,Boyertown B1A,
3763155,04/18/2015,10:30 AM,Boyertown,B1A,,Spring-Ford B1A,
3767822,04/18/2015,10:30 AM,Cedar Hill Park,A3,,Horsham A3,
3767822,04/18/2015,10:30 AM,Cedar Hill Park,A3,,Lansing A3,
3763174,04/18/2015,10:30 AM,Perk Valley MS west,B1A,,Perkiomen Valley B1A,
3763174,04/18/2015,10:30 AM,Perk Valley MS west,B1A,,Wissahickon B1A,
3767753,04/18/2015,10:30 AM,Deep Run,A1,,Deep Run A1,
3767753,04/18/2015,10:30 AM,Deep Run,A1,,Spartan A1,
3750124,04/18/2015,10:30 AM,CBAA 1,A1A,,CBAA  A1A,
3750124,04/18/2015,10:30 AM,CBAA 1,A1A,,Radnor A1A,
3768000,04/18/2015,10:30 AM,Nathaniel Boileau Park,B3,,Upper Moreland B3,
3768000,04/18/2015,10:30 AM,Nathaniel Boileau Park,B3,,CBAA B3,
3767945,04/18/2015,10:30 AM,Newtown Elementary,B3,,Council Rock B3,
3767945,04/18/2015,10:30 AM,Newtown Elementary,B3,,Souderton B3,
3767900,04/18/2015,11:00 AM,Spartan,B1,,Spartan B1,
3767900,04/18/2015,11:00 AM,Spartan,B1,,Lower Bucks B1,
3767975,04/18/2015,11:00 AM,Hardy Bush Fields,B3,,New Hope B3,
3767975,04/18/2015,11:00 AM,Hardy Bush Fields,B3,,Perkiomen Valley B3,
3763166,04/18/2015,11:00 AM,Haverford High School,B1A,,Haverford B1A,
3763166,04/18/2015,11:00 AM,Haverford High School,B1A,,Rose Tree B1A,
3761669,04/18/2015,11:45 AM,Ridley Municipal Park,A3,,Ridley A3,
3761669,04/18/2015,11:45 AM,Ridley Municipal Park,A3,,Radnor White A3,
3767960,04/18/2015,12:00 PM,Abraham Lincoln High Sch,B3,,Lansing B3,
3767960,04/18/2015,12:00 PM,Abraham Lincoln High Sch,B3,,Wissahickon Gold B3,
3767794,04/18/2015,12:00 PM,PMYC Clubhouse Field,A2,,Phoenixville A2,
3767794,04/18/2015,12:00 PM,PMYC Clubhouse Field,A2,,Souderton White A2,
3768597,04/18/2015,12:00 PM,Boyertown,A2,,Boyertown A2,
3768597,04/18/2015,12:00 PM,Boyertown,A2,,Council Rock White A2,
3770125,04/18/2015,12:00 PM,CBAA 1,A1,,CBAA A1,
3770125,04/18/2015,12:00 PM,CBAA 1,A1,,Perkiomen Valley A1,
3767884,04/18/2015,12:00 PM,Deep Run,B1,,Deep Run B1,
3767884,04/18/2015,12:00 PM,Deep Run,B1,,Council Rock B1,
3767780,04/18/2015,12:00 PM,CCLC,A2,,Crooked Crosse A2,
3767780,04/18/2015,12:00 PM,CCLC,A2,,Souderton Red A2,
3767928,04/18/2015,12:00 PM,Nathaniel Boileau Park,B2,,Upper Moreland B2,
3767928,04/18/2015,12:00 PM,Nathaniel Boileau Park,B2,,CBAA B2,
3767788,04/18/2015,12:00 PM,William Penn Middle Scho,A2,,Lower Bucks A2,
3767788,04/18/2015,12:00 PM,William Penn Middle Scho,A2,,North Penn A2,
3760519,04/18/2015,12:00 PM,Shipley Farms 1,A1,,Ashbee A1,
3760519,04/18/2015,12:00 PM,Shipley Farms 1,A1,,Wissahickon A1,
3767847,04/18/2015,12:00 PM,Perk Valley Middle Schoo,A3,,Perkiomen Valley A3,
3767847,04/18/2015,12:00 PM,Perk Valley Middle Schoo,A3,,Lower Bucks White A3,
3767799,04/18/2015,12:00 PM,Brooke Elementary School,A2,,Spring-Ford A2,
3767799,04/18/2015,12:00 PM,Brooke Elementary School,A2,,Council Rock Blue A2,
3761668,04/18/2015,12:15 PM,Springfield - Sabold,A3,,Springfield A3,
3761668,04/18/2015,12:15 PM,Springfield - Sabold,A3,,Radnor Maroon A3,
3767990,04/18/2015,12:30 PM,Spartan,B3,,Spartan B3,
3767990,04/18/2015,12:30 PM,Spartan,B3,,Lower Bucks Blue B3,
3750118,04/18/2015,12:30 PM,Haverford High School,A1A,,Haverford A1A,
3750118,04/18/2015,12:30 PM,Haverford High School,A1A,,Council Rock A1A,
3767802,04/18/2015,1:00 PM,Twin Oaks Day Camp Field,A2,,Warriors A2,
3767802,04/18/2015,1:00 PM,Twin Oaks Day Camp Field,A2,,Deep Run A2,
3768275,04/18/2015,1:30 PM,Brooke Elementary School,B3,,Spring-Ford B3,
3768275,04/18/2015,1:30 PM,Brooke Elementary School,B3,,Crooked Crosse B3,
3768251,04/18/2015,1:30 PM,William Penn Middle Scho,B3,,Lower Bucks White B3,
3768251,04/18/2015,1:30 PM,William Penn Middle Scho,B3,,North Penn B3,
3768904,04/18/2015,1:30 PM,Ridley Municipal Park,B1,,Ridley B1,
3768904,04/18/2015,1:30 PM,Ridley Municipal Park,B1,,Haven B1,
3768196,04/18/2015,1:30 PM,Deep Run,B2,,Deep Run B2,
3768196,04/18/2015,1:30 PM,Deep Run,B2,,Council Rock B2,
3768598,04/18/2015,1:30 PM,Boyertown,B3,,Boyertown B3,
3768598,04/18/2015,1:30 PM,Boyertown,B3,,Warriors White B3,
3761667,04/18/2015,1:45 PM,Shipley Farms 1,A3,,Ashbee A3,
3761667,04/18/2015,1:45 PM,Shipley Farms 1,A3,,Marple Newtown A3,
3761670,04/18/2015,2:15 PM,Haverford High School,A3,,Haverford A3,
3761670,04/18/2015,2:15 PM,Haverford High School,A3,,Haven A3,
3768608,04/18/2015,3:00 PM,Boyertown,B2,,Boyertown B2,
3768608,04/18/2015,3:00 PM,Boyertown,B2,,Warriors B2,
3771224,04/18/2015,3:15 PM,Ridley Municipal Park,White,,Ridley C2 White,
3771224,04/18/2015,3:15 PM,Ridley Municipal Park,C2,,Marple Newtown C2,
3768086,04/18/2015,3:30 PM,Calvary AA,A3,,Calvary A3,
3768086,04/18/2015,3:30 PM,Calvary AA,A3,,Wissahickon A3,
3763191,04/19/2015,9:30 AM,Brooke Elementary,B1A,,Spring-Ford B1A,
3763191,04/19/2015,9:30 AM,Brooke Elementary,B1A,,Haverford B1A,
3770140,04/19/2015,10:30 AM,CBAA 2,B1,,CBAA B1,
3770140,04/19/2015,10:30 AM,CBAA 2,B1,,Horsham B1,
3768156,04/19/2015,10:30 AM,CBAA 2,B1,,CBAA B1,
3768156,04/19/2015,10:30 AM,CBAA 2,B1,,Horsham B1,
3770141,04/19/2015,10:30 AM,CBAA 2,B1,,CBAA B1,
3770141,04/19/2015,10:30 AM,CBAA 2,B1,,Horsham B1,
3763156,04/19/2015,10:30 AM,Boyertown,B1A,,Boyertown B1A,
3763156,04/19/2015,10:30 AM,Boyertown,B1A,,Ashbee B1A,
3750106,04/19/2015,10:30 AM,Newtown Elementary,A1A,,Council Rock A1A,
3750106,04/19/2015,10:30 AM,Newtown Elementary,A1A,,Crooked Crosse A1A,
3768230,04/19/2015,11:00 AM,CCLC,B3,,Crooked Crosse B3,
3768230,04/19/2015,11:00 AM,CCLC,B3,,North Penn B3,
3767816,04/19/2015,12:00 PM,Newtown Elementary,A3,,Warriors A3,
3767816,04/19/2015,12:00 PM,Newtown Elementary,A3,,Council Rock  A3,
3767858,04/19/2015,12:00 PM,Nathaniel Boileau Park,A3,,Upper Moreland A3,
3767858,04/19/2015,12:00 PM,Nathaniel Boileau Park,A3,,Horsham A3,
3763194,04/19/2015,12:00 PM,Wissahickon,B1A,,Wissahickon B1A,
3763194,04/19/2015,12:00 PM,Wissahickon,B1A,,Springfield B1A,
3770164,04/19/2015,12:00 PM,Moorestown,B1A,,Moorestown B1A,
3770164,04/19/2015,12:00 PM,Moorestown,B1A,,CBAA B1A,
3768241,04/19/2015,12:00 PM,Abraham Lincoln High Sch,B3,,Lansing B3,
3768241,04/19/2015,12:00 PM,Abraham Lincoln High Sch,B3,,CBAA B3,
3763182,04/19/2015,12:00 PM,Penncrest  HS Field 9,B1A,,Rose Tree B1A,
3763182,04/19/2015,12:00 PM,Penncrest  HS Field 9,B1A,,Crooked Crosse B1A,
3763175,04/19/2015,12:00 PM,Perk Valley MS west,B1A,,Perkiomen Valley B1A,
3763175,04/19/2015,12:00 PM,Perk Valley MS west,B1A,,Radnor B1A,
3768578,04/19/2015,12:00 PM,Souderton,B3,,Souderton B3,
3768578,04/19/2015,12:00 PM,Souderton,B3,,New Hope B3,
3768117,04/19/2015,12:00 PM,William Penn Middle Scho,A3,,Lower Bucks White A3,
3768117,04/19/2015,12:00 PM,William Penn Middle Scho,A3,,Spring-Ford A3,
3767803,04/19/2015,12:00 PM,Twin Oaks Day Camp Field,A2,,Warriors A2,
3767803,04/19/2015,12:00 PM,Twin Oaks Day Camp Field,A2,,Crooked Crosse A2,
3769597,04/19/2015,1:00 PM,Lower Merion - Grass,B2,,Ashbee B2,
3769597,04/19/2015,1:00 PM,Lower Merion - Grass,B2,,Ridley B2,
3768905,04/19/2015,1:00 PM,Episcopal Academy Turf,B1,,Marple Newtown B1,
3768905,04/19/2015,1:00 PM,Episcopal Academy Turf,B1,,Interboro B1,
3750144,04/19/2015,1:00 PM,Encke Field,A1A,,Springfield A1A,
3750144,04/19/2015,1:00 PM,Encke Field,A1A,,Radnor A1A,
3769815,04/19/2015,1:00 PM,Prevost Field,B3,,Radnor White B3,
3769815,04/19/2015,1:00 PM,Prevost Field,B3,,Haven B3,
3771114,04/19/2015,1:00 PM,Haven - King Field Turf,C,,Haven C,
3771114,04/19/2015,1:00 PM,Haven - King Field Turf,C,,Rose Tree C,
3771222,04/19/2015,1:00 PM,Aston (Pennell Field),C2,,Aston C2,
3771222,04/19/2015,1:00 PM,Aston (Pennell Field),C2,,Drexel Hill C2,
3771223,04/19/2015,1:00 PM,Conshohocken,C2,,Conshohocken C2,
3771223,04/19/2015,1:00 PM,Conshohocken,C2,,Upper Merion C2,
3769598,04/19/2015,1:00 PM,Drexel Hill,B2,,Drexel Hill B2,
3769598,04/19/2015,1:00 PM,Drexel Hill,B2,,Radnor B2,
3771112,04/19/2015,1:00 PM,Springfield - Church Rd,C1,,Springfield C1,
3771112,04/19/2015,1:00 PM,Springfield - Church Rd,C,,Marple Newtown C,
3750119,04/19/2015,1:00 PM,Haverford,A1A,,Haverford A1A,
3750119,04/19/2015,1:00 PM,Haverford,A1A,,Moorestown A1A,
3769599,04/19/2015,1:00 PM,Heuser Field 1,UpperMerion,,UpperMerion,
3769599,04/19/2015,1:00 PM,Heuser Field 1,B2,,Springfield B2,
3768281,04/19/2015,1:30 PM,Nathaniel Boileau Park,B3,,Upper Moreland B3,
3768281,04/19/2015,1:30 PM,Nathaniel Boileau Park,B3,,Horsham B3,
3768294,04/19/2015,1:30 PM,Wissahickon,B3,,Wissahickon Blue B3,
3768294,04/19/2015,1:30 PM,Wissahickon,B3,,Boyertown B3,
3768106,04/19/2015,1:30 PM,Abraham Lincoln High Sch,A3,,Lansing A3,
3768106,04/19/2015,1:30 PM,Abraham Lincoln High Sch,A3,,CBAA A3,
3768205,04/19/2015,1:30 PM,PMYC Clubhouse Field,B2,,Phoenixville B2,
3768205,04/19/2015,1:30 PM,PMYC Clubhouse Field,B2,,Boyertown B2,
3768284,04/19/2015,1:30 PM,Twin Oaks Day Camp Field,B3,,Wariors Blue B3,
3768284,04/19/2015,1:30 PM,Twin Oaks Day Camp Field,B3,,Council Rock B3,
3768266,04/19/2015,1:30 PM,Perk Valley Middle Schoo,B3,,Perkiomen Valley B3,
3768266,04/19/2015,1:30 PM,Perk Valley Middle Schoo,B3,,Lower Bucks White B3,
3768245,04/19/2015,1:30 PM,William Penn Middle Scho,B3,,Lower Bucks Blue B3,
3768245,04/19/2015,1:30 PM,William Penn Middle Scho,B3,,Spring-Ford B3,
3768577,04/19/2015,1:30 PM,Souderton,B2,,Souderton B2,
3768577,04/19/2015,1:30 PM,Souderton,B2,,Lansing B2,
3771225,04/19/2015,2:30 PM,Haven - King Field Turf,C2,,Haven C2,
3771225,04/19/2015,2:30 PM,Haven - King Field Turf,C2,,Springfield C2,
3769816,04/19/2015,2:45 PM,Prevost Field,B3,,Radnor Maroon B3,
3769816,04/19/2015,2:45 PM,Prevost Field,B3,,Rose Tree B3,
3769817,04/19/2015,2:45 PM,Episcopal Academy Turf,B3,,Marple B3,
3769817,04/19/2015,2:45 PM,Episcopal Academy Turf,B3,,Haverford B3,
3771116,04/19/2015,2:45 PM,Lower Merion - Grass,C,,Ashbee C,
3771116,04/19/2015,2:45 PM,Lower Merion - Grass,C,,Haverford C,
3771113,04/19/2015,2:45 PM,Heuser Field 1,C,,Upper Merion C,
3771113,04/19/2015,2:45 PM,Heuser Field 1,C,,Interboro Black C,
3768906,04/19/2015,2:45 PM,Encke Field,B1,,Radnor B1,
3768906,04/19/2015,2:45 PM,Encke Field,B1,,Asbee B1,
3769600,04/19/2015,2:45 PM,Haverford,B2,,Haverford B2,
3769600,04/19/2015,2:45 PM,Haverford,B1,,Conshohocken B1,
3769818,04/19/2015,3:00 PM,Ridley Municipal Park,B3,,Ridley B3,
3769818,04/19/2015,3:00 PM,Ridley Municipal Park,B3,,Aston B3,
3768165,04/19/2015,3:00 PM,Deep Run,B1,,Deep Run B1,
3768165,04/19/2015,3:00 PM,Deep Run,B1,,Calvary B1,
3768299,04/19/2015,3:00 PM,Wissahickon,B3,,Wissahickon Gold B3,
3768299,04/19/2015,3:00 PM,Wissahickon,B3,,Spartan B3,
3767764,04/19/2015,3:00 PM,Perk Valley Middle Schoo,A1,,Perkiomen Valley A1,
3767764,04/19/2015,3:00 PM,Perk Valley Middle Schoo,A1,,Boyertown A1,
3768172,04/19/2015,3:00 PM,William Penn Middle Scho,B1,,Lower Bucks B1,
3768172,04/19/2015,3:00 PM,William Penn Middle Scho,B1,,Warriors B1,
3768087,04/19/2015,3:30 PM,Calvary AA,A3,,Calvary A3,
3768087,04/19/2015,3:30 PM,Calvary AA,A3,,Perkiomen Valley A3,
3768216,04/19/2015,4:30 PM,Wissahickon,B2,,Wissahickon B2,
3768216,04/19/2015,4:30 PM,Wissahickon,B2,,Warriors B2,
3771115,04/19/2015,4:45 PM,Ridley Municipal Park,C,,Ridley C,
3771115,04/19/2015,4:45 PM,Ridley Municipal Park,C,,Radnor C,
3768103,04/25/2015,9:00 AM,Cedar Hill Park,A3,,Horsham A3,
3768103,04/25/2015,9:00 AM,Cedar Hill Park,A3,,CBAA A3,
3768118,04/25/2015,9:00 AM,William Penn Middle Scho,A3,,Lower Bucks White A3,
3768118,04/25/2015,9:00 AM,William Penn Middle Scho,A3,,Council Rock  A3,
3768121,04/25/2015,9:00 AM,Pennbrook Middle School,A3,,North Penn A3,
3768121,04/25/2015,9:00 AM,Pennbrook Middle School,A3,,Wissahickon A3,
3750135,04/25/2015,9:00 AM,Radnor High School,A1A,,Radnor A1A,
3750135,04/25/2015,9:00 AM,Radnor High School,A1A,,Moorestown A1A,
3760524,04/25/2015,10:00 AM,Middletown Comm Park,A1,,Lower Bucks A1,
3760524,04/25/2015,10:00 AM,Middletown Comm Park,A1,,Conshohocken A1,
3760522,04/25/2015,10:00 AM,Wissahickon,A1,,Wissahickon A1,
3760522,04/25/2015,10:00 AM,Wissahickon,A1,,Warriors A1,
3761644,04/25/2015,10:00 AM,Drexel Hill,A2,,Drexel Hill A2,
3761644,04/25/2015,10:00 AM,Drexel Hill,A2,,Aston A2,
3761643,04/25/2015,10:00 AM,Interboro,A2,,Interboro A2,
3761643,04/25/2015,10:00 AM,Interboro,A2,,UpperMerion A2,
3761642,04/25/2015,10:00 AM,Rose Tree,A2,,Radnor A2,
3761642,04/25/2015,10:00 AM,Rose Tree,A2,,Rose Tree A2,
3761673,04/25/2015,10:00 AM,Gauntlett Center,A3,,Marple Newtown A3,
3761673,04/25/2015,10:00 AM,Gauntlett Center,A3,,Ridley A3,
3760525,04/25/2015,10:00 AM,Haven - King Field Turf,A1,,Haven A1,
3760525,04/25/2015,10:00 AM,Haven - King Field Turf,A1,,Marple A1,
3767863,04/25/2015,10:00 AM,Twin Oaks Day Camp Field,A3,,Warriors A3,
3767863,04/25/2015,10:00 AM,Twin Oaks Day Camp Field,A3,,Perkiomen Valley A3,
3768069,04/25/2015,10:30 AM,William Penn Middle Scho,A2,,Lower Bucks A2,
3768069,04/25/2015,10:30 AM,William Penn Middle Scho,A2,,Boyertown A2,
3768039,04/25/2015,10:30 AM,Pennbrook Middle School,A1,,North Penn A1,
3768039,04/25/2015,10:30 AM,Pennbrook Middle School,A1,,Boyertown A1,
3768036,04/25/2015,10:30 AM,Cedar Hill Park,A1,,Horsham A1,
3768036,04/25/2015,10:30 AM,Cedar Hill Park,A1,,CBAA A1,
3750102,04/25/2015,10:30 AM,CCLC,A1A,,Crooked Crosse A1A,
3750102,04/25/2015,10:30 AM,CCLC,A1A,,CBAA  A1A,
3767775,04/25/2015,10:30 AM,Newtown Elementary,A2,,Council Rock White A2,
3767775,04/25/2015,10:30 AM,Newtown Elementary,A2,,Crooked Crosse A2,
3761672,04/25/2015,10:45 AM,Radnor Memorial Park,A3,,Radnor Maroon A3,
3761672,04/25/2015,10:45 AM,Radnor Memorial Park,A3,,Haverford A3,
3768139,04/25/2015,11:00 AM,Nathaniel Boileau Park,A3,,Upper Moreland A3,
3768139,04/25/2015,11:00 AM,Nathaniel Boileau Park,A3,,Lower Bucks Blue A3,
3768047,04/25/2015,11:30 AM,Spartan,A1,,Spartan A1,
3768047,04/25/2015,11:30 AM,Spartan,A1,,Perkiomen Valley A1,
3768084,04/25/2015,11:30 AM,Twin Oaks Day Camp Field,A2,,Warriors A2,
3768084,04/25/2015,11:30 AM,Twin Oaks Day Camp Field,A2,,Souderton Red A2,
3761674,04/25/2015,11:45 AM,Haven - King Field Turf,A3,,Haven A3,
3761674,04/25/2015,11:45 AM,Haven - King Field Turf,A3,,Ashbee A3,
3768075,04/25/2015,12:00 PM,PMYC Clubhouse Field,A2,,Phoenixville A2,
3768075,04/25/2015,12:00 PM,PMYC Clubhouse Field,A2,,Spring-Ford A2,
3768070,04/25/2015,12:00 PM,Pennbrook Middle School,A2,,North Penn A2,
3768070,04/25/2015,12:00 PM,Pennbrook Middle School,A2,,Souderton White A2,
3768051,04/25/2015,12:00 PM,Newtown Elementary,A2,,Council Rock Blue A2,
3768051,04/25/2015,12:00 PM,Newtown Elementary,A2,,Deep Run A2,
3750120,04/25/2015,12:30 PM,Haverford,A1A,,Haverford A1A,
3750120,04/25/2015,12:30 PM,Haverford,A1A,,Springfield A1A,
3761671,04/25/2015,12:30 PM,Radnor Memorial Park,A3,,Radnor White A3,
3761671,04/25/2015,12:30 PM,Radnor Memorial Park,A3,,Springfield A3,
3767746,04/25/2015,2:00 PM,Calvary AA,A1,,Calvary A1,
3767746,04/25/2015,2:00 PM,Calvary AA,A1,,Deep Run A1,
3767808,04/25/2015,3:30 PM,Calvary AA,A3,,Calvary A3,
3767808,04/25/2015,3:30 PM,Calvary AA,A3,,Lansing A3,
3763157,04/26/2015,10:30 AM,Boyertown,B1A,,Boyertown B1A,
3763157,04/26/2015,10:30 AM,Boyertown,B1A,,Moorestown B1A,
3768181,04/26/2015,11:00 AM,Spartan,B1,,Spartan B1,
3768181,04/26/2015,11:00 AM,Spartan,B1,,CBAA B1,
3750104,04/26/2015,11:00 AM,CCLC,A1A,,Crooked Crosse A1A,
3750104,04/26/2015,11:00 AM,CCLC,A1A,,Council Rock A1A,
3768168,04/26/2015,12:00 PM,Cedar Hill Park,B1,,Horsham B1,
3768168,04/26/2015,12:00 PM,Cedar Hill Park,B1,,Deep Run B1,
3763160,04/26/2015,12:00 PM,CBAA 2,B1A,,CBAA B1A,
3763160,04/26/2015,12:00 PM,CBAA 2,B1A,,Rose Tree B1A,
3768160,04/26/2015,12:00 PM,Newtown Elementary,B1,,Council Rock B1,
3768160,04/26/2015,12:00 PM,Newtown Elementary,B1,,Lower Bucks B1,
3768209,04/26/2015,12:00 PM,Nathaniel Boileau Park,B2,,Upper Moreland B2,
3768209,04/26/2015,12:00 PM,Nathaniel Boileau Park,B2,,Deep Run B2,
3750136,04/26/2015,12:00 PM,Springfield - Church Rd,A1A,,Radnor A1A,
3750136,04/26/2015,12:00 PM,Springfield - Church Rd,A1A,,Springfield A1A,
3768579,04/26/2015,12:00 PM,Souderton,B2,,Souderton B2,
3768579,04/26/2015,12:00 PM,Souderton,B2,,Boyertown B2,
3768200,04/26/2015,12:00 PM,Abraham Lincoln High Sch,B2,,Lansing B2,
3768200,04/26/2015,12:00 PM,Abraham Lincoln High Sch,B2,,Wissahickon B2,
3768256,04/26/2015,12:00 PM,Hardy Bush Fields,B3,,New Hope B3,
3768256,04/26/2015,12:00 PM,Hardy Bush Fields,B3,,Spartan B3,
3767979,04/26/2015,12:00 PM,Pennbrook Middle School,B3,,North Penn B3,
3767979,04/26/2015,12:00 PM,Pennbrook Middle School,B3,,Boyertown B3,
3768290,04/26/2015,12:00 PM,Twin Oaks Day Camp Field,B3,,Warriors White B3,
3768290,04/26/2015,12:00 PM,Twin Oaks Day Camp Field,B3,,Wissahickon Gold B3,
3763163,04/26/2015,12:30 PM,CCLC,B1A,,Crooked Crosse B1A,
3763163,04/26/2015,12:30 PM,CCLC,B1A,,Springfield B1A,
3771121,04/26/2015,12:30 PM,Haverford,C,,Haverford C,
3771121,04/26/2015,12:30 PM,Haverford,C,,Upper Merion C,
3771226,04/26/2015,1:00 PM,Heuser Field 1,C2,,Upper Merion C2,
3771226,04/26/2015,1:00 PM,Heuser Field 1,C2,,Aston C2,
3769601,04/26/2015,1:00 PM,Encke Field,B2,,Radnor B2,
3769601,04/26/2015,1:00 PM,Encke Field,B2,,Ashbee B2,
3769602,04/26/2015,1:00 PM,Episcopal Academy Turf,B2,,Marple Newtown B2,
3769602,04/26/2015,1:00 PM,Episcopal Academy Turf,B2,,Haverford B2,
3769820,04/26/2015,1:00 PM,Rose Tree,B3,,Rose Tree B3,
3769820,04/26/2015,1:00 PM,Rose Tree,B3,,Ridley B3,
3769822,04/26/2015,1:00 PM,Aston (Pennell Field),B3,,Aston B3,
3769822,04/26/2015,1:00 PM,Aston (Pennell Field),B3,,Radnor White B3,
3769604,04/26/2015,1:00 PM,Conshohocken,B1,,Conshohocken B1,
3769604,04/26/2015,1:00 PM,Conshohocken,B2,,Drexel Hill B2,
3771228,04/26/2015,1:00 PM,Drexel Hill,C2,,Drexel Hill C2,
3771228,04/26/2015,1:00 PM,Drexel Hill,White,,Ridley C2 White,
3771117,04/26/2015,1:00 PM,Interboro,C,,Interboro Black C,
3771117,04/26/2015,1:00 PM,Interboro,C1,,Springfield C1,
3768908,04/26/2015,1:00 PM,Haven - King Field Turf,B1,,Haven B1,
3768908,04/26/2015,1:00 PM,Haven - King Field Turf,B1,,Marple Newtown B1,
3768242,04/26/2015,1:30 PM,Abraham Lincoln High Sch,B3,,Lansing B3,
3768242,04/26/2015,1:30 PM,Abraham Lincoln High Sch,B3,,Crooked Crosse B3,
3768235,04/26/2015,1:30 PM,Cedar Hill Park,B3,,Horsham B3,
3768235,04/26/2015,1:30 PM,Cedar Hill Park,B3,,Perkiomen Valley B3,
3768285,04/26/2015,1:30 PM,Twin Oaks Day Camp Field,B3,,Wariors Blue B3,
3768285,04/26/2015,1:30 PM,Twin Oaks Day Camp Field,B3,,CBAA B3,
3767996,04/26/2015,1:30 PM,Brooke Elementary School,B3,,Spring-Ford B3,
3767996,04/26/2015,1:30 PM,Brooke Elementary School,B3,,Upper Moreland B3,
3768226,04/26/2015,1:30 PM,Newtown Elementary,B3,,Council Rock B3,
3768226,04/26/2015,1:30 PM,Newtown Elementary,B3,,Lower Bucks Blue B3,
3768907,04/26/2015,1:45 PM,Springfield - Church Rd,B1,,Springfield B1,
3768907,04/26/2015,1:45 PM,Springfield - Church Rd,B1,,Radnor B1,
3768909,04/26/2015,1:45 PM,Lower Merion - Grass,B1,,Asbee B1,
3768909,04/26/2015,1:45 PM,Lower Merion - Grass,B1,,Ridley B1,
3769819,04/26/2015,2:15 PM,Haverford,B3,,Haverford B3,
3769819,04/26/2015,2:15 PM,Haverford,B3,,Radnor Maroon B3,
3771120,04/26/2015,2:45 PM,Episcopal Academy Turf,C,,Marple Newtown C,
3771120,04/26/2015,2:45 PM,Episcopal Academy Turf,C,,Ridley C,
3763179,04/26/2015,2:45 PM,Radnor Memorial Park,B1A,,Radnor B1A,
3763179,04/26/2015,2:45 PM,Radnor Memorial Park,B1A,,Spring-Ford B1A,
3771118,04/26/2015,2:45 PM,Rose Tree,C,,Rose Tree C,
3771118,04/26/2015,2:45 PM,Rose Tree,C,,Radnor C,
3769821,04/26/2015,2:45 PM,Haven - King Field Turf,B3,,Haven B3,
3769821,04/26/2015,2:45 PM,Haven - King Field Turf,B3,,Marple B3,
3767912,04/26/2015,3:00 PM,Newtown Elementary,B2,,Council Rock B2,
3767912,04/26/2015,3:00 PM,Newtown Elementary,B2,,Phoenixville B2,
3769603,04/26/2015,3:00 PM,Ridley Municipal Park,B2,,Ridley B2,
3769603,04/26/2015,3:00 PM,Ridley Municipal Park,UpperMerion,,UpperMerion,
3771229,04/26/2015,3:30 PM,Springfield - Church Rd,C2,,Springfield C2,
3771229,04/26/2015,3:30 PM,Springfield - Church Rd,C2,,Conshohocken C2,
3760523,04/26/2015,3:30 PM,Lower Merion - Grass,A1,,Ashbee A1,
3760523,04/26/2015,3:30 PM,Lower Merion - Grass,A1,,Ridley A1,
3768175,04/26/2015,4:00 PM,Pennbrook Middle School,B1,,North Penn B1,
3768175,04/26/2015,4:00 PM,Pennbrook Middle School,B1,,Calvary B1,
3763167,04/26/2015,4:00 PM,Haverford,B1A,,Haverford B1A,
3763167,04/26/2015,4:00 PM,Haverford,B1A,,Perkiomen Valley B1A,
3771119,04/26/2015,4:15 PM,Haven - King Field Turf,C,,Haven C,
3771119,04/26/2015,4:15 PM,Haven - King Field Turf,C,,Ashbee C,
3771227,04/26/2015,4:45 PM,Ridley Municipal Park,Green,,Ridley C2 Green,
3771227,04/26/2015,4:45 PM,Ridley Municipal Park,C2,,Haven C2,
3767893,05/01/2015,7:30 PM,William Penn Middle Scho,B1,,Lower Bucks B1,
3767893,05/01/2015,7:30 PM,William Penn Middle Scho,B1,,North Penn B1,
3768197,05/02/2015,8:00 AM,Deep Run,B2,,Deep Run B2,
3768197,05/02/2015,8:00 AM,Deep Run,B2,,Lansing B2,
3768193,05/02/2015,9:00 AM,Newtown Elementary,B2,,Council Rock B2,
3768193,05/02/2015,9:00 AM,Newtown Elementary,B2,,Wissahickon B2,
3768609,05/02/2015,9:00 AM,Boyertown,B2,,Boyertown B2,
3768609,05/02/2015,9:00 AM,Boyertown,B2,,Upper Moreland B2,
3768128,05/02/2015,9:00 AM,Perk Valley Middle Schoo,A3,,Perkiomen Valley A3,
3768128,05/02/2015,9:00 AM,Perk Valley Middle Schoo,A3,,Upper Moreland A3,
3768122,05/02/2015,9:00 AM,Pennbrook Middle School,A3,,North Penn A3,
3768122,05/02/2015,9:00 AM,Pennbrook Middle School,A3,,Horsham A3,
3761676,05/02/2015,9:30 AM,Prevost Field,A3,,Ashbee A3,
3761676,05/02/2015,9:30 AM,Prevost Field,A3,,Radnor Maroon A3,
3761645,05/02/2015,10:00 AM,St Joe - Mary St,A2,,StJoes A2,
3761645,05/02/2015,10:00 AM,St Joe - Mary St,A2,,Interboro A2,
3760527,05/02/2015,10:00 AM,Gauntlett Center,A1,,Marple A1,
3760527,05/02/2015,10:00 AM,Gauntlett Center,A1,,Ashbee A1,
3760526,05/02/2015,10:00 AM,Twin Oaks Day Camp Field,A1,,Warriors A1,
3760526,05/02/2015,10:00 AM,Twin Oaks Day Camp Field,A1,,Lower Bucks A1,
3769627,05/02/2015,10:00 AM,Drexel Hill,B2,,Drexel Hill B2,
3769627,05/02/2015,10:00 AM,Drexel Hill,B2,,Springfield B2,
3761646,05/02/2015,10:00 AM,Aston (Pennell Field),A2,,Aston A2,
3761646,05/02/2015,10:00 AM,Aston (Pennell Field),A2,,Radnor A2,
3760528,05/02/2015,10:00 AM,Conshohocken,A1,,Conshohocken A1,
3760528,05/02/2015,10:00 AM,Conshohocken,A1,,Haven A1,
3760529,05/02/2015,10:00 AM,Ridley Municipal Park,A1,,Ridley A1,
3760529,05/02/2015,10:00 AM,Ridley Municipal Park,A1,,Wissahickon A1,
3768048,05/02/2015,10:00 AM,Spartan,A1,,Spartan A1,
3768048,05/02/2015,10:00 AM,Spartan,A1,,Calvary A1,
3761647,05/02/2015,10:00 AM,Heuser Field 1,A2,,UpperMerion A2,
3761647,05/02/2015,10:00 AM,Heuser Field 1,A2,,Drexel Hill A2,
3768097,05/02/2015,10:30 AM,Newtown Elementary,A3,,Council Rock  A3,
3768097,05/02/2015,10:30 AM,Newtown Elementary,A3,,Calvary A3,
3763195,05/02/2015,10:30 AM,Wissahickon,B1A,,Wissahickon B1A,
3763195,05/02/2015,10:30 AM,Wissahickon,B1A,,Crooked Crosse B1A,
3750126,05/02/2015,10:30 AM,Moorestown,A1A,,Moorestown A1A,
3750126,05/02/2015,10:30 AM,Moorestown,A1A,,Crooked Crosse A1A,
3750141,05/02/2015,10:30 AM,Springfield - Sabold,A1A,,Springfield A1A,
3750141,05/02/2015,10:30 AM,Springfield - Sabold,A1A,,CBAA  A1A,
3770142,05/02/2015,10:30 AM,CBAA 2,B1,,CBAA B1,
3770142,05/02/2015,10:30 AM,CBAA 2,B1,,Lower Bucks B1,
3768157,05/02/2015,10:30 AM,CBAA 2,B1,,CBAA B1,
3768157,05/02/2015,10:30 AM,CBAA 2,B1,,Lower Bucks B1,
3770143,05/02/2015,10:30 AM,CBAA 2,B1,,CBAA B1,
3770143,05/02/2015,10:30 AM,CBAA 2,B1,,Lower Bucks B1,
3768600,05/02/2015,10:30 AM,Boyertown,A1,,Boyertown A1,
3768600,05/02/2015,10:30 AM,Boyertown,A1,,CBAA A1,
3768040,05/02/2015,10:30 AM,Pennbrook Middle School,A1,,North Penn A1,
3768040,05/02/2015,10:30 AM,Pennbrook Middle School,A1,,Horsham A1,
3768045,05/02/2015,10:30 AM,Perk Valley Middle Schoo,A1,,Perkiomen Valley A1,
3768045,05/02/2015,10:30 AM,Perk Valley Middle Schoo,A1,,Deep Run A1,
3768581,05/02/2015,10:30 AM,Souderton,A2,,Souderton White A2,
3768581,05/02/2015,10:30 AM,Souderton,A2,,Deep Run A2,
3761675,05/02/2015,11:00 AM,Encke Field,A3,,Radnor White A3,
3761675,05/02/2015,11:00 AM,Encke Field,A3,,Marple Newtown A3,
3769626,05/02/2015,11:45 AM,Gauntlett Center,B2,,Marple Newtown B2,
3769626,05/02/2015,11:45 AM,Gauntlett Center,B2,,Radnor B2,
3761677,05/02/2015,11:45 AM,Ridley Municipal Park,A3,,Ridley A3,
3761677,05/02/2015,11:45 AM,Ridley Municipal Park,A3,,Haven A3,
3768061,05/02/2015,12:00 PM,CCLC,A2,,Crooked Crosse A2,
3768061,05/02/2015,12:00 PM,CCLC,A2,,Spring-Ford A2,
3768147,05/02/2015,12:00 PM,Wissahickon,A3,,Wissahickon A3,
3768147,05/02/2015,12:00 PM,Wissahickon,A3,,Lower Bucks White A3,
3768052,05/02/2015,12:00 PM,Newtown Elementary,A2,,Council Rock Blue A2,
3768052,05/02/2015,12:00 PM,Newtown Elementary,A2,,Boyertown A2,
3768107,05/02/2015,12:00 PM,Abraham Lincoln High Sch,A3,,Lansing A3,
3768107,05/02/2015,12:00 PM,Abraham Lincoln High Sch,A3,,Spring-Ford A3,
3768580,05/02/2015,12:00 PM,Souderton,A2,,Souderton Red A2,
3768580,05/02/2015,12:00 PM,Souderton,A2,,Lower Bucks A2,
3768071,05/02/2015,12:00 PM,Pennbrook Middle School,A2,,North Penn A2,
3768071,05/02/2015,12:00 PM,Pennbrook Middle School,A2,,Phoenixville A2,
3761678,05/02/2015,12:15 PM,Springfield - Sabold,A3,,Springfield A3,
3761678,05/02/2015,12:15 PM,Springfield - Sabold,A3,,Haverford A3,
3769628,05/02/2015,12:30 PM,Haverford,B2,,Haverford B2,
3769628,05/02/2015,12:30 PM,Haverford,B2,,Ridley B2,
3770133,05/02/2015,1:30 PM,CBAA 1,A3,,CBAA A3,
3770133,05/02/2015,1:30 PM,CBAA 1,A3,,Warriors A3,
3767776,05/02/2015,1:30 PM,Newtown Elementary,A2,,Council Rock White A2,
3767776,05/02/2015,1:30 PM,Newtown Elementary,A2,,Warriors A2,
3769625,05/02/2015,1:45 PM,Shipley Farms 1,B2,,Ashbee B2,
3769625,05/02/2015,1:45 PM,Shipley Farms 1,UpperMerion,,UpperMerion,
3767872,05/02/2015,2:00 PM,Calvary AA,B1,,Calvary B1,
3767872,05/02/2015,2:00 PM,Calvary AA,B1,,Horsham B1,
3750110,05/02/2015,3:00 PM,Newtown Elementary,A1A,,Council Rock A1A,
3750110,05/02/2015,3:00 PM,Newtown Elementary,A1A,,Radnor A1A,
3768911,05/02/2015,3:00 PM,Ridley Municipal Park,B1,,Ridley B1,
3768911,05/02/2015,3:00 PM,Ridley Municipal Park,B1,,Springfield B1,
3767908,05/02/2015,3:00 PM,CBAA 2,B2,,CBAA B2,
3767908,05/02/2015,3:00 PM,CBAA 2,B2,,Warriors B2,
3768161,05/02/2015,4:30 PM,Newtown Elementary,B1,,Council Rock B1,
3768161,05/02/2015,4:30 PM,Newtown Elementary,B1,,Warriors B1,
3763183,05/03/2015,12:00 PM,Penncrest  HS Field 9,B1A,,Rose Tree B1A,
3763183,05/03/2015,12:00 PM,Penncrest  HS Field 9,B1A,,Perkiomen Valley B1A,
3768601,05/03/2015,12:00 PM,Boyertown,A2,,Boyertown A2,
3768601,05/03/2015,12:00 PM,Boyertown,A2,,Souderton White A2,
3768169,05/03/2015,12:00 PM,Cedar Hill Park,B1,,Horsham B1,
3768169,05/03/2015,12:00 PM,Cedar Hill Park,B1,,Spartan B1,
3763192,05/03/2015,12:00 PM,Brooke Elementary,B1A,,Spring-Ford B1A,
3763192,05/03/2015,12:00 PM,Brooke Elementary,B1A,,Moorestown B1A,
3768049,05/03/2015,12:00 PM,Spartan,A1,,Spartan A1,
3768049,05/03/2015,12:00 PM,Spartan,A1,,CBAA A1,
3768912,05/03/2015,12:00 PM,Gauntlett Center,B1,,Marple Newtown B1,
3768912,05/03/2015,12:00 PM,Gauntlett Center,B1,,Asbee B1,
3750105,05/03/2015,12:00 PM,CBAA 1,A1A,,CBAA  A1A,
3750105,05/03/2015,12:00 PM,CBAA 1,A1A,,Crooked Crosse A1A,
3768282,05/03/2015,12:00 PM,Nathaniel Boileau Park,B3,,Upper Moreland B3,
3768282,05/03/2015,12:00 PM,Nathaniel Boileau Park,B3,,Wariors Blue B3,
3768162,05/03/2015,12:00 PM,Newtown Elementary,B1,,Council Rock B1,
3768162,05/03/2015,12:00 PM,Newtown Elementary,B1,,CBAA B1,
3768295,05/03/2015,12:00 PM,Wissahickon,B3,,Wissahickon Blue B3,
3768295,05/03/2015,12:00 PM,Wissahickon,B3,,Warriors White B3,
3768206,05/03/2015,12:00 PM,PMYC Clubhouse Field,B2,,Phoenixville B2,
3768206,05/03/2015,12:00 PM,PMYC Clubhouse Field,B2,,Lansing B2,
3768252,05/03/2015,12:00 PM,William Penn Middle Scho,B3,,Lower Bucks White B3,
3768252,05/03/2015,12:00 PM,William Penn Middle Scho,B3,,New Hope B3,
3768123,05/03/2015,12:00 PM,Pennbrook Middle School,A3,,North Penn A3,
3768123,05/03/2015,12:00 PM,Pennbrook Middle School,A3,,Calvary A3,
3768144,05/03/2015,12:00 PM,Twin Oaks Day Camp Field,A3,,Warriors A3,
3768144,05/03/2015,12:00 PM,Twin Oaks Day Camp Field,A3,,Lower Bucks Blue A3,
3763153,05/03/2015,12:00 PM,Lower Merion - Grass,B1A,,Ashbee B1A,
3763153,05/03/2015,12:00 PM,Lower Merion - Grass,B1A,,CBAA B1A,
3763164,05/03/2015,12:30 PM,CCLC,B1A,,Crooked Crosse B1A,
3763164,05/03/2015,12:30 PM,CCLC,B1A,,Radnor B1A,
3769826,05/03/2015,1:00 PM,Encke Field,B3,,Radnor Maroon B3,
3769826,05/03/2015,1:00 PM,Encke Field,B3,,Ridley B3,
3750142,05/03/2015,1:00 PM,Springfield - Church Rd,A1A,,Springfield A1A,
3750142,05/03/2015,1:00 PM,Springfield - Church Rd,A1A,,Haverford A1A,
3769823,05/03/2015,1:00 PM,Haverford,B3,,Haverford B3,
3769823,05/03/2015,1:00 PM,Haverford,B3,,Haven B3,
3771231,05/03/2015,1:00 PM,Conshohocken,C2,,Conshohocken C2,
3771231,05/03/2015,1:00 PM,Conshohocken,Green,,Ridley C2 Green,
3769606,05/03/2015,1:00 PM,Drexel Hill,B2,,Drexel Hill B2,
3769606,05/03/2015,1:00 PM,Drexel Hill,B2,,Marple Newtown B2,
3768910,05/03/2015,1:00 PM,Interboro,B1,,Interboro B1,
3768910,05/03/2015,1:00 PM,Interboro,B1,,Haven B1,
3750125,05/03/2015,1:00 PM,Moorestown,A1A,,Moorestown A1A,
3750125,05/03/2015,1:00 PM,Moorestown,A1A,,Council Rock A1A,
3771233,05/03/2015,1:00 PM,Aston (Pennell Field),C2,,Aston C2,
3771233,05/03/2015,1:00 PM,Aston (Pennell Field),C2,,Springfield C2,
3769607,05/03/2015,1:00 PM,Heuser Field 1,UpperMerion,,UpperMerion,
3769607,05/03/2015,1:00 PM,Heuser Field 1,B2,,Radnor B2,
3769608,05/03/2015,1:00 PM,Prevost Field,B2,,Ashbee B2,
3769608,05/03/2015,1:00 PM,Prevost Field,B1,,Conshohocken B1,
3768221,05/03/2015,1:30 PM,CBAA 2,B3,,CBAA B3,
3768221,05/03/2015,1:30 PM,CBAA 2,B3,,Council Rock B3,
3768602,05/03/2015,1:30 PM,Boyertown,B3,,Boyertown B3,
3768602,05/03/2015,1:30 PM,Boyertown,B3,,Perkiomen Valley B3,
3767956,05/03/2015,1:30 PM,Cedar Hill Park,B3,,Horsham B3,
3767956,05/03/2015,1:30 PM,Cedar Hill Park,B3,,Spartan B3,
3768183,05/03/2015,1:30 PM,Twin Oaks Day Camp Field,B1,,Warriors B1,
3768183,05/03/2015,1:30 PM,Twin Oaks Day Camp Field,B1,,Deep Run B1,
3768041,05/03/2015,1:30 PM,Pennbrook Middle School,A1,,North Penn A1,
3768041,05/03/2015,1:30 PM,Pennbrook Middle School,A1,,Calvary A1,
3767966,05/03/2015,1:30 PM,William Penn Middle Scho,B3,,Lower Bucks Blue B3,
3767966,05/03/2015,1:30 PM,William Penn Middle Scho,B3,,Souderton B3,
3768217,05/03/2015,1:30 PM,Wissahickon,B2,,Wissahickon B2,
3768217,05/03/2015,1:30 PM,Wissahickon,B2,,CBAA B2,
3771122,05/03/2015,1:45 PM,Lower Merion - Grass,C,,Ashbee C,
3771122,05/03/2015,1:45 PM,Lower Merion - Grass,C,,Rose Tree C,
3769825,05/03/2015,1:45 PM,Gauntlett Center,B3,,Marple B3,
3769825,05/03/2015,1:45 PM,Gauntlett Center,B3,,Aston B3,
3769824,05/03/2015,2:45 PM,Encke Field,B3,,Radnor White B3,
3769824,05/03/2015,2:45 PM,Encke Field,B3,,Rose Tree B3,
3771123,05/03/2015,2:45 PM,Prevost Field,C,,Radnor C,
3771123,05/03/2015,2:45 PM,Prevost Field,C,,Marple Newtown C,
3771124,05/03/2015,2:45 PM,Heuser Field 1,C,,Upper Merion C,
3771124,05/03/2015,2:45 PM,Heuser Field 1,C,,Haven C,
3763187,05/03/2015,2:45 PM,Springfield - Church Rd,B1A,,Springfield B1A,
3763187,05/03/2015,2:45 PM,Springfield - Church Rd,B1A,,Boyertown B1A,
3763168,05/03/2015,3:00 PM,Haverford,B1A,,Haverford B1A,
3763168,05/03/2015,3:00 PM,Haverford,B1A,,Wissahickon B1A,
3771125,05/03/2015,3:00 PM,Ridley Municipal Park,C,,Ridley C,
3771125,05/03/2015,3:00 PM,Ridley Municipal Park,C,,Interboro Black C,
3768104,05/03/2015,3:00 PM,Cedar Hill Park,A3,,Horsham A3,
3768104,05/03/2015,3:00 PM,Cedar Hill Park,A3,,Lower Bucks White A3,
3768610,05/03/2015,3:00 PM,Boyertown,B2,,Boyertown B2,
3768610,05/03/2015,3:00 PM,Boyertown,B2,,Council Rock B2,
3768212,05/03/2015,3:00 PM,Twin Oaks Day Camp Field,B2,,Warriors B2,
3768212,05/03/2015,3:00 PM,Twin Oaks Day Camp Field,B2,,Deep Run B2,
3771230,05/03/2015,3:15 PM,Gauntlett Center,C2,,Marple Newtown C2,
3771230,05/03/2015,3:15 PM,Gauntlett Center,C2,,Drexel Hill C2,
3769605,05/03/2015,4:30 PM,Springfield - Church Rd,B2,,Springfield B2,
3769605,05/03/2015,4:30 PM,Springfield - Church Rd,B2,,Ridley B2,
3771232,05/03/2015,4:30 PM,Ridley Municipal Park,White,,Ridley C2 White,
3771232,05/03/2015,4:30 PM,Ridley Municipal Park,C2,,Upper Merion C2,
3771126,05/03/2015,6:00 PM,Springfield - Church Rd,C1,,Springfield C1,
3771126,05/03/2015,6:00 PM,Springfield - Church Rd,C,,Haverford C,
3768184,05/08/2015,6:30 PM,Twin Oaks Day Camp Field,B1,,Warriors B1,
3768184,05/08/2015,6:30 PM,Twin Oaks Day Camp Field,B1,,North Penn B1,
3768222,05/09/2015,9:00 AM,CBAA 1,B3,,CBAA B3,
3768222,05/09/2015,9:00 AM,CBAA 1,B3,,Lower Bucks Blue B3,
3761649,05/09/2015,9:00 AM,Radnor Memorial Park,A2,,Radnor A2,
3761649,05/09/2015,9:00 AM,Radnor Memorial Park,A2,,UpperMerion A2,
3761680,05/09/2015,9:30 AM,Encke Field,A3,,Radnor Maroon A3,
3761680,05/09/2015,9:30 AM,Encke Field,A3,,Ridley A3,
3768921,05/09/2015,9:30 AM,Ditmar Front Fie,B1,,Radnor B1,
3768921,05/09/2015,9:30 AM,Ditmar Front Fie,B1,,Interboro B1,
3769623,05/09/2015,10:00 AM,Heuser Field 1,UpperMerion,,UpperMerion,
3769623,05/09/2015,10:00 AM,Heuser Field 1,B2,,Drexel Hill B2,
3768920,05/09/2015,10:00 AM,Springfield - Sabold,B1,,Springfield B1,
3768920,05/09/2015,10:00 AM,Springfield - Sabold,B1,,Haven B1,
3761681,05/09/2015,10:00 AM,Gauntlett Center,A3,,Marple Newtown A3,
3761681,05/09/2015,10:00 AM,Gauntlett Center,A3,,Springfield A3,
3760530,05/09/2015,10:00 AM,Haven - King Field Turf,A1,,Haven A1,
3760530,05/09/2015,10:00 AM,Haven - King Field Turf,A1,,Warriors A1,
3761650,05/09/2015,10:00 AM,Rose Tree,A2,,Rose Tree A2,
3761650,05/09/2015,10:00 AM,Rose Tree,A2,,Aston A2,
3760533,05/09/2015,10:00 AM,Ridley Municipal Park,A1,,Ridley A1,
3760533,05/09/2015,10:00 AM,Ridley Municipal Park,A1,,Marple A1,
3761648,05/09/2015,10:00 AM,Drexel Hill,A2,,Drexel Hill A2,
3761648,05/09/2015,10:00 AM,Drexel Hill,A2,,StJoes A2,
3760532,05/09/2015,10:00 AM,Wissahickon,A1,,Wissahickon A1,
3760532,05/09/2015,10:00 AM,Wissahickon,A1,,Lower Bucks A1,
3767933,05/09/2015,10:00 AM,Twin Oaks Day Camp Field,B2,,Warriors B2,
3767933,05/09/2015,10:00 AM,Twin Oaks Day Camp Field,B2,,Phoenixville B2,
3768133,05/09/2015,10:30 AM,Brooke Elementary School,A3,,Spring-Ford A3,
3768133,05/09/2015,10:30 AM,Brooke Elementary School,A3,,CBAA A3,
3768174,05/09/2015,10:30 AM,William Penn Middle Scho,B1,,Lower Bucks B1,
3768174,05/09/2015,10:30 AM,William Penn Middle Scho,B1,,Deep Run B1,
3768148,05/09/2015,10:30 AM,Wissahickon,A3,,Wissahickon A3,
3768148,05/09/2015,10:30 AM,Wissahickon,A3,,Lower Bucks Blue A3,
3750108,05/09/2015,10:30 AM,CBAA 1,A1A,,CBAA  A1A,
3750108,05/09/2015,10:30 AM,CBAA 1,A1A,,Moorestown A1A,
3750132,05/09/2015,10:30 AM,Newtown Elementary,A1A,,Council Rock A1A,
3750132,05/09/2015,10:30 AM,Newtown Elementary,A1A,,Springfield A1A,
3768037,05/09/2015,10:30 AM,Cedar Hill Park,A1,,Horsham A1,
3768037,05/09/2015,10:30 AM,Cedar Hill Park,A1,,Calvary A1,
3763176,05/09/2015,10:30 AM,Perk Valley MS west,B1A,,Perkiomen Valley B1A,
3763176,05/09/2015,10:30 AM,Perk Valley MS west,B1A,,CBAA B1A,
3768584,05/09/2015,10:30 AM,Souderton,B3,,Souderton B3,
3768584,05/09/2015,10:30 AM,Souderton,B3,,Spring-Ford B3,
3768603,05/09/2015,10:30 AM,Boyertown,A1,,Boyertown A1,
3768603,05/09/2015,10:30 AM,Boyertown,A1,,Spartan A1,
3768108,05/09/2015,10:30 AM,Abraham Lincoln High Sch,A3,,Lansing A3,
3768108,05/09/2015,10:30 AM,Abraham Lincoln High Sch,A3,,Lower Bucks White A3,
3763180,05/09/2015,10:45 AM,Radnor Memorial Park,B1A,,Radnor B1A,
3763180,05/09/2015,10:45 AM,Radnor Memorial Park,B1A,,Springfield B1A,
3768271,05/09/2015,11:00 AM,Spartan,B3,,Spartan B3,
3768271,05/09/2015,11:00 AM,Spartan,B3,,Wissahickon Blue B3,
3769622,05/09/2015,11:15 AM,Ditmar Front Fie,B2,,Radnor B2,
3769622,05/09/2015,11:15 AM,Ditmar Front Fie,B1,,Conshohocken B1,
3768185,05/09/2015,11:30 AM,Twin Oaks Day Camp Field,B1,,Warriors B1,
3768185,05/09/2015,11:30 AM,Twin Oaks Day Camp Field,B1,,CBAA B1,
3769621,05/09/2015,11:45 AM,Springfield - Sabold,B2,,Springfield B2,
3769621,05/09/2015,11:45 AM,Springfield - Sabold,B2,,Haverford B2,
3761679,05/09/2015,11:45 AM,Haven - King Field Turf,A3,,Haven A3,
3761679,05/09/2015,11:45 AM,Haven - King Field Turf,A3,,Radnor White A3,
3768919,05/09/2015,11:45 AM,Ridley Municipal Park,B1,,Ridley B1,
3768919,05/09/2015,11:45 AM,Ridley Municipal Park,B1,,Marple Newtown B1,
3768064,05/09/2015,12:00 PM,Deep Run,A2,,Deep Run A2,
3768064,05/09/2015,12:00 PM,Deep Run,A2,,Lower Bucks A2,
3767930,05/09/2015,12:00 PM,Nathaniel Boileau Park,B2,,Upper Moreland B2,
3767930,05/09/2015,12:00 PM,Nathaniel Boileau Park,B2,,Wissahickon B2,
3768020,05/09/2015,12:00 PM,Wissahickon,B3,,Wissahickon Gold B3,
3768020,05/09/2015,12:00 PM,Wissahickon,B3,,Wariors Blue B3,
3768030,05/09/2015,12:00 PM,CBAA 1,A1,,CBAA A1,
3768030,05/09/2015,12:00 PM,CBAA 1,A1,,North Penn A1,
3768105,05/09/2015,12:00 PM,Cedar Hill Park,A3,,Horsham A3,
3768105,05/09/2015,12:00 PM,Cedar Hill Park,A3,,Calvary A3,
3768604,05/09/2015,12:00 PM,Boyertown,A2,,Boyertown A2,
3768604,05/09/2015,12:00 PM,Boyertown,A2,,Phoenixville A2,
3761682,05/09/2015,12:00 PM,Haverford Reserve Grass,A3,,Haverford A3,
3761682,05/09/2015,12:00 PM,Haverford Reserve Grass,A3,,Ashbee A3,
3768582,05/09/2015,12:00 PM,Souderton,A2,,Souderton Red A2,
3768582,05/09/2015,12:00 PM,Souderton,A2,,Council Rock Blue A2,
3760531,05/09/2015,12:00 PM,Shipley Farms 1,A1,,Ashbee A1,
3760531,05/09/2015,12:00 PM,Shipley Farms 1,A1,,Conshohocken A1,
3768257,05/09/2015,12:00 PM,Hardy Bush Fields,B3,,New Hope B3,
3768257,05/09/2015,12:00 PM,Hardy Bush Fields,B3,,Upper Moreland B3,
3767800,05/09/2015,12:00 PM,Brooke Elementary School,A2,,Spring-Ford A2,
3767800,05/09/2015,12:00 PM,Brooke Elementary School,A2,,Council Rock White A2,
3768072,05/09/2015,12:00 PM,Pennbrook Middle School,A2,,North Penn A2,
3768072,05/09/2015,12:00 PM,Pennbrook Middle School,A2,,Warriors A2,
3768129,05/09/2015,12:00 PM,Perk Valley Middle Schoo,A3,,Perkiomen Valley A3,
3768129,05/09/2015,12:00 PM,Perk Valley Middle Schoo,A3,,Council Rock  A3,
3763169,05/09/2015,12:30 PM,Haverford,B1A,,Haverford B1A,
3763169,05/09/2015,12:30 PM,Haverford,B1A,,Ashbee B1A,
3767957,05/09/2015,1:30 PM,Cedar Hill Park,B3,,Horsham B3,
3767957,05/09/2015,1:30 PM,Cedar Hill Park,B3,,Warriors White B3,
3768583,05/09/2015,1:30 PM,Souderton,A2,,Souderton White A2,
3768583,05/09/2015,1:30 PM,Souderton,A2,,Crooked Crosse A2,
3768189,05/09/2015,1:30 PM,CBAA 1,B2,,CBAA B2,
3768189,05/09/2015,1:30 PM,CBAA 1,B2,,Lansing B2,
3767951,05/09/2015,1:30 PM,CCLC,B3,,Crooked Crosse B3,
3767951,05/09/2015,1:30 PM,CCLC,B3,,Boyertown B3,
3768231,05/09/2015,1:30 PM,CCLC,B3,,Crooked Crosse B3,
3768231,05/09/2015,1:30 PM,CCLC,B3,,Boyertown B3,
3769624,05/09/2015,1:30 PM,Ridley Municipal Park,B2,,Ridley B2,
3769624,05/09/2015,1:30 PM,Ridley Municipal Park,B2,,Marple Newtown B2,
3767844,05/09/2015,1:30 PM,Pennbrook Middle School,A3,,North Penn A3,
3767844,05/09/2015,1:30 PM,Pennbrook Middle School,A3,,Warriors A3,
3768153,05/09/2015,2:00 PM,Calvary AA,B1,,Calvary B1,
3768153,05/09/2015,2:00 PM,Calvary AA,B1,,Council Rock B1,
3750133,05/09/2015,3:00 PM,Encke Field,A1A,,Radnor A1A,
3750133,05/09/2015,3:00 PM,Encke Field,A1A,,Crooked Crosse A1A,
3768194,05/09/2015,4:30 PM,Newtown Elementary,B2,,Council Rock B2,
3768194,05/09/2015,4:30 PM,Newtown Elementary,B2,,Souderton B2,
3768190,05/10/2015,10:30 AM,CBAA 1,B2,,CBAA B2,
3768190,05/10/2015,10:30 AM,CBAA 1,B2,,Deep Run B2,
3768053,05/10/2015,12:00 PM,Newtown Elementary,A2,,Council Rock Blue A2,
3768053,05/10/2015,12:00 PM,Newtown Elementary,A2,,Lower Bucks A2,
3767878,05/10/2015,12:00 PM,CBAA 1,B1,,CBAA B1,
3767878,05/10/2015,12:00 PM,CBAA 1,B1,,Deep Run B1,
3770138,05/10/2015,12:00 PM,CBAA 1,B1,,CBAA B1,
3770138,05/10/2015,12:00 PM,CBAA 1,B1,,Deep Run B1,
3770139,05/10/2015,12:00 PM,CBAA 1,B1,,CBAA B1,
3770139,05/10/2015,12:00 PM,CBAA 1,B1,,Deep Run B1,
3768034,05/10/2015,12:00 PM,Deep Run,A1,,Deep Run A1,
3768034,05/10/2015,12:00 PM,Deep Run,A1,,CBAA A1,
3768232,05/10/2015,12:00 PM,CCLC,B3,,Crooked Crosse B3,
3768232,05/10/2015,12:00 PM,CCLC,B3,,Lower Bucks White B3,
3763188,05/10/2015,12:00 PM,Springfield - Church Rd,B1A,,Springfield B1A,
3763188,05/10/2015,12:00 PM,Springfield - Church Rd,B1A,,Spring-Ford B1A,
3768182,05/10/2015,12:00 PM,Spartan,B1,,Spartan B1,
3768182,05/10/2015,12:00 PM,Spartan,B1,,Calvary B1,
3760539,05/10/2015,12:00 PM,Episcopal Academy Turf,A1,,Marple A1,
3760539,05/10/2015,12:00 PM,Episcopal Academy Turf,A1,,Conshohocken A1,
3767963,05/10/2015,12:00 PM,Abraham Lincoln High Sch,B3,,Lansing B3,
3767963,05/10/2015,12:00 PM,Abraham Lincoln High Sch,B3,,Wissahickon Blue B3,
3768076,05/10/2015,12:00 PM,PMYC Clubhouse Field,A2,,Phoenixville A2,
3768076,05/10/2015,12:00 PM,PMYC Clubhouse Field,A2,,Deep Run A2,
3763177,05/10/2015,12:00 PM,Perk Valley MS west,B1A,,Perkiomen Valley B1A,
3763177,05/10/2015,12:00 PM,Perk Valley MS west,B1A,,Ashbee B1A,
3768586,05/10/2015,12:00 PM,Souderton,B3,,Souderton B3,
3768586,05/10/2015,12:00 PM,Souderton,B3,,CBAA B3,
3767839,05/10/2015,12:00 PM,William Penn Middle Scho,A3,,Lower Bucks White A3,
3767839,05/10/2015,12:00 PM,William Penn Middle Scho,A3,,Upper Moreland A3,
3767978,05/10/2015,12:00 PM,Hardy Bush Fields,B3,,New Hope B3,
3767978,05/10/2015,12:00 PM,Hardy Bush Fields,B3,,Horsham B3,
3767980,05/10/2015,12:00 PM,Pennbrook Middle School,B3,,North Penn B3,
3767980,05/10/2015,12:00 PM,Pennbrook Middle School,B3,,Council Rock B3,
3768081,05/10/2015,12:00 PM,Brooke Elementary School,A2,,Spring-Ford A2,
3768081,05/10/2015,12:00 PM,Brooke Elementary School,A2,,Souderton Red A2,
3760541,05/10/2015,1:00 PM,Twin Oaks Day Camp Field,A1,,Warriors A1,
3760541,05/10/2015,1:00 PM,Twin Oaks Day Camp Field,A1,,Ridley A1,
3768913,05/10/2015,1:00 PM,Lower Merion - Grass,B1,,Asbee B1,
3768913,05/10/2015,1:00 PM,Lower Merion - Grass,B1,,Interboro B1,
3761687,05/10/2015,1:00 PM,Haven - King Field Turf,A3,,Haven A3,
3761687,05/10/2015,1:00 PM,Haven - King Field Turf,A3,,Springfield A3,
3761655,05/10/2015,1:00 PM,Radnor Memorial Park,A2,,Radnor A2,
3761655,05/10/2015,1:00 PM,Radnor Memorial Park,A2,,Interboro A2,
3769610,05/10/2015,1:00 PM,Prevost Field,B2,,Radnor B2,
3769610,05/10/2015,1:00 PM,Prevost Field,B2,,Springfield B2,
3771128,05/10/2015,1:00 PM,Interboro,C,,Interboro Black C,
3771128,05/10/2015,1:00 PM,Interboro,C,,Radnor C,
3761656,05/10/2015,1:00 PM,Rose Tree,A2,,Rose Tree A2,
3761656,05/10/2015,1:00 PM,Rose Tree,A2,,StJoes A2,
3761690,05/10/2015,1:00 PM,Haverford,A3,,Haverford A3,
3761690,05/10/2015,1:00 PM,Haverford,A3,,Radnor White A3,
3771235,05/10/2015,1:00 PM,Heuser Field 1,C2,,Upper Merion C2,
3771235,05/10/2015,1:00 PM,Heuser Field 1,C2,,Marple Newtown C2,
3760540,05/10/2015,1:00 PM,Middletown Comm Park,A1,,Lower Bucks A1,
3760540,05/10/2015,1:00 PM,Middletown Comm Park,A1,,Ashbee A1,
3769612,05/10/2015,1:00 PM,Conshohocken,B1,,Conshohocken B1,
3769612,05/10/2015,1:00 PM,Conshohocken,UpperMerion,,UpperMerion,
3770163,05/10/2015,1:00 PM,Moorestown,A1A,,Moorestown A1A,
3770163,05/10/2015,1:00 PM,Moorestown,A1A,,Haverford A1A,
3761654,05/10/2015,1:00 PM,Aston (Pennell Field),A2,,Aston A2,
3761654,05/10/2015,1:00 PM,Aston (Pennell Field),A2,,UpperMerion A2,
3763172,05/10/2015,1:30 PM,Moorestown,B1A,,Moorestown B1A,
3763172,05/10/2015,1:30 PM,Moorestown,B1A,,Crooked Crosse B1A,
3763196,05/10/2015,1:30 PM,Wissahickon,B1A,,Wissahickon B1A,
3763196,05/10/2015,1:30 PM,Wissahickon,B1A,,Rose Tree B1A,
3750101,05/10/2015,1:30 PM,Newtown Elementary,A1A,,Council Rock A1A,
3750101,05/10/2015,1:30 PM,Newtown Elementary,A1A,,CBAA  A1A,
3763161,05/10/2015,1:30 PM,CBAA 1,B1A,,CBAA B1A,
3763161,05/10/2015,1:30 PM,CBAA 1,B1A,,Haverford B1A,
3768272,05/10/2015,1:30 PM,Spartan,B3,,Spartan B3,
3768272,05/10/2015,1:30 PM,Spartan,B3,,Perkiomen Valley B3,
3769611,05/10/2015,1:30 PM,Episcopal Academy Turf,B2,,Marple Newtown B2,
3769611,05/10/2015,1:30 PM,Episcopal Academy Turf,B2,,Ashbee B2,
3768201,05/10/2015,1:30 PM,Abraham Lincoln High Sch,B2,,Lansing B2,
3768201,05/10/2015,1:30 PM,Abraham Lincoln High Sch,B2,,Upper Moreland B2,
3768585,05/10/2015,1:30 PM,Souderton,B2,,Souderton B2,
3768585,05/10/2015,1:30 PM,Souderton,B2,,Phoenixville B2,
3768277,05/10/2015,1:30 PM,Brooke Elementary School,B3,,Spring-Ford B3,
3768277,05/10/2015,1:30 PM,Brooke Elementary School,B3,,Wissahickon Gold B3,
3768176,05/10/2015,1:30 PM,Pennbrook Middle School,B1,,North Penn B1,
3768176,05/10/2015,1:30 PM,Pennbrook Middle School,B1,,Council Rock B1,
3768113,05/10/2015,1:30 PM,William Penn Middle Scho,A3,,Lower Bucks Blue A3,
3768113,05/10/2015,1:30 PM,William Penn Middle Scho,A3,,Spring-Ford A3,
3768914,05/10/2015,1:45 PM,Springfield - Church Rd,B1,,Springfield B1,
3768914,05/10/2015,1:45 PM,Springfield - Church Rd,B1,,Marple Newtown B1,
3768915,05/10/2015,1:45 PM,Encke Field,B1,,Radnor B1,
3768915,05/10/2015,1:45 PM,Encke Field,B1,,Ridley B1,
3761688,05/10/2015,2:30 PM,Lower Merion - Grass,A3,,Ashbee A3,
3761688,05/10/2015,2:30 PM,Lower Merion - Grass,A3,,Ridley A3,
3771127,05/10/2015,2:45 PM,Lower Merion - Grass,C,,Ashbee C,
3771127,05/10/2015,2:45 PM,Lower Merion - Grass,C,,Upper Merion C,
3769829,05/10/2015,2:45 PM,Haven - King Field Turf,B3,,Haven B3,
3769829,05/10/2015,2:45 PM,Haven - King Field Turf,B3,,Radnor Maroon B3,
3769609,05/10/2015,2:45 PM,Haverford,B2,,Haverford B2,
3769609,05/10/2015,2:45 PM,Haverford,B2,,Drexel Hill B2,
3769828,05/10/2015,2:45 PM,Rose Tree,B3,,Rose Tree B3,
3769828,05/10/2015,2:45 PM,Rose Tree,B3,,Marple B3,
3769827,05/10/2015,2:45 PM,Aston (Pennell Field),B3,,Aston B3,
3769827,05/10/2015,2:45 PM,Aston (Pennell Field),B3,,Haverford B3,
3768094,05/10/2015,3:00 PM,CBAA 1,A3,,CBAA A3,
3768094,05/10/2015,3:00 PM,CBAA 1,A3,,Wissahickon A3,
3760538,05/10/2015,3:00 PM,Wissahickon,A1,,Wissahickon A1,
3760538,05/10/2015,3:00 PM,Wissahickon,A1,,Haven A1,
3767818,05/10/2015,3:00 PM,Newtown Elementary,A3,,Council Rock  A3,
3767818,05/10/2015,3:00 PM,Newtown Elementary,A3,,Lansing A3,
3769830,05/10/2015,3:00 PM,Ridley Municipal Park,B3,,Ridley B3,
3769830,05/10/2015,3:00 PM,Ridley Municipal Park,B3,,Radnor White B3,
3761689,05/10/2015,3:00 PM,Radnor Memorial Park,A3,,Radnor Maroon A3,
3761689,05/10/2015,3:00 PM,Radnor Memorial Park,A3,,Marple Newtown A3,
3763181,05/10/2015,3:30 PM,Encke Field,B1A,,Radnor B1A,
3763181,05/10/2015,3:30 PM,Encke Field,B1A,,Boyertown B1A,
3771237,05/10/2015,3:30 PM,Springfield - Church Rd,C2,,Springfield C2,
3771237,05/10/2015,3:30 PM,Springfield - Church Rd,White,,Ridley C2 White,
3771129,05/10/2015,4:15 PM,Haven - King Field Turf,C,,Haven C,
3771129,05/10/2015,4:15 PM,Haven - King Field Turf,C1,,Springfield C1,
3771131,05/10/2015,4:30 PM,Rose Tree,C,,Rose Tree C,
3771131,05/10/2015,4:30 PM,Rose Tree,C,,Marple Newtown C,
3771130,05/10/2015,4:30 PM,Haverford,C,,Haverford C,
3771130,05/10/2015,4:30 PM,Haverford,C,,Ridley C,
3771236,05/10/2015,4:45 PM,Ridley Municipal Park,Green,,Ridley C2 Green,
3771236,05/10/2015,4:45 PM,Ridley Municipal Park,C2,,Aston C2,
3771234,05/10/2015,5:45 PM,Haven - King Field Turf,C2,,Haven C2,
3771234,05/10/2015,5:45 PM,Haven - King Field Turf,C2,,Conshohocken C2,
3768085,05/16/2015,9:00 AM,Twin Oaks Day Camp Field,A2,,Warriors A2,
3768085,05/16/2015,9:00 AM,Twin Oaks Day Camp Field,A2,,Spring-Ford A2,
3767793,05/16/2015,9:00 AM,Pennbrook Middle School,A2,,North Penn A2,
3767793,05/16/2015,9:00 AM,Pennbrook Middle School,A2,,Crooked Crosse A2,
3767829,05/16/2015,9:30 AM,Abraham Lincoln High Sch,A3,,Lansing A3,
3767829,05/16/2015,9:30 AM,Abraham Lincoln High Sch,A3,,Upper Moreland A3,
3767998,05/16/2015,9:30 AM,Brooke Elementary School,B3,,Spring-Ford B3,
3767998,05/16/2015,9:30 AM,Brooke Elementary School,B3,,Lower Bucks White B3,
3760536,05/16/2015,10:00 AM,Middletown Comm Park,A1,,Lower Bucks A1,
3760536,05/16/2015,10:00 AM,Middletown Comm Park,A1,,Haven A1,
3760537,05/16/2015,10:00 AM,Conshohocken,A1,,Conshohocken A1,
3760537,05/16/2015,10:00 AM,Conshohocken,A1,,Ridley A1,
3761652,05/16/2015,10:00 AM,Interboro,A2,,Interboro A2,
3761652,05/16/2015,10:00 AM,Interboro,A2,,Drexel Hill A2,
3761686,05/16/2015,10:00 AM,Ridley Municipal Park,A3,,Ridley A3,
3761686,05/16/2015,10:00 AM,Ridley Municipal Park,A3,,Haverford A3,
3761653,05/16/2015,10:00 AM,Heuser Field 1,A2,,UpperMerion A2,
3761653,05/16/2015,10:00 AM,Heuser Field 1,A2,,Rose Tree A2,
3761651,05/16/2015,10:00 AM,St Joe - Mary St,A2,,StJoes A2,
3761651,05/16/2015,10:00 AM,St Joe - Mary St,A2,,Radnor A2,
3761683,05/16/2015,10:00 AM,Encke Field,A3,,Radnor White A3,
3761683,05/16/2015,10:00 AM,Encke Field,A3,,Radnor Maroon A3,
3761684,05/16/2015,10:00 AM,Springfield - Sabold,A3,,Springfield A3,
3761684,05/16/2015,10:00 AM,Springfield - Sabold,A3,,Ashbee A3,
3760535,05/16/2015,10:00 AM,Gauntlett Center,A1,,Marple A1,
3760535,05/16/2015,10:00 AM,Gauntlett Center,A1,,Wissahickon A1,
3767865,05/16/2015,10:00 AM,Twin Oaks Day Camp Field,A3,,Warriors A3,
3767865,05/16/2015,10:00 AM,Twin Oaks Day Camp Field,A3,,Spring-Ford A3,
3768125,05/16/2015,10:30 AM,Pennbrook Middle School,A3,,North Penn A3,
3768125,05/16/2015,10:30 AM,Pennbrook Middle School,A3,,Perkiomen Valley A3,
3768605,05/16/2015,10:30 AM,Boyertown,B3,,Boyertown B3,
3768605,05/16/2015,10:30 AM,Boyertown,B3,,Upper Moreland B3,
3768038,05/16/2015,10:30 AM,Cedar Hill Park,A1,,Horsham A1,
3768038,05/16/2015,10:30 AM,Cedar Hill Park,A1,,Deep Run A1,
3750107,05/16/2015,10:30 AM,CCLC,A1A,,Crooked Crosse A1A,
3750107,05/16/2015,10:30 AM,CCLC,A1A,,Haverford A1A,
3768149,05/16/2015,10:30 AM,Wissahickon,A3,,Wissahickon A3,
3768149,05/16/2015,10:30 AM,Wissahickon,A3,,Council Rock  A3,
3768198,05/16/2015,10:30 AM,Deep Run,B2,,Deep Run B2,
3768198,05/16/2015,10:30 AM,Deep Run,B2,,Boyertown B2,
3768202,05/16/2015,11:00 AM,Abraham Lincoln High Sch,B2,,Lansing B2,
3768202,05/16/2015,11:00 AM,Abraham Lincoln High Sch,B2,,Council Rock B2,
3760534,05/16/2015,11:30 AM,Twin Oaks Day Camp Field,A1,,Warriors A1,
3760534,05/16/2015,11:30 AM,Twin Oaks Day Camp Field,A1,,Ashbee A1,
3761685,05/16/2015,11:45 AM,Gauntlett Center,A3,,Marple Newtown A3,
3761685,05/16/2015,11:45 AM,Gauntlett Center,A3,,Haven A3,
3771240,05/16/2015,11:45 AM,Ridley Municipal Park,White,,Ridley C2 White,
3771240,05/16/2015,11:45 AM,Ridley Municipal Park,Green,,Ridley C2 Green,
3763165,05/16/2015,12:00 PM,CCLC,B1A,,Crooked Crosse B1A,
3763165,05/16/2015,12:00 PM,CCLC,B1A,,Boyertown B1A,
3768166,05/16/2015,12:00 PM,Deep Run,B1,,Deep Run B1,
3768166,05/16/2015,12:00 PM,Deep Run,B1,,Spartan B1,
3767947,05/16/2015,12:00 PM,Newtown Elementary,B3,,Council Rock B3,
3767947,05/16/2015,12:00 PM,Newtown Elementary,B3,,Lansing B3,
3768218,05/16/2015,12:00 PM,Wissahickon,B2,,Wissahickon B2,
3768218,05/16/2015,12:00 PM,Wissahickon,B2,,Souderton B2,
3767797,05/16/2015,12:00 PM,PMYC Clubhouse Field,A2,,Phoenixville A2,
3767797,05/16/2015,12:00 PM,PMYC Clubhouse Field,A2,,Council Rock Blue A2,
3768588,05/16/2015,12:00 PM,Souderton,A2,,Souderton White A2,
3768588,05/16/2015,12:00 PM,Souderton,A2,,Lower Bucks A2,
3768042,05/16/2015,12:00 PM,Pennbrook Middle School,A1,,North Penn A1,
3768042,05/16/2015,12:00 PM,Pennbrook Middle School,A1,,Perkiomen Valley A1,
3763184,05/16/2015,12:00 PM,Penncrest  HS Field 9,B1A,,Rose Tree B1A,
3763184,05/16/2015,12:00 PM,Penncrest  HS Field 9,B1A,,Moorestown B1A,
3768114,05/16/2015,12:00 PM,William Penn Middle Scho,A3,,Lower Bucks Blue A3,
3768114,05/16/2015,12:00 PM,William Penn Middle Scho,A3,,Horsham A3,
3768291,05/16/2015,1:00 PM,Twin Oaks Day Camp Field,B3,,Warriors White B3,
3768291,05/16/2015,1:00 PM,Twin Oaks Day Camp Field,B3,,Perkiomen Valley B3,
3768296,05/16/2015,1:30 PM,Wissahickon,B3,,Wissahickon Blue B3,
3768296,05/16/2015,1:30 PM,Wissahickon,B3,,Wariors Blue B3,
3768261,05/16/2015,1:30 PM,Pennbrook Middle School,B3,,North Penn B3,
3768261,05/16/2015,1:30 PM,Pennbrook Middle School,B3,,Horsham B3,
3768587,05/16/2015,1:30 PM,Souderton,A2,,Souderton Red A2,
3768587,05/16/2015,1:30 PM,Souderton,A2,,Boyertown A2,
3768065,05/16/2015,1:30 PM,Deep Run,A2,,Deep Run A2,
3768065,05/16/2015,1:30 PM,Deep Run,A2,,Council Rock White A2,
3768233,05/16/2015,1:30 PM,CCLC,B3,,Crooked Crosse B3,
3768233,05/16/2015,1:30 PM,CCLC,B3,,Spartan B3,
3768089,05/16/2015,2:00 PM,Calvary AA,A3,,Calvary A3,
3768089,05/16/2015,2:00 PM,Calvary AA,A3,,Lower Bucks White A3,
3768214,05/16/2015,2:30 PM,Twin Oaks Day Camp Field,B2,,Warriors B2,
3768214,05/16/2015,2:30 PM,Twin Oaks Day Camp Field,B2,,Upper Moreland B2,
3768301,05/16/2015,3:00 PM,Wissahickon,B3,,Wissahickon Gold B3,
3768301,05/16/2015,3:00 PM,Wissahickon,B3,,New Hope B3,
3768177,05/16/2015,3:00 PM,Pennbrook Middle School,B1,,North Penn B1,
3768177,05/16/2015,3:00 PM,Pennbrook Middle School,B1,,Horsham B1,
3768027,05/16/2015,3:30 PM,Calvary AA,A1,,Calvary A1,
3768027,05/16/2015,3:30 PM,Calvary AA,A1,,Boyertown A1,
3768186,05/17/2015,12:00 PM,Twin Oaks Day Camp Field,B1,,Warriors B1,
3768186,05/17/2015,12:00 PM,Twin Oaks Day Camp Field,B1,,Spartan B1,
3768262,05/17/2015,12:00 PM,Pennbrook Middle School,B3,,North Penn B3,
3768262,05/17/2015,12:00 PM,Pennbrook Middle School,B3,,CBAA B3,
3768589,05/17/2015,12:00 PM,Souderton,B2,,Souderton B2,
3768589,05/17/2015,12:00 PM,Souderton,B2,,CBAA B2,
3763185,05/17/2015,12:00 PM,Penncrest  HS Field 9,B1A,,Rose Tree B1A,
3763185,05/17/2015,12:00 PM,Penncrest  HS Field 9,B1A,,Radnor B1A,
3768918,05/17/2015,12:00 PM,Gauntlett Center,B1,,Marple Newtown B1,
3768918,05/17/2015,12:00 PM,Gauntlett Center,B1,,Radnor B1,
3763193,05/17/2015,12:00 PM,Brooke Elementary,B1A,,Spring-Ford B1A,
3763193,05/17/2015,12:00 PM,Brooke Elementary,B1A,,Perkiomen Valley B1A,
3768170,05/17/2015,12:00 PM,Cedar Hill Park,B1,,Horsham B1,
3768170,05/17/2015,12:00 PM,Cedar Hill Park,B1,,Council Rock B1,
3768302,05/17/2015,12:00 PM,Wissahickon,B3,,Wissahickon Gold B3,
3768302,05/17/2015,12:00 PM,Wissahickon,B3,,Souderton B3,
3768154,05/17/2015,12:00 PM,Calvary AA,B1,,Calvary B1,
3768154,05/17/2015,12:00 PM,Calvary AA,B1,,Lower Bucks B1,
3768228,05/17/2015,12:00 PM,Newtown Elementary,B3,,Council Rock B3,
3768228,05/17/2015,12:00 PM,Newtown Elementary,B3,,Crooked Crosse B3,
3763189,05/17/2015,12:00 PM,Springfield - Church Rd,B1A,,Springfield B1A,
3763189,05/17/2015,12:00 PM,Springfield - Church Rd,B1A,,Haverford B1A,
3769831,05/17/2015,12:15 PM,Haverford,B3,,Haverford B3,
3769831,05/17/2015,12:15 PM,Haverford,B3,,Rose Tree B3,
3769615,05/17/2015,1:00 PM,Heuser Field 1,UpperMerion,,UpperMerion,
3769615,05/17/2015,1:00 PM,Heuser Field 1,B2,,Marple Newtown B2,
3769832,05/17/2015,1:00 PM,Encke Field,B3,,Radnor Maroon B3,
3769832,05/17/2015,1:00 PM,Encke Field,B3,,Radnor White B3,
3768916,05/17/2015,1:00 PM,Interboro,B1,,Interboro B1,
3768916,05/17/2015,1:00 PM,Interboro,B1,,Springfield B1,
3771238,05/17/2015,1:00 PM,Aston (Pennell Field),C2,,Aston C2,
3771238,05/17/2015,1:00 PM,Aston (Pennell Field),C2,,Haven C2,
3771136,05/17/2015,1:00 PM,Marple Newtown,C,,Marple Newtown C,
3771136,05/17/2015,1:00 PM,Marple Newtown,C,,Interboro Black C,
3771241,05/17/2015,1:00 PM,Drexel Hill,C2,,Drexel Hill C2,
3771241,05/17/2015,1:00 PM,Drexel Hill,C2,,Upper Merion C2,
3750128,05/17/2015,1:00 PM,Moorestown,A1A,,Moorestown A1A,
3750128,05/17/2015,1:00 PM,Moorestown,A1A,,Radnor A1A,
3768917,05/17/2015,1:00 PM,Haven - King Field Turf,B1,,Haven B1,
3768917,05/17/2015,1:00 PM,Haven - King Field Turf,B1,,Asbee B1,
3769613,05/17/2015,1:00 PM,Lower Merion - Grass,B2,,Ashbee B2,
3769613,05/17/2015,1:00 PM,Lower Merion - Grass,B2,,Haverford B2,
3768130,05/17/2015,1:30 PM,Perk Valley Middle Schoo,A3,,Perkiomen Valley A3,
3768130,05/17/2015,1:30 PM,Perk Valley Middle Schoo,A3,,Lower Bucks Blue A3,
3767898,05/17/2015,1:30 PM,Pennbrook Middle School,B1,,North Penn B1,
3767898,05/17/2015,1:30 PM,Pennbrook Middle School,B1,,CBAA B1,
3768286,05/17/2015,1:30 PM,Twin Oaks Day Camp Field,B3,,Wariors Blue B3,
3768286,05/17/2015,1:30 PM,Twin Oaks Day Camp Field,B3,,Lower Bucks White B3,
3763197,05/17/2015,1:30 PM,Wissahickon,B1A,,Wissahickon B1A,
3763197,05/17/2015,1:30 PM,Wissahickon,B1A,,CBAA B1A,
3768090,05/17/2015,1:30 PM,Calvary AA,A3,,Calvary A3,
3768090,05/17/2015,1:30 PM,Calvary AA,A3,,CBAA A3,
3768057,05/17/2015,1:30 PM,Newtown Elementary,A2,,Council Rock White A2,
3768057,05/17/2015,1:30 PM,Newtown Elementary,A2,,North Penn A2,
3769614,05/17/2015,1:45 PM,Springfield - Church Rd,B2,,Springfield B2,
3769614,05/17/2015,1:45 PM,Springfield - Church Rd,B1,,Conshohocken B1,
3750117,05/17/2015,1:45 PM,Haverford,A1A,,Haverford A1A,
3750117,05/17/2015,1:45 PM,Haverford,A1A,,CBAA  A1A,
3769834,05/17/2015,1:45 PM,Gauntlett Center,B3,,Marple B3,
3769834,05/17/2015,1:45 PM,Gauntlett Center,B3,,Ridley B3,
3763173,05/17/2015,2:30 PM,Moorestown,B1A,,Moorestown B1A,
3763173,05/17/2015,2:30 PM,Moorestown,B1A,,Ashbee B1A,
3771239,05/17/2015,2:45 PM,Marple Newtown,C2,,Marple Newtown C2,
3771239,05/17/2015,2:45 PM,Marple Newtown,C2,,Springfield C2,
3771133,05/17/2015,2:45 PM,Encke Field,C,,Radnor C,
3771133,05/17/2015,2:45 PM,Encke Field,C,,Haverford C,
3771135,05/17/2015,2:45 PM,Heuser Field 1,C,,Upper Merion C,
3771135,05/17/2015,2:45 PM,Heuser Field 1,C,,Rose Tree C,
3769833,05/17/2015,2:45 PM,Haven - King Field Turf,B3,,Haven B3,
3769833,05/17/2015,2:45 PM,Haven - King Field Turf,B3,,Aston B3,
3768292,05/17/2015,3:00 PM,Twin Oaks Day Camp Field,B3,,Warriors White B3,
3768292,05/17/2015,3:00 PM,Twin Oaks Day Camp Field,B3,,Lansing B3,
3768267,05/17/2015,3:00 PM,Perk Valley Middle Schoo,B3,,Perkiomen Valley B3,
3768267,05/17/2015,3:00 PM,Perk Valley Middle Schoo,B3,,Lower Bucks Blue B3,
3769616,05/17/2015,3:00 PM,Ridley Municipal Park,B2,,Ridley B2,
3769616,05/17/2015,3:00 PM,Ridley Municipal Park,B2,,Radnor B2,
3768297,05/17/2015,3:00 PM,Wissahickon,B3,,Wissahickon Blue B3,
3768297,05/17/2015,3:00 PM,Wissahickon,B3,,Spring-Ford B3,
3768099,05/17/2015,3:00 PM,Newtown Elementary,A3,,Council Rock  A3,
3768099,05/17/2015,3:00 PM,Newtown Elementary,A3,,North Penn A3,
3771132,05/17/2015,3:30 PM,Springfield - Church Rd,C1,,Springfield C1,
3771132,05/17/2015,3:30 PM,Springfield - Church Rd,C,,Ashbee C,
3771134,05/17/2015,4:45 PM,Ridley Municipal Park,C,,Ridley C,
3771134,05/17/2015,4:45 PM,Ridley Municipal Park,C,,Haven C,
3768140,05/30/2015,10:30 AM,Nathaniel Boileau Park,A3,,Upper Moreland A3,
3768140,05/30/2015,10:30 AM,Nathaniel Boileau Park,A3,,Wissahickon A3,
3768100,05/30/2015,10:30 AM,Newtown Elementary,A3,,Council Rock  A3,
3768100,05/30/2015,10:30 AM,Newtown Elementary,A3,,Horsham A3,
3770129,05/30/2015,10:30 AM,CBAA 1,A3,,CBAA A3,
3770129,05/30/2015,10:30 AM,CBAA 1,A3,,North Penn A3,
3770121,05/30/2015,10:30 AM,Boyertown,B3,,Boyertown B3,
3770121,05/30/2015,10:30 AM,Boyertown,B3,,Spring-Ford B3,
3768110,05/30/2015,10:30 AM,Abraham Lincoln High Sch,A3,,Lansing A3,
3768110,05/30/2015,10:30 AM,Abraham Lincoln High Sch,A3,,Warriors A3,
3768134,05/30/2015,10:30 AM,Brooke Elementary School,A3,,Spring-Ford A3,
3768134,05/30/2015,10:30 AM,Brooke Elementary School,A3,,Perkiomen Valley A3,
3768590,05/30/2015,10:30 AM,Souderton,B3,,Souderton B3,
3768590,05/30/2015,10:30 AM,Souderton,B3,,Lansing B3,
3768247,05/30/2015,10:30 AM,William Penn Middle Scho,B3,,Lower Bucks Blue B3,
3768247,05/30/2015,10:30 AM,William Penn Middle Scho,B3,,New Hope B3,
3767835,05/30/2015,12:00 PM,William Penn Middle Scho,A3,,Lower Bucks Blue A3,
3767835,05/30/2015,12:00 PM,William Penn Middle Scho,A3,,Calvary A3,
3768223,05/30/2015,12:00 PM,CBAA 2,B3,,CBAA B3,
3768223,05/30/2015,12:00 PM,CBAA 2,B3,,Crooked Crosse B3,
3767988,05/30/2015,1:30 PM,Perk Valley Middle Schoo,B3,,Perkiomen Valley B3,
3767988,05/30/2015,1:30 PM,Perk Valley Middle Schoo,B3,,Council Rock B3,
3768268,05/30/2015,1:30 PM,Perk Valley Middle Schoo,B3,,Perkiomen Valley B3,
3768268,05/30/2015,1:30 PM,Perk Valley Middle Schoo,B3,,Council Rock B3,
3768007,05/30/2015,1:30 PM,Twin Oaks Day Camp Field,B3,,Wariors Blue B3,
3768007,05/30/2015,1:30 PM,Twin Oaks Day Camp Field,B3,,North Penn B3,
3768298,05/30/2015,1:30 PM,Wissahickon,B3,,Wissahickon Blue B3,
3768298,05/30/2015,1:30 PM,Wissahickon,B3,,Lower Bucks White B3,
3768303,05/30/2015,3:00 PM,Wissahickon,B3,,Wissahickon Gold B3,
3768303,05/30/2015,3:00 PM,Wissahickon,B3,,Horsham B3,
3768293,05/30/2015,3:00 PM,Twin Oaks Day Camp Field,B3,,Warriors White B3,
3768293,05/30/2015,3:00 PM,Twin Oaks Day Camp Field,B3,,Upper Moreland B3,
3768135,05/31/2015,12:00 PM,Brooke Elementary School,A3,,Spring-Ford A3,
3768135,05/31/2015,12:00 PM,Brooke Elementary School,A3,,Upper Moreland A3,
3768288,05/31/2015,12:00 PM,Twin Oaks Day Camp Field,B3,,Wariors Blue B3,
3768288,05/31/2015,12:00 PM,Twin Oaks Day Camp Field,B3,,Crooked Crosse B3,
3768263,05/31/2015,12:00 PM,Pennbrook Middle School,B3,,North Penn B3,
3768263,05/31/2015,12:00 PM,Pennbrook Middle School,B3,,Wissahickon Gold B3,
3768238,05/31/2015,12:00 PM,Cedar Hill Park,B3,,Horsham B3,
3768238,05/31/2015,12:00 PM,Cedar Hill Park,B3,,Souderton B3,
3768273,05/31/2015,12:00 PM,Spartan,B3,,Spartan B3,
3768273,05/31/2015,12:00 PM,Spartan,B3,,Warriors White B3,
3768150,05/31/2015,12:00 PM,Wissahickon,A3,,Wissahickon A3,
3768150,05/31/2015,12:00 PM,Wissahickon,A3,,Lansing A3,
3768283,05/31/2015,12:00 PM,Nathaniel Boileau Park,B3,,Upper Moreland B3,
3768283,05/31/2015,12:00 PM,Nathaniel Boileau Park,B3,,Lansing B3,
3768120,05/31/2015,12:00 PM,William Penn Middle Scho,A3,,Lower Bucks White A3,
3768120,05/31/2015,12:00 PM,William Penn Middle Scho,A3,,CBAA A3,
3769619,05/31/2015,1:00 PM,Drexel Hill,B2,,Drexel Hill B2,
3769619,05/31/2015,1:00 PM,Drexel Hill,B2,,Ashbee B2,
3769620,05/31/2015,1:00 PM,Conshohocken,B1,,Conshohocken B1,
3769620,05/31/2015,1:00 PM,Conshohocken,B2,,Ridley B2,
3769835,05/31/2015,1:00 PM,Aston (Pennell Field),B3,,Aston B3,
3769835,05/31/2015,1:00 PM,Aston (Pennell Field),B3,,Radnor Maroon B3,
3769837,05/31/2015,1:00 PM,Rose Tree,B3,,Rose Tree B3,
3769837,05/31/2015,1:00 PM,Rose Tree,B3,,Haven B3,
3771245,05/31/2015,1:00 PM,Springfield - Church Rd,C2,,Springfield C2,
3771245,05/31/2015,1:00 PM,Springfield - Church Rd,C2,,Drexel Hill C2,
3769617,05/31/2015,1:00 PM,Haverford,B2,,Haverford B2,
3769617,05/31/2015,1:00 PM,Haverford,UpperMerion,,UpperMerion,
3769836,05/31/2015,1:00 PM,Encke Field,B3,,Radnor White B3,
3769836,05/31/2015,1:00 PM,Encke Field,B3,,Marple B3,
3771140,05/31/2015,1:00 PM,Heuser Field 1,C,,Upper Merion C,
3771140,05/31/2015,1:00 PM,Heuser Field 1,C1,,Springfield C1,
3771138,05/31/2015,1:00 PM,Haven - King Field Turf,C,,Haven C,
3771138,05/31/2015,1:00 PM,Haven - King Field Turf,C,,Radnor C,
3769618,05/31/2015,1:00 PM,Episcopal Academy Turf,B2,,Marple Newtown B2,
3769618,05/31/2015,1:00 PM,Episcopal Academy Turf,B2,,Springfield B2,
3771137,05/31/2015,1:00 PM,Lower Merion - Grass,C,,Ashbee C,
3771137,05/31/2015,1:00 PM,Lower Merion - Grass,C,,Ridley C,
3768253,05/31/2015,1:30 PM,William Penn Middle Scho,B3,,Lower Bucks White B3,
3768253,05/31/2015,1:30 PM,William Penn Middle Scho,B3,,Boyertown B3,
3771242,05/31/2015,2:30 PM,Haven - King Field Turf,C2,,Haven C2,
3771242,05/31/2015,2:30 PM,Haven - King Field Turf,White,,Ridley C2 White,
3771141,05/31/2015,2:45 PM,Haverford,C,,Haverford C,
3771141,05/31/2015,2:45 PM,Haverford,C,,Marple Newtown C,
3771139,05/31/2015,2:45 PM,Rose Tree,C,,Rose Tree C,
3771139,05/31/2015,2:45 PM,Rose Tree,C,,Interboro Black C,
3771244,05/31/2015,2:45 PM,Conshohocken,C2,,Conshohocken C2,
3771244,05/31/2015,2:45 PM,Conshohocken,C2,,Aston C2,
3769838,05/31/2015,3:00 PM,Ridley Municipal Park,B3,,Ridley B3,
3769838,05/31/2015,3:00 PM,Ridley Municipal Park,B3,,Haverford B3,
3768248,05/31/2015,3:00 PM,William Penn Middle Scho,B3,,Lower Bucks Blue B3,
3768248,05/31/2015,3:00 PM,William Penn Middle Scho,B3,,Wissahickon Blue B3,
3771243,05/31/2015,4:45 PM,Ridley Municipal Park,Green,,Ridley C2 Green,
3771243,05/31/2015,4:45 PM,Ridley Municipal Park,C2,,Marple Newtown C2,
3760543,06/06/2015,10:00 AM,Twin Oaks Day Camp Field,A1,,Warriors A1,
3760543,06/06/2015,10:00 AM,Twin Oaks Day Camp Field,A1,,Marple A1,
3760544,06/06/2015,10:00 AM,Middletown Comm Park,A1,,Lower Bucks A1,
3760544,06/06/2015,10:00 AM,Middletown Comm Park,A1,,Ridley A1,
3760545,06/06/2015,10:00 AM,Conshohocken,A1,,Conshohocken A1,
3760545,06/06/2015,10:00 AM,Conshohocken,A1,,Wissahickon A1,
3760542,06/06/2015,12:00 PM,Shipley Farms 1,A1,,Haven A1,
3760542,06/06/2015,12:00 PM,Shipley Farms 1,A1,,Ashbee A1,
3771146,06/07/2015,1:00 PM,Episcopal Academy Turf,C,,Marple Newtown C,
3771146,06/07/2015,1:00 PM,Episcopal Academy Turf,C,,Haven C,
3771249,06/07/2015,1:00 PM,Drexel Hill,C2,,Drexel Hill C2,
3771249,06/07/2015,1:00 PM,Drexel Hill,Green,,Ridley C2 Green,
3771144,06/07/2015,1:00 PM,Interboro,C,,Interboro Black C,
3771144,06/07/2015,1:00 PM,Interboro,C,,Haverford C,
3771247,06/07/2015,1:00 PM,Heuser Field 1,C2,,Upper Merion C2,
3771247,06/07/2015,1:00 PM,Heuser Field 1,C2,,Springfield C2,
3771142,06/07/2015,1:00 PM,Encke Field,C,,Radnor C,
3771142,06/07/2015,1:00 PM,Encke Field,C,,Ashbee C,
3771143,06/07/2015,1:00 PM,Springfield - Church Rd,C1,,Springfield C1,
3771143,06/07/2015,1:00 PM,Springfield - Church Rd,C,,Rose Tree C,
3771246,06/07/2015,2:30 PM,Episcopal Academy Turf,C2,,Marple Newtown C2,
3771246,06/07/2015,2:30 PM,Episcopal Academy Turf,C2,,Haven C2,
3771145,06/07/2015,3:00 PM,Ridley Municipal Park,C,,Ridley C,
3771145,06/07/2015,3:00 PM,Ridley Municipal Park,C,,Upper Merion C,
3771248,06/07/2015,4:30 PM,Ridley Municipal Park,White,,Ridley C2 White,
3771248,06/07/2015,4:30 PM,Ridley Municipal Park,C2,,Conshohocken C2,
