GAME,DATE,time,field,bracket,ROUND,team,score
1,,8:00 AM,Tinicum #1,White,,Interboro Bucs,
1,,8:00 AM,Tinicum #1,White,,Springfield Warriors,
2,,8:00 AM,Tinicum #2,White,,Aston United,
2,,8:00 AM,Tinicum #2,White,,BYC Chaos,
3,,8:00 AM,Edgewood,White,,MNSA Ambush,
3,,8:00 AM,Edgewood,White,,Springfield Shamrocks,
4,,8:00 AM,Mann,White,,RUSC Rage,
4,,8:00 AM,Mann,White,,Montgomery Juventus,
5,,8:00 AM,Catania Park #1,Green,,RUSC Rebels,
5,,8:00 AM,Catania Park #1,Green,,GVSC Hot Shots,
6,,8:00 AM,Catania Park #2,Green,,LMSC Liberty,
6,,8:00 AM,Catania Park #2,Green,,Aston Lightning,
7,,8:00 AM,RHS #1,White,,RUSC Storm,
7,,8:00 AM,RHS #1,White,,BYC Whales,
8,,8:00 AM,Tinicum #3,Green,,BYC Fury,
8,,8:00 AM,Tinicum #3,Green,,WCU Eagles,
9,,8:00 AM,RHS #3,White,,RUSC Stingers,
9,,8:00 AM,RHS #3,White,,Haverford Spirit,
10,,8:00 AM,RHS #4,White,,Rose Tree Fireworks,
10,,8:00 AM,RHS #4,White,,White Clay Firehawks,
11,,8:00 AM,RHS #6,,,Rose Tree Breeze,
11,,8:00 AM,RHS #6,,,Aston Avalanche,
12,,8:00 AM,RMS Upper,Green,,Rose Tree Rebels,
12,,8:00 AM,RMS Upper,Green,,Aston Strikers,
13,,8:00 AM,RHS #2,Green,,BYC Strikers,
13,,8:00 AM,RHS #2,Green,,RUSC Rockers,
14,,9:00 AM,Tinicum #1,Green,,RUSC Rams,
14,,9:00 AM,Tinicum #1,Green,,Springfield Celtic,
15,,9:00 AM,Tinicum #2,Green,,Haverford Heat Wave,
15,,9:00 AM,Tinicum #2,Green,,BYC United,
16,,9:00 AM,Edgewood,White,,RUSC Raiders,
16,,9:00 AM,Edgewood,White,,Aston Devils,
17,,9:00 AM,Mann,White,,Interboro Bucs,
17,,9:00 AM,Mann,White,,BYC Explosion,
18,,9:00 AM,Catania Park #1,White,,RUSC Revenge,
18,,9:00 AM,Catania Park #1,White,,MNSA Crush,
19,,9:00 AM,Catania Park #2,White,,Haveford Wildcats,
19,,9:00 AM,Catania Park #2,White,,Springfield Sparks,
20,,9:00 AM,RHS #1,White,,Springfield Chargers,
20,,9:00 AM,RHS #1,White,,GVSC Griffins,
21,,9:00 AM,Tinicum #3,Green,,Aston Rage,
21,,9:00 AM,Tinicum #3,Green,,BYC Cobras,
22,,9:00 AM,RHS #6,,,RUSC Rolling Thunder,
22,,9:00 AM,RHS #6,,,White Clay Lightning,
23,,9:00 AM,RHS #3,Green,,Springfield Sizzle,
23,,9:00 AM,RHS #3,Green,,Interboro Thunder,
24,,9:00 AM,RHS #4,Green,,Haverford Lightning,
24,,9:00 AM,RHS #4,Green,,Montgomery Revolution,
25,,9:00 AM,RMS Upper,Green,,Harford FC United,
25,,9:00 AM,RMS Upper,Green,,BYC Blaze,
26,,9:00 AM,RHS #5,Green,,RUSC Dynamite,
26,,9:00 AM,RHS #5,Green,,BYC Spartaks,
27,,9:00 AM,Interboro JV,White,,Interboro Wizards,
27,,9:00 AM,Interboro JV,White,,GVSC Stealth,
28,,9:00 AM,Interboro Varsity,White,,RUSC Rebels,
28,,9:00 AM,Interboro Varsity,White,,Rose Tree Outlawz,
29,,9:00 AM,RMS Lower,Green,,RUSC Strikers,
29,,9:00 AM,RMS Lower,Green,,BYC Galaxy,
30,,9:00 AM,Amosland,,,Aston Revolution,
30,,9:00 AM,Amosland,,,Rose Tree Strikers,
31,,9:00 AM,RHS #2,Green,,Chicester SC Cheetahs,
31,,9:00 AM,RHS #2,Green,,RUSC Rhinos,
32,,10:00 AM,Edgewood,Green,,Haverford Blackout,
32,,10:00 AM,Edgewood,Green,,BYC Tigers,
33,,10:00 AM,Mann,Green,,RUSC Rampage,
33,,10:00 AM,Mann,Green,,Haverford Red,
34,,10:00 AM,Catania Park #1,Green,,BYC Strikers,
34,,10:00 AM,Catania Park #1,Green,,Towamencin Titans,
35,,10:00 AM,Catania Park #2,Green,,BYC Blue Sharks,
35,,10:00 AM,Catania Park #2,Green,,FC York,
36,,10:00 AM,RHS #1,White,,HSC Tornadoes,
36,,10:00 AM,RHS #1,White,,RUSC Storm,
37,,10:00 AM,Tinicum #3,Green,,HFC Defazio United,
37,,10:00 AM,Tinicum #3,Green,,BYC Fury,
38,,10:00 AM,Tinicum #1,Green,,RUSC Rumble,
38,,10:00 AM,Tinicum #1,Green,,Haverford Revolution,
39,,10:00 AM,Tinicum #2,Green,,Springfield Sharks,
39,,10:00 AM,Tinicum #2,Green,,Amity AC Storm,
40,,10:00 AM,RHS #6,,,Nether Lenape Thunder,
40,,10:00 AM,RHS #6,,,Rose Tree Breeze,
41,,10:00 AM,RHS #3,White,,Lower Merion Fear,
41,,10:00 AM,RHS #3,White,,Haverford Red Flash,
42,,10:00 AM,RHS #4,White,,RUSC Revolution,
42,,10:00 AM,RHS #4,White,,Blue White '10 SC Panthers,
43,,10:00 AM,Interboro JV,,,BYC Dragons,
43,,10:00 AM,Interboro JV,,,HFC United,
44,,10:00 AM,Interboro Varsity,,,Lionville Kixx,
44,,10:00 AM,Interboro Varsity,,,Aston Storm,
45,,10:00 AM,RMS Upper,Green,,RUSC Rockets,
45,,10:00 AM,RMS Upper,Green,,Rose Tree Rebels,
46,,10:00 AM,RHS #5,Green,,FC York 99 Elite,
46,,10:00 AM,RHS #5,Green,,Aston Fury,
47,,10:00 AM,RMS Lower,Green,,West Mont United Union,
47,,10:00 AM,RMS Lower,Green,,Harford FC Lazers United,
48,,10:00 AM,Amosland,,,Towamencin Thrashers,
48,,10:00 AM,Amosland,,,RUSC Young Guns,
49,,10:00 AM,RHS #2,Green,,West Deptford Storm,
49,,10:00 AM,RHS #2,Green,,BYC Strikers,
50,,11:00 AM,Tinicum #1,White,,Aston United,
50,,11:00 AM,Tinicum #1,White,,Interboro Bucs,
51,,11:00 AM,Tinicum #2,White,,Springfield Warriors,
51,,11:00 AM,Tinicum #2,White,,BYC Chaos,
52,,11:00 AM,Edgewood,White,,Montgomery Juventus,
52,,11:00 AM,Edgewood,White,,Springfield Shamrocks,
53,,11:00 AM,Mann,White,,MNSA Ambush,
53,,11:00 AM,Mann,White,,RUSC Rage,
54,,11:00 AM,Catania Park #1,Green,,LMSC Liberty,
54,,11:00 AM,Catania Park #1,Green,,RUSC Rebels,
55,,11:00 AM,Catania Park #2,Green,,GVSC Hot Shots,
55,,11:00 AM,Catania Park #2,Green,,Aston Lightning,
56,,11:00 AM,RHS #1,White,,HFC United - White,
56,,11:00 AM,RHS #1,White,,Springfield Chargers,
57,,11:00 AM,Tinicum #3,Green,,Rose Tree Thunder,
57,,11:00 AM,Tinicum #3,Green,,Aston Rage,
58,,11:00 AM,RHS #3,White,,Rose Tree Fireworks,
58,,11:00 AM,RHS #3,White,,RUSC Stingers,
59,,11:00 AM,RHS #4,White,,Haverford Spirit,
59,,11:00 AM,RHS #4,White,,White Clay Firehawks,
60,,11:00 AM,RHS #6,,,Springfield Storm,
60,,11:00 AM,RHS #6,,,RUSC Rolling Thunder,
61,,11:00 AM,RMS Upper,Green,,Bel Air FC Blaze,
61,,11:00 AM,RMS Upper,Green,,Harford FC United,
62,,11:00 AM,Interboro JV,White,,Rose Tree Outlawz,
62,,11:00 AM,Interboro JV,White,,GVSC Stealth,
63,,11:00 AM,Interboro Varsity,White,,Interboro Wizards,
63,,11:00 AM,Interboro Varsity,White,,RUSC Rebels,
64,,11:00 AM,RHS #2,Green,,Harleysville Valencia,
64,,11:00 AM,RHS #2,Green,,Chicester SC Cheetahs,
65,,12:00 PM,Tinicum #1,Green,,Haverford Heat Wave,
65,,12:00 PM,Tinicum #1,Green,,RUSC Rams,
66,,12:00 PM,Tinicum #2,Green,,Springfield Celtic,
66,,12:00 PM,Tinicum #2,Green,,BYC United,
67,,12:00 PM,Edgewood,White,,Interboro Bucs,
67,,12:00 PM,Edgewood,White,,RUSC Raiders,
68,,12:00 PM,Mann,White,,Aston Devils,
68,,12:00 PM,Mann,White,,BYC Explosion,
69,,12:00 PM,Catania Park #1,White,,Haveford Wildcats,
69,,12:00 PM,Catania Park #1,White,,RUSC Revenge,
70,,12:00 PM,Catania Park #2,White,,MNSA Crush,
70,,12:00 PM,Catania Park #2,White,,Springfield Sparks,
71,,12:00 PM,RHS #1,White,,BYC Whales,
71,,12:00 PM,RHS #1,White,,HSC Tornadoes,
72,,12:00 PM,Tinicum #3,Green,,WCU Eagles,
72,,12:00 PM,Tinicum #3,Green,,HFC Defazio United,
73,,12:00 PM,RHS #6,,,Aston Avalanche,
73,,12:00 PM,RHS #6,,,Nether Lenape Thunder,
74,,12:00 PM,RHS #3,Green,,Haverford Lightning,
74,,12:00 PM,RHS #3,Green,,Springfield Sizzle,
75,,12:00 PM,RHS #4,Green,,Interboro Thunder,
75,,12:00 PM,RHS #4,Green,,Montgomery Revolution,
76,,12:00 PM,Interboro JV,,,Aston Storm,
76,,12:00 PM,Interboro JV,,,HFC United,
77,,12:00 PM,Interboro Varsity,,,BYC Dragons,
77,,12:00 PM,Interboro Varsity,,,Lionville Kixx,
78,,12:00 PM,RMS Upper,Green,,Aston Strikers,
78,,12:00 PM,RMS Upper,Green,,RUSC Rockets,
79,,12:00 PM,RHS #5,Green,,FC York 99 Elite,
79,,12:00 PM,RHS #5,Green,,RUSC Dynamite,
80,,12:00 PM,RMS Lower,Green,,West Mont United Union,
80,,12:00 PM,RMS Lower,Green,,RUSC Strikers,
81,,12:00 PM,Amosland,,,Towamencin Thrashers,
81,,12:00 PM,Amosland,,,Aston Revolution,
82,,12:00 PM,RHS #2,Green,,RUSC Rockers,
82,,12:00 PM,RHS #2,Green,,West Deptford Storm,
83,,1:00 PM,Edgewood,Green,,Haverford Red,
83,,1:00 PM,Edgewood,Green,,BYC Tigers,
84,,1:00 PM,Mann,Green,,Haverford Blackout,
84,,1:00 PM,Mann,Green,,RUSC Rampage,
85,,1:00 PM,Catania Park #1,Green,,BYC Blue Sharks,
85,,1:00 PM,Catania Park #1,Green,,BYC Strikers,
86,,1:00 PM,Catania Park #2,Green,,Towamencin Titans,
86,,1:00 PM,Catania Park #2,Green,,FC York,
87,,1:00 PM,RHS #1,White,,GVSC Griffins,
87,,1:00 PM,RHS #1,White,,HFC United - White,
88,,1:00 PM,Tinicum #3,Green,,BYC Cobras,
88,,1:00 PM,Tinicum #3,Green,,Rose Tree Thunder,
89,,1:00 PM,Tinicum #1,Green,,Springfield Sharks,
89,,1:00 PM,Tinicum #1,Green,,RUSC Rumble,
90,,1:00 PM,Tinicum #2,Green,,Haverford Revolution,
90,,1:00 PM,Tinicum #2,Green,,Amity AC Storm,
91,,1:00 PM,RHS #6,,,White Clay Lightning,
91,,1:00 PM,RHS #6,,,Springfield Storm,
92,,1:00 PM,RHS #3,White,,Blue White '10 SC Panthers,
92,,1:00 PM,RHS #3,White,,Haverford Red Flash,
93,,1:00 PM,RHS #4,White,,Lower Merion Fear,
93,,1:00 PM,RHS #4,White,,RUSC Revolution,
94,,1:00 PM,RMS Upper,Green,,BYC Blaze,
94,,1:00 PM,RMS Upper,Green,,Bel Air FC Blaze,
95,,1:00 PM,RHS #5,Green,,BYC Spartaks,
95,,1:00 PM,RHS #5,Green,,Aston Fury,
96,,1:00 PM,Interboro JV,White,,Rose Tree Outlawz,
96,,1:00 PM,Interboro JV,White,,Interboro Wizards,
97,,1:00 PM,Interboro Varsity,White,,GVSC Stealth,
97,,1:00 PM,Interboro Varsity,White,,RUSC Rebels,
98,,1:00 PM,RMS Lower,Green,,BYC Galaxy,
98,,1:00 PM,RMS Lower,Green,,Harford FC Lazers United,
99,,1:00 PM,Amosland,,,Rose Tree Strikers,
99,,1:00 PM,Amosland,,,RUSC Young Guns,
100,,1:00 PM,RHS #2,Green,,RUSC Rhinos,
100,,1:00 PM,RHS #2,Green,,Harleysville Valencia,
101,,2:00 PM,Tinicum #1,White,,BYC Chaos,
101,,2:00 PM,Tinicum #1,White,,Interboro Bucs,
102,,2:00 PM,Tinicum #2,White,,Springfield Warriors,
102,,2:00 PM,Tinicum #2,White,,Aston United,
103,,2:00 PM,Edgewood,White,,Montgomery Juventus,
103,,2:00 PM,Edgewood,White,,MNSA Ambush,
104,,2:00 PM,Mann,White,,Springfield Shamrocks,
104,,2:00 PM,Mann,White,,RUSC Rage,
105,,2:00 PM,Catania Park #1,Green,,Aston Lightning,
105,,2:00 PM,Catania Park #1,Green,,RUSC Rebels,
106,,2:00 PM,Catania Park #2,Green,,GVSC Hot Shots,
106,,2:00 PM,Catania Park #2,Green,,LMSC Liberty,
107,,2:00 PM,RHS #3,White,,White Clay Firehawks,
107,,2:00 PM,RHS #3,White,,RUSC Stingers,
108,,2:00 PM,RHS #4,White,,Haverford Spirit,
108,,2:00 PM,RHS #4,White,,Rose Tree Fireworks,
109,,2:00 PM,Interboro JV,,,Aston Storm,
109,,2:00 PM,Interboro JV,,,BYC Dragons,
110,,2:00 PM,Interboro Varsity,,,HFC United,
110,,2:00 PM,Interboro Varsity,,,Lionville Kixx,
111,,2:30 PM,Tinicum #3,Green,,3rd Place Pool A,
111,,2:30 PM,Tinicum #3,Green,,3rd Place Pool B,
112,,2:30 PM,RHS #6,,,3rd Place Pool A,
112,,2:30 PM,RHS #6,,,3rd Place Pool B,
113,,2:30 PM,RHS #1,White,,3rd Place Pool A,
113,,2:30 PM,RHS #1,White,,3rd Place Pool B,
114,,2:30 PM,RMS Upper,Green,,3rd Place Pool A,
114,,2:30 PM,RMS Upper,Green,,3rd Place Pool B,
115,,2:30 PM,RHS #2,Green,,3rd Place Pool A,
115,,2:30 PM,RHS #2,Green,,3rd Place Pool B,
116,,3:00 PM,Tinicum #1,Green,,BYC United,
116,,3:00 PM,Tinicum #1,Green,,RUCS Rams,
117,,3:00 PM,Tinicum #2,Green,,Springfield Celtic,
117,,3:00 PM,Tinicum #2,Green,,Haverford Heat Wave,
118,,3:00 PM,Edgewood,White,,BYC Explosion,
118,,3:00 PM,Edgewood,White,,RUSC Raiders,
119,,3:00 PM,Mann,White,,Aston Devils,
119,,3:00 PM,Mann,White,,Interboro Bucs,
120,,3:00 PM,Catania Park #1,White,,Springfield Sparks,
120,,3:00 PM,Catania Park #1,White,,RUSC Revenge,
121,,3:00 PM,Catania Park #2,White,,MNSA Crush,
121,,3:00 PM,Catania Park #2,White,,Haverford Wildcats,
122,,3:00 PM,RHS #3,Green,,Montgomery Revolution,
122,,3:00 PM,RHS #3,Green,,Springfield Sizzle,
123,,3:00 PM,RHS #4,Green,,Interboro Thunder,
123,,3:00 PM,RHS #4,Green,,Haverford Lightning,
124,,3:00 PM,RHS #5,Green,,Aston Fury,
124,,3:00 PM,RHS #5,Green,,RUSC Dynamite,
125,,3:00 PM,RMS Lower,Green,,Harford FC Lazers United,
125,,3:00 PM,RMS Lower,Green,,RUSC Strikers,
126,,3:00 PM,Amosland,,,RUSC Young Guns,
126,,3:00 PM,Amosland,,,Aston Revolution,
127,,3:30 PM,Tinicum #3,Green,,2nd Place Pool A,
127,,3:30 PM,Tinicum #3,Green,,2nd Place Pool B,
128,,3:30 PM,RHS #6,,,2nd Place Pool A,
128,,3:30 PM,RHS #6,,,2nd Place Pool B,
129,,3:30 PM,RHS #1,White,,2nd Place Pool A,
129,,3:30 PM,RHS #1,White,,2nd Place Pool B,
130,,3:30 PM,RMS Upper,Green,,2nd Place Pool A,
130,,3:30 PM,RMS Upper,Green,,2nd Place Pool B,
131,,3:30 PM,RHS #2,Green,,2nd Place Pool A,
131,,3:30 PM,RHS #2,Green,,2nd Place Pool B,
132,,4:00 PM,Edgewood,Green,,Haverford Red,
132,,4:00 PM,Edgewood,Green,,Haverford Blackout,
133,,4:00 PM,Mann,Green,,BYC Tigers,
133,,4:00 PM,Mann,Green,,RUSC Rampage,
134,,4:00 PM,Catania Park #1,Green,,FC York,
134,,4:00 PM,Catania Park #1,Green,,BYC Strikers,
135,,4:00 PM,Catania Park #2,Green,,Towamencin Titans,
135,,4:00 PM,Catania Park #2,Green,,BYC Blue Sharks,
136,,4:00 PM,Tinicum #1,Green,,Amity AC Storm,
136,,4:00 PM,Tinicum #1,Green,,RUSC Rumble,
137,,4:00 PM,Tinicum #2,Green,,Haverford Revolution,
137,,4:00 PM,Tinicum #2,Green,,Springfield Sharks,
138,,4:00 PM,RHS #3,White,,Blue White '10 SC Panthers,
138,,4:00 PM,RHS #3,White,,Lower Merion Fear,
139,,4:00 PM,RHS #4,White,,Haverford Red Flash,
139,,4:00 PM,RHS #4,White,,RUSC Revolution,
140,,4:00 PM,RHS #5,Green,,BYC Spartaks,
140,,4:00 PM,RHS #5,Green,,FC York 99 Elite,
141,,4:00 PM,RMS Lower,Green,,BYC Galaxy,
141,,4:00 PM,RMS Lower,Green,,West Mont United Union,
142,,4:00 PM,Amosland,,,Rose Tree Strikers,
142,,4:00 PM,Amosland,,,Towamencin Thrashers,
143,,4:30 PM,Tinicum #3,Green,,1st Place Pool A,
143,,4:30 PM,Tinicum #3,Green,,1st Place Pool B,
144,,4:30 PM,RHS #6,,,1st Place Pool A,
144,,4:30 PM,RHS #6,,,1st Place Pool B,
145,,4:30 PM,RHS #1,White,,1st Place Pool A,
145,,4:30 PM,RHS #1,White,,1st Place Pool B,
146,,4:30 PM,RMS Upper,Green,,1st Place Pool A,
146,,4:30 PM,RMS Upper,Green,,1st Place Pool B,
147,,4:30 PM,RHS #2,Green,,1st Place Pool A,
147,,4:30 PM,RHS #2,Green,,1st Place Pool B,
