game,date,time,field,bracket,ROUND,team,SCORE
299,4/1/13,6:30 PM,ST Wilson Park CYL,ST,,ST,
299,4/1/13,6:30 PM,ST Wilson Park CYL,ABG,,ABG,
438,4/1/13,6:30 PM,UNV Patton MS 17,UNV,,UNV,
438,4/1/13,6:30 PM,UNV Patton MS 17,WB2,,WB2,
304,4/1/13,6:30 PM,WC Kelly Field,WC2,,WC2,
304,4/1/13,6:30 PM,WC Kelly Field,ASH,,ASH,
62,4/2/13,6:30 PM,ABG Huntingdon Lower S,ABG,,ABG,
62,4/2/13,6:30 PM,ABG Huntingdon Lower S,CVL,,CVL,
411,4/2/13,6:30 PM,AVG Avon Grove HS 1,AVG1,,AVG1,
411,4/2/13,6:30 PM,AVG Avon Grove HS 1,WC2,,WC2,
372,4/2/13,7:00 PM,COV OJR HS,COV2,,COV2,
372,4/2/13,7:00 PM,COV OJR HS,ST2,,ST2,
193,4/2/13,6:30 PM,CVL Warrior Field,CVL,,CVL,
193,4/2/13,6:30 PM,CVL Warrior Field,ABG,,ABG,
248,4/2/13,6:30 PM,GV Great Valley HS,GV,,GV,
248,4/2/13,6:30 PM,GV Great Valley HS,KEN,,KEN,
430,4/2/13,6:30 PM,KEN Legacy Field B,KEN,,KEN,
430,4/2/13,6:30 PM,KEN Legacy Field B,WC4,,WC4,
110,4/2/13,6:30 PM,LV Hoeffecker,LV,,LV,
110,4/2/13,6:30 PM,LV Hoeffecker,BYC,,BYC,
401,4/2/13,6:30 PM,LV Lionville MS,LV2,,LV2,
401,4/2/13,6:30 PM,LV Lionville MS,LV1,,LV1,
242,4/2/13,6:30 PM,LV Pine Creek 2,LV2,,LV2,
242,4/2/13,6:30 PM,LV Pine Creek 2,AVG2,,AVG2,
361,4/2/13,6:30 PM,PHX PMYC,PHX,,PHX,
361,4/2/13,6:30 PM,PHX PMYC,COV1,,COV1,
389,4/2/13,6:30 PM,ST TE Middle Sch 2,ST1,,ST1,
389,4/2/13,6:30 PM,ST TE Middle Sch 2,ASH,,ASH,
105,4/2/13,6:30 PM,ST Wilson Park CYL,ST,,ST,
105,4/2/13,6:30 PM,ST Wilson Park CYL,AVG,,AVG,
113,4/2/13,6:30 PM,UNV Upland Country DS,UNV1,,UNV1,
113,4/2/13,6:30 PM,UNV Upland Country DS,GV,,GV,
358,4/2/13,6:30 PM,WC Kelly Field,WC1,,WC1,
358,4/2/13,6:30 PM,WC Kelly Field,CVL,,CVL,
417,4/2/13,8:00 PM,WC Kelly Field,WC3,,WC3,
417,4/2/13,8:00 PM,WC Kelly Field,BYC1,,BYC1,
488,4/3/13,6:30 PM,ABG Huntingdon Lower N,ABG3,,ABG3,
488,4/3/13,6:30 PM,ABG Huntingdon Lower N,CVL1,,CVL1,
538,4/3/13,6:30 PM,ABG Huntingdon Lower S,ABG1,,ABG1,
538,4/3/13,6:30 PM,ABG Huntingdon Lower S,ST,,ST,
625,4/3/13,6:30 PM,AVG Harmony Park,AVG1,,AVG1,
625,4/3/13,6:30 PM,AVG Harmony Park,BYC3,,BYC3,
606,4/3/13,6:30 PM,BYC Bethel Spr ES 12,BYC2,,BYC2,
606,4/3/13,6:30 PM,BYC Bethel Spr ES 12,WB2,,WB2,
617,4/3/13,6:30 PM,BYC Concord Municipal 2,BYC1,,BYC1,
617,4/3/13,6:30 PM,BYC Concord Municipal 2,KEN1,,KEN1,
506,4/3/13,6:30 PM,COV Batdorf Park,COV1,,COV1,
506,4/3/13,6:30 PM,COV Batdorf Park,CVL3,,CVL3,
560,4/3/13,6:30 PM,GV Great Valley MS,GV1,,GV1,
560,4/3/13,6:30 PM,GV Great Valley MS,WC2,,WC2,
191,4/3/13,6:30 PM,KEN Legacy Field B,KEN,,KEN,
191,4/3/13,6:30 PM,KEN Legacy Field B,UNV,,UNV,
493,4/3/13,6:30 PM,LV Eagleview 1,LV3,,LV3,
493,4/3/13,6:30 PM,LV Eagleview 1,CVL2,,CVL2,
147,4/3/13,6:30 PM,LV Eagleview 2,LV,,LV,
147,4/3/13,6:30 PM,LV Eagleview 2,ASH,,ASH,
532,4/3/13,6:30 PM,PHX PMYC,PHX,,PHX,
532,4/3/13,6:30 PM,PHX PMYC,LV1,,LV1,
156,4/3/13,6:30 PM,ST TE Middle Sch 2,ST,,ST,
156,4/3/13,6:30 PM,ST TE Middle Sch 2,WC2,,WC2,
611,4/3/13,6:30 PM,UNV Patton MS 17,UNV,,UNV,
611,4/3/13,6:30 PM,UNV Patton MS 17,KEN2,,KEN2,
601,4/3/13,6:30 PM,WB Embreeville,WB1,,WB1,
601,4/3/13,6:30 PM,WB Embreeville,AVG2,,AVG2,
140,4/3/13,6:30 PM,WC Kelly Field,WC1,,WC1,
140,4/3/13,6:30 PM,WC Kelly Field,ABG,,ABG,
249,4/3/13,6:30 PM,WC Rustin HS Stadium,WC,,WC,
249,4/3/13,6:30 PM,WC Rustin HS Stadium,BYC,,BYC,
269,4/4/13,6:30 PM,CVL Black Rock 6,CVL,,CVL,
269,4/4/13,6:30 PM,CVL Black Rock 6,WB,,WB,
48,4/4/13,6:30 PM,CVL Mt Kirk,CVL,,CVL,
48,4/4/13,6:30 PM,CVL Mt Kirk,ABG,,ABG,
319,4/4/13,6:30 PM,GV Great Valley MS,GV,,GV,
319,4/4/13,6:30 PM,GV Great Valley MS,LV,,LV,
282,4/4/13,6:30 PM,PHX PMYC,PHX,,PHX,
282,4/4/13,6:30 PM,PHX PMYC,BYC,,BYC,
35,4/4/13,6:30 PM,ST Wilson Park TEYSA,ST,,ST,
35,4/4/13,6:30 PM,ST Wilson Park TEYSA,AVG,,AVG,
333,4/4/13,6:30 PM,WC Kelly Field,WC1,,WC1,
333,4/4/13,6:30 PM,WC Kelly Field,WC3,,WC3,
43,4/4/13,8:00 PM,WC Kelly Field,WC,,WC,
43,4/4/13,8:00 PM,WC Kelly Field,BYC,,BYC,
182,4/6/13,12:00 PM,ABG Huntingdon Lower N,ABG,,ABG,
182,4/6/13,12:00 PM,ABG Huntingdon Lower N,CVL,,CVL,
185,4/6/13,10:00 AM,ASH Lower Merion HS,ASH,,ASH,
185,4/6/13,10:00 AM,ASH Lower Merion HS,WC2,,WC2,
287,4/6/13,12:00 PM,ASH Lower Merion HS,ASH,,ASH,
287,4/6/13,12:00 PM,ASH Lower Merion HS,PHX,,PHX,
27,4/6/13,2:00 PM,ASH Lower Merion HS,ASH,,ASH,
27,4/6/13,2:00 PM,ASH Lower Merion HS,GV,,GV,
549,4/6/13,4:00 PM,ASH Lower Merion HS,ASH,,ASH,
549,4/6/13,4:00 PM,ASH Lower Merion HS,LV2,,LV2,
98,4/6/13,10:00 AM,AVG Avon Grove HS 1,AVG,,AVG,
98,4/6/13,10:00 AM,AVG Avon Grove HS 1,ASH,,ASH,
177,4/6/13,12:00 PM,AVG Avon Grove HS 1,AVG,,AVG,
177,4/6/13,12:00 PM,AVG Avon Grove HS 1,UNV,,UNV,
344,4/6/13,2:00 PM,AVG Avon Grove HS 1,AVG,,AVG,
344,4/6/13,2:00 PM,AVG Avon Grove HS 1,WB,,WB,
598,4/6/13,12:00 PM,BYC Concord Municipal 2,BYC1,,BYC1,
598,4/6/13,12:00 PM,BYC Concord Municipal 2,WB1,,WB1,
614,4/6/13,2:00 PM,BYC Concord Municipal 2,BYC3,,BYC3,
614,4/6/13,2:00 PM,BYC Concord Municipal 2,UNV,,UNV,
444,4/6/13,10:00 AM,BYC Garnet Valley MS,BYC1,,BYC1,
444,4/6/13,10:00 AM,BYC Garnet Valley MS,UNV,,UNV,
454,4/6/13,12:00 PM,BYC Garnet Valley MS,BYC2,,BYC2,
454,4/6/13,12:00 PM,BYC Garnet Valley MS,KEN,,KEN,
270,4/6/13,2:00 PM,BYC Garnet Valley MS,BYC,,BYC,
270,4/6/13,2:00 PM,BYC Garnet Valley MS,CVL,,CVL,
461,4/6/13,2:00 PM,COV OJR HS,COV2,,COV2,
461,4/6/13,2:00 PM,COV OJR HS,WC4,,WC4,
277,4/6/13,4:00 PM,COV OJR HS,COV,,COV,
277,4/6/13,4:00 PM,COV OJR HS,LV,,LV,
485,4/6/13,2:00 PM,CVL Warrior Field,CVL1,,CVL1,
485,4/6/13,2:00 PM,CVL Warrior Field,PHX,,PHX,
494,4/6/13,4:00 PM,CVL Warrior Field,CVL2,,CVL2,
494,4/6/13,4:00 PM,CVL Warrior Field,CVL3,,CVL3,
217,4/6/13,12:00 PM,GV Great Valley HS,GV,,GV,
217,4/6/13,12:00 PM,GV Great Valley HS,ASH,,ASH,
325,4/6/13,4:00 PM,GV Great Valley HS,GV,,GV,
325,4/6/13,4:00 PM,GV Great Valley HS,KEN,,KEN,
166,4/6/13,12:00 PM,KEN Kennett HS,KEN,,KEN,
166,4/6/13,12:00 PM,KEN Kennett HS,LV,,LV,
570,4/6/13,12:00 PM,KEN Legacy Field C,KEN2,,KEN2,
570,4/6/13,12:00 PM,KEN Legacy Field C,GV2,,GV2,
623,4/6/13,2:00 PM,KEN Legacy Field C,KEN1,,KEN1,
623,4/6/13,2:00 PM,KEN Legacy Field C,BYC2,,BYC2,
479,4/6/13,10:00 AM,LV Hoeffecker,LV1,,LV1,
479,4/6/13,10:00 AM,LV Hoeffecker,AVG2,,AVG2,
237,4/6/13,12:00 PM,LV Hoeffecker,LV1,,LV1,
237,4/6/13,12:00 PM,LV Hoeffecker,KEN,,KEN,
514,4/6/13,2:00 PM,LV Hoeffecker,LV1,,LV1,
514,4/6/13,2:00 PM,LV Hoeffecker,COV1,,COV1,
380,4/6/13,12:00 PM,ST TE Middle Sch 1,ST2,,ST2,
380,4/6/13,12:00 PM,ST TE Middle Sch 1,PHX,,PHX,
186,4/6/13,2:00 PM,ST TE Middle Sch 1,ST,,ST,
186,4/6/13,2:00 PM,ST TE Middle Sch 1,WC1,,WC1,
609,4/6/13,4:00 PM,WB Embreeville,WB2,,WB2,
609,4/6/13,4:00 PM,WB Embreeville,AVG2,,AVG2,
590,4/6/13,10:00 AM,WC Kelly Field,WC2,,WC2,
590,4/6/13,10:00 AM,WC Kelly Field,AVG1,,AVG1,
419,4/6/13,12:00 PM,WC Kelly Field,WC3,,WC3,
419,4/6/13,12:00 PM,WC Kelly Field,AVG1,,AVG1,
392,4/6/13,2:00 PM,WC Kelly Field,WC1,,WC1,
392,4/6/13,2:00 PM,WC Kelly Field,ASH,,ASH,
313,4/6/13,4:00 PM,WC Kelly Field,WC3,,WC3,
313,4/6/13,4:00 PM,WC Kelly Field,ST,,ST,
226,4/6/13,12:00 PM,WC Rustin HS Stadium,WC,,WC,
226,4/6/13,12:00 PM,WC Rustin HS Stadium,ST,,ST,
559,4/6/13,2:00 PM,WC Rustin HS Stadium,WC1,,WC1,
559,4/6/13,2:00 PM,WC Rustin HS Stadium,GV1,,GV1,
521,4/7/13,2:00 PM,ABG Huntingdon Lower N,ABG2,,ABG2,
521,4/7/13,2:00 PM,ABG Huntingdon Lower N,COV2,,COV2,
212,4/7/13,2:00 PM,ABG Huntingdon Upper,ABG,,ABG,
212,4/7/13,2:00 PM,ABG Huntingdon Upper,AVG2,,AVG2,
534,4/7/13,4:00 PM,ABG Huntingdon Upper,ABG1,,ABG1,
534,4/7/13,4:00 PM,ABG Huntingdon Upper,LV3,,LV3,
54,4/7/13,2:00 PM,ASH Lower Merion HS,ASH,,ASH,
54,4/7/13,2:00 PM,ASH Lower Merion HS,AVG,,AVG,
5,4/7/13,2:00 PM,CVL Warrior Field,CVL,,CVL,
5,4/7/13,2:00 PM,CVL Warrior Field,LV,,LV,
201,4/7/13,4:00 PM,CVL Warrior Field,CVL,,CVL,
201,4/7/13,4:00 PM,CVL Warrior Field,AVG1,,AVG1,
297,4/7/13,2:00 PM,KEN Kennett MS,KEN,,KEN,
297,4/7/13,2:00 PM,KEN Kennett MS,ABG,,ABG,
87,4/7/13,12:00 PM,UNV Upland Country DS,UNV1,,UNV1,
87,4/7/13,12:00 PM,UNV Upland Country DS,ABG,,ABG,
194,4/8/13,6:30 PM,ASH Lower Merion HS,ASH,,ASH,
194,4/8/13,6:30 PM,ASH Lower Merion HS,CVL,,CVL,
445,4/8/13,6:30 PM,AVG Harmony Park,AVG1,,AVG1,
445,4/8/13,6:30 PM,AVG Harmony Park,UNV,,UNV,
273,4/8/13,7:00 PM,COV OJR HS,COV,,COV,
273,4/8/13,7:00 PM,COV OJR HS,PHX,,PHX,
459,4/8/13,6:30 PM,CVL Black Rock 6,CVL,,CVL,
459,4/8/13,6:30 PM,CVL Black Rock 6,WC2,,WC2,
265,4/8/13,6:30 PM,CVL Mt Kirk,CVL,,CVL,
265,4/8/13,6:30 PM,CVL Mt Kirk,GV,,GV,
252,4/8/13,6:30 PM,KEN Kennett HS,KEN,,KEN,
252,4/8/13,6:30 PM,KEN Kennett HS,WC,,WC,
400,4/8/13,6:30 PM,LV Lionville MS,LV2,,LV2,
400,4/8/13,6:30 PM,LV Lionville MS,ST2,,ST2,
439,4/8/13,6:30 PM,WB Embreeville,WB2,,WB2,
439,4/8/13,6:30 PM,WB Embreeville,BYC1,,BYC1,
421,4/8/13,6:30 PM,WC Kelly Field,WC3,,WC3,
421,4/8/13,6:30 PM,WC Kelly Field,KEN,,KEN,
341,4/8/13,8:00 PM,WC Kelly Field,WC3,,WC3,
341,4/8/13,8:00 PM,WC Kelly Field,AVG,,AVG,
383,4/9/13,6:30 PM,ASH Lower Merion HS,ASH,,ASH,
383,4/9/13,6:30 PM,ASH Lower Merion HS,ABG,,ABG,
247,4/9/13,6:30 PM,AVG Avon Grove HS 1,AVG2,,AVG2,
247,4/9/13,6:30 PM,AVG Avon Grove HS 1,GV,,GV,
104,4/9/13,6:30 PM,BYC Garnet Valley MS,BYC,,BYC,
104,4/9/13,6:30 PM,BYC Garnet Valley MS,ST,,ST,
364,4/9/13,7:00 PM,COV OJR HS,COV1,,COV1,
364,4/9/13,7:00 PM,COV OJR HS,LV1,,LV1,
63,4/9/13,6:30 PM,CVL Mt Kirk,CVL,,CVL,
63,4/9/13,6:30 PM,CVL Mt Kirk,ASH,,ASH,
116,4/9/13,6:30 PM,GV Great Valley HS,GV,,GV,
116,4/9/13,6:30 PM,GV Great Valley HS,AVG,,AVG,
240,4/9/13,6:30 PM,LV Pine Creek 1,LV2,,LV2,
240,4/9/13,6:30 PM,LV Pine Creek 1,BYC,,BYC,
235,4/9/13,6:30 PM,LV Pine Creek 2,LV1,,LV1,
235,4/9/13,6:30 PM,LV Pine Creek 2,AVG1,,AVG1,
375,4/9/13,6:30 PM,WC Kelly Field,WC1,,WC1,
375,4/9/13,6:30 PM,WC Kelly Field,COV2,,COV2,
427,4/9/13,8:00 PM,WC Kelly Field,WC4,,WC4,
427,4/9/13,8:00 PM,WC Kelly Field,BYC2,,BYC2,
542,4/10/13,6:30 PM,ABG Huntingdon Lower N,ABG2,,ABG2,
542,4/10/13,6:30 PM,ABG Huntingdon Lower N,ABG3,,ABG3,
486,4/10/13,6:30 PM,ABG Huntingdon Lower S,ABG1,,ABG1,
486,4/10/13,6:30 PM,ABG Huntingdon Lower S,CVL1,,CVL1,
502,4/10/13,6:30 PM,ASH Lower Merion HS,ASH,,ASH,
502,4/10/13,6:30 PM,ASH Lower Merion HS,CVL3,,CVL3,
616,4/10/13,6:30 PM,AVG Harmony Park,AVG2,,AVG2,
616,4/10/13,6:30 PM,AVG Harmony Park,BYC1,,BYC1,
588,4/10/13,6:30 PM,BYC Bethel Spr ES 12,BYC2,,BYC2,
588,4/10/13,6:30 PM,BYC Bethel Spr ES 12,WC2,,WC2,
579,4/10/13,6:30 PM,BYC Concord Municipal 2,BYC3,,BYC3,
579,4/10/13,6:30 PM,BYC Concord Municipal 2,WC1,,WC1,
638,4/10/13,6:30 PM,COV Batdorf Park,COV1,,COV1,
638,4/10/13,6:30 PM,COV Batdorf Park,GV1,,GV1,
183,4/10/13,6:30 PM,CVL Warrior Field,CVL,,CVL,
183,4/10/13,6:30 PM,CVL Warrior Field,ASH,,ASH,
184,4/10/13,6:30 PM,LV Eagleview 1,LV,,LV,
184,4/10/13,6:30 PM,LV Eagleview 1,ABG,,ABG,
555,4/10/13,6:30 PM,LV Eagleview 2,LV2,,LV2,
555,4/10/13,6:30 PM,LV Eagleview 2,LV1,,LV1,
520,4/10/13,6:30 PM,PHX PMYC,PHX,,PHX,
520,4/10/13,6:30 PM,PHX PMYC,COV2,,COV2,
158,4/10/13,6:30 PM,ST TE Middle Sch 2,ST,,ST,
158,4/10/13,6:30 PM,ST TE Middle Sch 2,BYC,,BYC,
615,4/10/13,6:30 PM,UNV Patton MS 17,UNV,,UNV,
615,4/10/13,6:30 PM,UNV Patton MS 17,AVG1,,AVG1,
636,4/10/13,6:30 PM,WB Embreeville,WB1,,WB1,
636,4/10/13,6:30 PM,WB Embreeville,CVL2,,CVL2,
171,4/10/13,6:30 PM,WC Kelly Field,WC1,,WC1,
171,4/10/13,6:30 PM,WC Kelly Field,KEN,,KEN,
172,4/10/13,8:00 PM,WC Kelly Field,WC2,,WC2,
172,4/10/13,8:00 PM,WC Kelly Field,UNV,,UNV,
305,4/11/13,6:30 PM,ASH Haverford Upper,ASH,,ASH,
305,4/11/13,6:30 PM,ASH Haverford Upper,BYC,,BYC,
44,4/11/13,6:30 PM,AVG Avon Grove HS 1,AVG,,AVG,
44,4/11/13,6:30 PM,AVG Avon Grove HS 1,WC,,WC,
34,4/11/13,6:30 PM,BYC Garnet Valley MS,BYC,,BYC,
34,4/11/13,6:30 PM,BYC Garnet Valley MS,ST,,ST,
50,4/11/13,7:00 PM,COV OJR HS,COV,,COV,
50,4/11/13,7:00 PM,COV OJR HS,LV,,LV,
3,4/11/13,6:30 PM,CVL Mt Kirk,CVL,,CVL,
3,4/11/13,6:30 PM,CVL Mt Kirk,ASH,,ASH,
332,4/11/13,6:30 PM,KEN Legacy Field B,KEN,,KEN,
332,4/11/13,6:30 PM,KEN Legacy Field B,WC1,,WC1,
309,4/11/13,6:30 PM,LV Pine Creek 2,LV,,LV,
309,4/11/13,6:30 PM,LV Pine Creek 2,ST,,ST,
335,4/11/13,6:30 PM,WB Downingtown MS,WB,,WB,
335,4/11/13,6:30 PM,WB Downingtown MS,WC2,,WC2,
642,4/13/13,12:00 PM,ABG Huntingdon Upper,ABG2,,ABG2,
642,4/13/13,12:00 PM,ABG Huntingdon Upper,WC1,,WC1,
388,4/13/13,2:00 PM,ABG Huntingdon Upper,ABG,,ABG,
388,4/13/13,2:00 PM,ABG Huntingdon Upper,WC1,,WC1,
512,4/13/13,2:00 PM,ASH Lower Merion HS,ASH,,ASH,
512,4/13/13,2:00 PM,ASH Lower Merion HS,COV1,,COV1,
150,4/13/13,4:00 PM,ASH Lower Merion HS,ASH,,ASH,
150,4/13/13,4:00 PM,ASH Lower Merion HS,UNV,,UNV,
159,4/13/13,12:00 PM,AVG Avon Grove HS 1,AVG,,AVG,
159,4/13/13,12:00 PM,AVG Avon Grove HS 1,ST,,ST,
241,4/13/13,2:00 PM,AVG Avon Grove HS 1,AVG1,,AVG1,
241,4/13/13,2:00 PM,AVG Avon Grove HS 1,LV2,,LV2,
58,4/13/13,10:00 AM,AVG Avon Grove HS 2,AVG,,AVG,
58,4/13/13,10:00 AM,AVG Avon Grove HS 2,GV,,GV,
337,4/13/13,12:00 PM,AVG Avon Grove HS 2,AVG,,AVG,
337,4/13/13,12:00 PM,AVG Avon Grove HS 2,WC2,,WC2,
236,4/13/13,2:00 PM,AVG Avon Grove HS 2,AVG2,,AVG2,
236,4/13/13,2:00 PM,AVG Avon Grove HS 2,LV1,,LV1,
219,4/13/13,12:00 PM,BYC Concord Municipal 1,BYC,,BYC,
219,4/13/13,12:00 PM,BYC Concord Municipal 1,ASH,,ASH,
565,4/13/13,10:00 AM,BYC Concord Municipal 2,BYC2,,BYC2,
565,4/13/13,10:00 AM,BYC Concord Municipal 2,GV1,,GV1,
173,4/13/13,2:00 PM,BYC Concord Municipal 2,BYC,,BYC,
173,4/13/13,2:00 PM,BYC Concord Municipal 2,WC2,,WC2,
612,4/13/13,4:00 PM,BYC Concord Municipal 2,BYC1,,BYC1,
612,4/13/13,4:00 PM,BYC Concord Municipal 2,UNV,,UNV,
115,4/13/13,10:00 AM,BYC Garnet Valley MS,BYC,,BYC,
115,4/13/13,10:00 AM,BYC Garnet Valley MS,GV,,GV,
453,4/13/13,12:00 PM,BYC Garnet Valley MS,BYC2,,BYC2,
453,4/13/13,12:00 PM,BYC Garnet Valley MS,AVG1,,AVG1,
78,4/13/13,10:00 AM,COV Batdorf Park,COV,,COV,
78,4/13/13,10:00 AM,COV Batdorf Park,UNV1,,UNV1,
524,4/13/13,12:00 PM,COV Batdorf Park,COV2,,COV2,
524,4/13/13,12:00 PM,COV Batdorf Park,LV1,,LV1,
1,4/13/13,10:00 AM,CVL Black Rock 6,CVL,,CVL,
1,4/13/13,10:00 AM,CVL Black Rock 6,COV,,COV,
481,4/13/13,12:00 PM,CVL Warrior Field,CVL1,,CVL1,
481,4/13/13,12:00 PM,CVL Warrior Field,CVL2,,CVL2,
195,4/13/13,2:00 PM,CVL Warrior Field,CVL,,CVL,
195,4/13/13,2:00 PM,CVL Warrior Field,ST,,ST,
578,4/13/13,12:15 PM,GV Great Valley MS,GV2,,GV2,
578,4/13/13,12:15 PM,GV Great Valley MS,AVG1,,AVG1,
278,4/13/13,2:00 PM,GV Great Valley MS,GV,,GV,
278,4/13/13,2:00 PM,GV Great Valley MS,COV,,COV,
317,4/13/13,10:00 AM,KEN Legacy Field C,KEN,,KEN,
317,4/13/13,10:00 AM,KEN Legacy Field C,LV,,LV,
458,4/13/13,12:00 PM,KEN Legacy Field C,KEN,,KEN,
458,4/13/13,12:00 PM,KEN Legacy Field C,AVG2,,AVG2,
632,4/13/13,2:00 PM,KEN Legacy Field C,KEN1,,KEN1,
632,4/13/13,2:00 PM,KEN Legacy Field C,AVG2,,AVG2,
130,4/13/13,10:00 AM,LV Eagleview 1,LV,,LV,
130,4/13/13,10:00 AM,LV Eagleview 1,CVL,,CVL,
533,4/13/13,12:00 PM,LV Eagleview 1,LV2,,LV2,
533,4/13/13,12:00 PM,LV Eagleview 1,ABG1,,ABG1,
92,4/13/13,2:00 PM,LV Hoeffecker,LV,,LV,
92,4/13/13,2:00 PM,LV Hoeffecker,ASH,,ASH,
26,4/13/13,4:00 PM,LV Hoeffecker,LV,,LV,
26,4/13/13,4:00 PM,LV Hoeffecker,ASH,,ASH,
367,4/13/13,12:00 PM,LV Lionville MS,LV2,,LV2,
367,4/13/13,12:00 PM,LV Lionville MS,COV1,,COV1,
471,4/13/13,4:00 PM,PHX PMYC,PHX,,PHX,
471,4/13/13,4:00 PM,PHX PMYC,WC3,,WC3,
531,4/13/13,12:00 PM,ST TE Middle Sch 1,ST,,ST,
531,4/13/13,12:00 PM,ST TE Middle Sch 1,PHX,,PHX,
398,4/13/13,10:00 AM,ST TE Middle Sch 2,ST2,,ST2,
398,4/13/13,10:00 AM,ST TE Middle Sch 2,LV1,,LV1,
354,4/13/13,2:00 PM,ST TE Middle Sch 2,ST1,,ST1,
354,4/13/13,2:00 PM,ST TE Middle Sch 2,CVL,,CVL,
33,4/13/13,12:00 PM,ST Wilson Park TEYSA,ST,,ST,
33,4/13/13,12:00 PM,ST Wilson Park TEYSA,WC,,WC,
464,4/13/13,4:00 PM,UNV Upland Country DS,UNV,,UNV,
464,4/13/13,4:00 PM,UNV Upland Country DS,ASH,,ASH,
599,4/13/13,12:00 PM,WB Embreeville,WB1,,WB1,
599,4/13/13,12:00 PM,WB Embreeville,BYC3,,BYC3,
603,4/13/13,2:00 PM,WB Embreeville,WB2,,WB2,
603,4/13/13,2:00 PM,WB Embreeville,KEN2,,KEN2,
311,4/13/13,10:00 AM,WC Kelly Field,WC1,,WC1,
311,4/13/13,10:00 AM,WC Kelly Field,ST,,ST,
209,4/13/13,2:00 PM,WC Kelly Field,WC,,WC,
209,4/13/13,2:00 PM,WC Kelly Field,ABG,,ABG,
424,4/13/13,4:00 PM,WC Kelly Field,WC4,,WC4,
424,4/13/13,4:00 PM,WC Kelly Field,WB2,,WB2,
406,4/13/13,2:00 PM,WC Rustin HS Grass,WC2,,WC2,
406,4/13/13,2:00 PM,WC Rustin HS Grass,WB1,,WB1,
268,4/13/13,4:00 PM,WC Rustin HS Grass,WC3,,WC3,
268,4/13/13,4:00 PM,WC Rustin HS Grass,CVL,,CVL,
551,4/14/13,2:00 PM,ASH Lower Merion HS,ASH,,ASH,
551,4/14/13,2:00 PM,ASH Lower Merion HS,LV3,,LV3,
295,4/14/13,2:00 PM,BYC Garnet Valley MS,BYC,,BYC,
295,4/14/13,2:00 PM,BYC Garnet Valley MS,ABG,,ABG,
16,4/14/13,2:00 PM,COV Batdorf Park,COV,,COV,
16,4/14/13,2:00 PM,COV Batdorf Park,BYC,,BYC,
271,4/14/13,4:00 PM,COV Batdorf Park,COV,,COV,
271,4/14/13,4:00 PM,COV Batdorf Park,AVG,,AVG,
135,4/14/13,12:00 PM,CVL Warrior Field,CVL,,CVL,
135,4/14/13,12:00 PM,CVL Warrior Field,AVG,,AVG,
71,4/14/13,2:00 PM,CVL Warrior Field,CVL,,CVL,
71,4/14/13,2:00 PM,CVL Warrior Field,AVG,,AVG,
213,4/14/13,2:00 PM,KEN Kennett MS,KEN,,KEN,
213,4/14/13,2:00 PM,KEN Kennett MS,ABG,,ABG,
55,4/14/13,2:00 PM,LV Hoeffecker,LV,,LV,
55,4/14/13,2:00 PM,LV Hoeffecker,ST,,ST,
301,4/15/13,6:30 PM,ASH Lower Merion HS,ASH,,ASH,
301,4/15/13,6:30 PM,ASH Lower Merion HS,WC1,,WC1,
234,4/15/13,6:30 PM,BYC Bethel Spr ES 12,BYC,,BYC,
234,4/15/13,6:30 PM,BYC Bethel Spr ES 12,LV1,,LV1,
315,4/15/13,6:30 PM,BYC Garnet Valley MS,BYC,,BYC,
315,4/15/13,6:30 PM,BYC Garnet Valley MS,ST,,ST,
387,4/15/13,6:30 PM,LV Lionville MS,LV2,,LV2,
387,4/15/13,6:30 PM,LV Lionville MS,ABG,,ABG,
443,4/15/13,6:30 PM,WB Embreeville,WB2,,WB2,
443,4/15/13,6:30 PM,WB Embreeville,KEN,,KEN,
293,4/15/13,6:30 PM,WC Kelly Field,WC3,,WC3,
293,4/15/13,6:30 PM,WC Kelly Field,ABG,,ABG,
82,4/16/13,6:30 PM,ABG Huntingdon Lower N,ABG,,ABG,
82,4/16/13,6:30 PM,ABG Huntingdon Lower N,ASH,,ASH,
214,4/16/13,6:30 PM,ASH Lower Merion HS,ASH,,ASH,
214,4/16/13,6:30 PM,ASH Lower Merion HS,ST,,ST,
455,4/16/13,6:30 PM,AVG Avon Grove HS 1,AVG2,,AVG2,
455,4/16/13,6:30 PM,AVG Avon Grove HS 1,BYC2,,BYC2,
409,4/16/13,6:30 PM,BYC Garnet Valley MS,BYC1,,BYC1,
409,4/16/13,6:30 PM,BYC Garnet Valley MS,WC2,,WC2,
366,4/16/13,7:00 PM,COV OJR HS,COV1,,COV1,
366,4/16/13,7:00 PM,COV OJR HS,WC1,,WC1,
353,4/16/13,6:30 PM,CVL Black Rock 6,CVL,,CVL,
353,4/16/13,6:30 PM,CVL Black Rock 6,ASH,,ASH,
246,4/16/13,6:30 PM,GV Great Valley MS,GV,,GV,
246,4/16/13,6:30 PM,GV Great Valley MS,AVG1,,AVG1,
106,4/16/13,6:30 PM,LV Hoeffecker,LV,,LV,
106,4/16/13,6:30 PM,LV Hoeffecker,GV,,GV,
395,4/16/13,6:30 PM,LV Lionville MS,LV1,,LV1,
395,4/16/13,6:30 PM,LV Lionville MS,ST1,,ST1,
207,4/16/13,6:30 PM,LV Pine Creek 2,LV2,,LV2,
207,4/16/13,6:30 PM,LV Pine Creek 2,ABG,,ABG,
368,4/16/13,6:30 PM,PHX PMYC,PHX,,PHX,
368,4/16/13,6:30 PM,PHX PMYC,COV2,,COV2,
475,4/16/13,6:30 PM,ST TE Middle Sch 1,ST2,,ST2,
475,4/16/13,6:30 PM,ST TE Middle Sch 1,UNV,,UNV,
423,4/16/13,6:30 PM,WB Embreeville,WB1,,WB1,
423,4/16/13,6:30 PM,WB Embreeville,WC4,,WC4,
169,4/16/13,6:30 PM,WC Kelly Field,WC1,,WC1,
169,4/16/13,6:30 PM,WC Kelly Field,BYC,,BYC,
119,4/16/13,8:00 PM,WC Kelly Field,WC,,WC,
119,4/16/13,8:00 PM,WC Kelly Field,BYC,,BYC,
137,4/17/13,6:30 PM,ABG Huntingdon Lower N,ABG,,ABG,
137,4/17/13,6:30 PM,ABG Huntingdon Lower N,ASH,,ASH,
567,4/17/13,6:30 PM,AVG Harmony Park,AVG1,,AVG1,
567,4/17/13,6:30 PM,AVG Harmony Park,GV1,,GV1,
637,4/17/13,6:30 PM,BYC Bethel Spr ES 12,BYC1,,BYC1,
637,4/17/13,6:30 PM,BYC Bethel Spr ES 12,CVL3,,CVL3,
487,4/17/13,6:30 PM,CVL Warrior Field,CVL1,,CVL1,
487,4/17/13,6:30 PM,CVL Warrior Field,ABG2,,ABG2,
574,4/17/13,6:30 PM,GV Great Valley MS,GV2,,GV2,
574,4/17/13,6:30 PM,GV Great Valley MS,UNV,,UNV,
624,4/17/13,6:30 PM,KEN Legacy Field B,KEN2,,KEN2,
624,4/17/13,6:30 PM,KEN Legacy Field B,BYC2,,BYC2,
525,4/17/13,6:30 PM,LV Eagleview 1,LV2,,LV2,
525,4/17/13,6:30 PM,LV Eagleview 1,COV2,,COV2,
165,4/17/13,6:30 PM,LV Eagleview 2,LV,,LV,
165,4/17/13,6:30 PM,LV Eagleview 2,AVG,,AVG,
548,4/17/13,6:30 PM,ST TE Middle Sch 1,ST,,ST,
548,4/17/13,6:30 PM,ST TE Middle Sch 1,ASH,,ASH,
157,4/17/13,6:30 PM,UNV Patton MS 17,UNV,,UNV,
157,4/17/13,6:30 PM,UNV Patton MS 17,ST,,ST,
607,4/17/13,6:30 PM,WB Embreeville,WB2,,WB2,
607,4/17/13,6:30 PM,WB Embreeville,BYC3,,BYC3,
582,4/17/13,6:30 PM,WC Kelly Field,WC1,,WC1,
582,4/17/13,6:30 PM,WC Kelly Field,KEN1,,KEN1,
190,4/17/13,8:00 PM,WC Kelly Field,WC2,,WC2,
190,4/17/13,8:00 PM,WC Kelly Field,KEN,,KEN,
45,4/18/13,6:30 PM,BYC Garnet Valley MS,BYC,,BYC,
45,4/18/13,6:30 PM,BYC Garnet Valley MS,AVG,,AVG,
21,4/18/13,6:30 PM,GV Great Valley MS,GV,,GV,
21,4/18/13,6:30 PM,GV Great Valley MS,ABG,,ABG,
13,4/18/13,6:30 PM,LV Hoeffecker,LV,,LV,
13,4/18/13,6:30 PM,LV Hoeffecker,COV,,COV,
4,4/18/13,6:30 PM,ST Wilson Park CYL,ST,,ST,
4,4/18/13,6:30 PM,ST Wilson Park CYL,CVL,,CVL,
283,4/18/13,6:30 PM,WB Downingtown MS,WB,,WB,
283,4/18/13,6:30 PM,WB Downingtown MS,PHX,,PHX,
28,4/18/13,6:30 PM,WC Kelly Field,WC,,WC,
28,4/18/13,6:30 PM,WC Kelly Field,ASH,,ASH,
321,4/18/13,8:00 PM,WC Kelly Field,WC2,,WC2,
321,4/18/13,8:00 PM,WC Kelly Field,LV,,LV,
633,4/20/13,12:00 PM,AVG Avon Grove HS 1,AVG2,,AVG2,
633,4/20/13,12:00 PM,AVG Avon Grove HS 1,KEN2,,KEN2,
228,4/20/13,2:00 PM,AVG Avon Grove HS 1,AVG1,,AVG1,
228,4/20/13,2:00 PM,AVG Avon Grove HS 1,ST,,ST,
350,4/20/13,2:00 PM,COV Batdorf Park,COV2,,COV2,
350,4/20/13,2:00 PM,COV Batdorf Park,CVL,,CVL,
46,4/20/13,4:00 PM,COV Batdorf Park,COV,,COV,
46,4/20/13,4:00 PM,COV Batdorf Park,CVL,,CVL,
492,4/20/13,12:00 PM,CVL Warrior Field,CVL2,,CVL2,
492,4/20/13,12:00 PM,CVL Warrior Field,LV2,,LV2,
508,4/20/13,2:00 PM,CVL Warrior Field,CVL3,,CVL3,
508,4/20/13,2:00 PM,CVL Warrior Field,PHX,,PHX,
558,4/20/13,2:00 PM,GV Great Valley MS,GV1,,GV1,
558,4/20/13,2:00 PM,GV Great Valley MS,GV2,,GV2,
32,4/20/13,4:00 PM,GV Great Valley MS,GV,,GV,
32,4/20/13,4:00 PM,GV Great Valley MS,ST,,ST,
602,4/20/13,12:00 PM,KEN Kennett HS,KEN1,,KEN1,
602,4/20/13,12:00 PM,KEN Kennett HS,WB1,,WB1,
342,4/20/13,2:00 PM,KEN Legacy Field C,KEN,,KEN,
342,4/20/13,2:00 PM,KEN Legacy Field C,WC3,,WC3,
75,4/20/13,10:00 AM,LV Hoeffecker,LV,,LV,
75,4/20/13,10:00 AM,LV Hoeffecker,COV,,COV,
382,4/20/13,12:00 PM,LV Hoeffecker,LV2,,LV2,
382,4/20/13,12:00 PM,LV Hoeffecker,PHX,,PHX,
196,4/20/13,2:00 PM,LV Hoeffecker,LV1,,LV1,
196,4/20/13,2:00 PM,LV Hoeffecker,CVL,,CVL,
547,4/20/13,4:00 PM,LV Hoeffecker,LV3,,LV3,
547,4/20/13,4:00 PM,LV Hoeffecker,ABG3,,ABG3,
260,4/20/13,4:00 PM,PHX PMYC,PHX,,PHX,
260,4/20/13,4:00 PM,PHX PMYC,CVL,,CVL,
310,4/20/13,12:00 PM,ST Wilson Park CYL,ST,,ST,
310,4/20/13,12:00 PM,ST Wilson Park CYL,GV,,GV,
168,4/20/13,12:00 PM,UNV Patton MS 17,UNV,,UNV,
168,4/20/13,12:00 PM,UNV Patton MS 17,WC1,,WC1,
586,4/20/13,2:00 PM,UNV Patton MS 17,UNV,,UNV,
586,4/20/13,2:00 PM,UNV Patton MS 17,WC1,,WC1,
448,4/20/13,2:00 PM,UNV Upland Country DS,UNV,,UNV,
448,4/20/13,2:00 PM,UNV Upland Country DS,AVG2,,AVG2,
434,4/20/13,2:00 PM,WB Embreeville,WB1,,WB1,
434,4/20/13,2:00 PM,WB Embreeville,AVG1,,AVG1,
334,4/20/13,10:00 AM,WC Kelly Field,WC2,,WC2,
334,4/20/13,10:00 AM,WC Kelly Field,WC1,,WC1,
635,4/20/13,12:00 PM,WC Kelly Field,WC2,,WC2,
635,4/20/13,12:00 PM,WC Kelly Field,CVL1,,CVL1,
37,4/20/13,2:00 PM,WC Kelly Field,WC,,WC,
37,4/20/13,2:00 PM,WC Kelly Field,LV,,LV,
117,4/20/13,4:00 PM,WC Kelly Field,WC,,WC,
117,4/20/13,4:00 PM,WC Kelly Field,UNV1,,UNV1,
404,4/20/13,12:00 PM,WC Rustin HS Stadium,WC2,,WC2,
404,4/20/13,12:00 PM,WC Rustin HS Stadium,WC3,,WC3,
149,4/20/13,2:00 PM,WC Rustin HS Stadium,WC2,,WC2,
149,4/20/13,2:00 PM,WC Rustin HS Stadium,ASH,,ASH,
251,4/20/13,4:00 PM,WC Rustin HS Stadium,WC,,WC,
251,4/20/13,4:00 PM,WC Rustin HS Stadium,AVG2,,AVG2,
145,4/21/13,12:00 PM,ABG Huntingdon Lower N,ABG,,ABG,
145,4/21/13,12:00 PM,ABG Huntingdon Lower N,KEN,,KEN,
294,4/21/13,2:00 PM,ABG Huntingdon Lower N,ABG,,ABG,
294,4/21/13,2:00 PM,ABG Huntingdon Lower N,WB,,WB,
511,4/21/13,4:00 PM,ABG Huntingdon Lower N,ABG3,,ABG3,
511,4/21/13,4:00 PM,ABG Huntingdon Lower N,COV1,,COV1,
527,4/21/13,2:00 PM,ABG Huntingdon Lower S,ABG1,,ABG1,
527,4/21/13,2:00 PM,ABG Huntingdon Lower S,PHX,,PHX,
90,4/21/13,4:00 PM,ABG Huntingdon Lower S,ABG,,ABG,
90,4/21/13,4:00 PM,ABG Huntingdon Lower S,AVG,,AVG,
208,4/21/13,2:00 PM,ABG Huntingdon Upper,ABG,,ABG,
208,4/21/13,2:00 PM,ABG Huntingdon Upper,GV,,GV,
24,4/21/13,4:00 PM,ABG Huntingdon Upper,ABG,,ABG,
24,4/21/13,4:00 PM,ABG Huntingdon Upper,AVG,,AVG,
476,4/21/13,2:00 PM,BYC Garnet Valley MS,BYC1,,BYC1,
476,4/21/13,2:00 PM,BYC Garnet Valley MS,ABG,,ABG,
275,4/21/13,4:00 PM,COV OJR HS,COV,,COV,
275,4/21/13,4:00 PM,COV OJR HS,ASH,,ASH,
541,4/21/13,2:00 PM,LV Eagleview 1,LV3,,LV3,
541,4/21/13,2:00 PM,LV Eagleview 1,ABG2,,ABG2,
292,4/22/13,6:30 PM,ABG Huntingdon Lower N,ABG,,ABG,
292,4/22/13,6:30 PM,ABG Huntingdon Lower N,WC2,,WC2,
218,4/22/13,6:30 PM,ASH Lower Merion HS,ASH,,ASH,
218,4/22/13,6:30 PM,ASH Lower Merion HS,WC,,WC,
253,4/22/13,6:30 PM,BYC Garnet Valley MS,BYC,,BYC,
253,4/22/13,6:30 PM,BYC Garnet Valley MS,AVG1,,AVG1,
238,4/22/13,6:30 PM,LV Pine Creek 1,LV2,,LV2,
238,4/22/13,6:30 PM,LV Pine Creek 1,GV,,GV,
394,4/22/13,6:30 PM,ST TE Middle Sch 2,ST1,,ST1,
394,4/22/13,6:30 PM,ST TE Middle Sch 2,ST2,,ST2,
432,4/22/13,6:30 PM,UNV Patton MS 17,UNV,,UNV,
432,4/22/13,6:30 PM,UNV Patton MS 17,WB1,,WB1,
472,4/22/13,6:30 PM,WC Kelly Field,WC4,,WC4,
472,4/22/13,6:30 PM,WC Kelly Field,CVL,,CVL,
328,4/22/13,8:00 PM,WC Kelly Field,WC3,,WC3,
328,4/22/13,8:00 PM,WC Kelly Field,GV,,GV,
86,4/23/13,6:30 PM,ABG Huntingdon Lower N,ABG,,ABG,
86,4/23/13,6:30 PM,ABG Huntingdon Lower N,WC,,WC,
386,4/23/13,6:30 PM,ABG Huntingdon Lower S,ABG,,ABG,
386,4/23/13,6:30 PM,ABG Huntingdon Lower S,LV1,,LV1,
93,4/23/13,6:30 PM,ASH Lower Merion HS,ASH,,ASH,
93,4/23/13,6:30 PM,ASH Lower Merion HS,GV,,GV,
442,4/23/13,6:30 PM,AVG Avon Grove HS 1,AVG2,,AVG2,
442,4/23/13,6:30 PM,AVG Avon Grove HS 1,WB2,,WB2,
258,4/23/13,6:30 PM,AVG Harmony Park,AVG2,,AVG2,
258,4/23/13,6:30 PM,AVG Harmony Park,KEN,,KEN,
70,4/23/13,6:30 PM,BYC Garnet Valley MS,BYC,,BYC,
70,4/23/13,6:30 PM,BYC Garnet Valley MS,CVL,,CVL,
74,4/23/13,7:00 PM,COV OJR HS,COV,,COV,
74,4/23/13,7:00 PM,COV OJR HS,ST,,ST,
452,4/23/13,6:30 PM,KEN Legacy Field B,KEN,,KEN,
452,4/23/13,6:30 PM,KEN Legacy Field B,BYC1,,BYC1,
205,4/23/13,6:30 PM,ST TE Middle Sch 1,ST,,ST,
205,4/23/13,6:30 PM,ST TE Middle Sch 1,ABG,,ABG,
460,4/23/13,6:30 PM,WC Kelly Field,WC3,,WC3,
460,4/23/13,6:30 PM,WC Kelly Field,COV1,,COV1,
403,4/23/13,8:00 PM,WC Kelly Field,WC1,,WC1,
403,4/23/13,8:00 PM,WC Kelly Field,LV2,,LV2,
470,4/23/13,6:30 PM,WC Rustin HS Grass,WC2,,WC2,
470,4/23/13,6:30 PM,WC Rustin HS Grass,COV2,,COV2,
139,4/24/13,6:30 PM,ABG Huntingdon Lower N,ABG,,ABG,
139,4/24/13,6:30 PM,ABG Huntingdon Lower N,LV,,LV,
535,4/24/13,6:30 PM,ABG Huntingdon Lower S,ABG2,,ABG2,
535,4/24/13,6:30 PM,ABG Huntingdon Lower S,ABG1,,ABG1,
629,4/24/13,6:30 PM,AVG Harmony Park,AVG2,,AVG2,
629,4/24/13,6:30 PM,AVG Harmony Park,AVG1,,AVG1,
619,4/24/13,6:30 PM,BYC Concord Municipal 2,BYC1,,BYC1,
619,4/24/13,6:30 PM,BYC Concord Municipal 2,BYC2,,BYC2,
515,4/24/13,6:30 PM,COV Batdorf Park,COV1,,COV1,
515,4/24/13,6:30 PM,COV Batdorf Park,LV3,,LV3,
129,4/24/13,6:30 PM,CVL Mt Kirk,CVL,,CVL,
129,4/24/13,6:30 PM,CVL Mt Kirk,ST,,ST,
499,4/24/13,6:30 PM,CVL Warrior Field,CVL2,,CVL2,
499,4/24/13,6:30 PM,CVL Warrior Field,ABG3,,ABG3,
571,4/24/13,6:30 PM,GV Great Valley MS,GV2,,GV2,
571,4/24/13,6:30 PM,GV Great Valley MS,WC1,,WC1,
180,4/24/13,6:30 PM,KEN Legacy Field B,KEN,,KEN,
180,4/24/13,6:30 PM,KEN Legacy Field B,BYC,,BYC,
550,4/24/13,6:30 PM,LV Eagleview 1,LV1,,LV1,
550,4/24/13,6:30 PM,LV Eagleview 1,ASH,,ASH,
647,4/24/13,6:30 PM,LV Eagleview 2,LV2,,LV2,
647,4/24/13,6:30 PM,LV Eagleview 2,BYC3,,BYC3,
523,4/24/13,6:30 PM,ST TE Middle Sch 1,ST,,ST,
523,4/24/13,6:30 PM,ST TE Middle Sch 1,COV2,,COV2,
561,4/24/13,6:30 PM,WB Embreeville,WB1,,WB1,
561,4/24/13,6:30 PM,WB Embreeville,GV1,,GV1,
592,4/24/13,6:30 PM,WC Kelly Field,WC2,,WC2,
592,4/24/13,6:30 PM,WC Kelly Field,KEN2,,KEN2,
167,4/24/13,8:00 PM,WC Kelly Field,WC1,,WC1,
167,4/24/13,8:00 PM,WC Kelly Field,WC2,,WC2,
22,4/25/13,6:30 PM,ABG Huntingdon Lower N,ABG,,ABG,
22,4/25/13,6:30 PM,ABG Huntingdon Lower N,WC,,WC,
348,4/25/13,6:30 PM,AVG Avon Grove HS 1,AVG,,AVG,
348,4/25/13,6:30 PM,AVG Avon Grove HS 1,KEN,,KEN,
12,4/25/13,7:00 PM,COV OJR HS,COV,,COV,
12,4/25/13,7:00 PM,COV OJR HS,ST,,ST,
6,4/25/13,6:30 PM,GV Great Valley MS,GV,,GV,
6,4/25/13,6:30 PM,GV Great Valley MS,CVL,,CVL,
314,4/25/13,6:30 PM,ST Wilson Park CYL,ST,,ST,
314,4/25/13,6:30 PM,ST Wilson Park CYL,WB,,WB,
291,4/25/13,6:30 PM,WC Kelly Field,WC1,,WC1,
291,4/25/13,6:30 PM,WC Kelly Field,PHX,,PHX,
307,4/26/13,6:30 PM,ASH Lower Merion HS,ASH,,ASH,
307,4/26/13,6:30 PM,ASH Lower Merion HS,KEN,,KEN,
509,4/27/13,12:00 PM,ABG Huntingdon Lower S,ABG1,,ABG1,
509,4/27/13,12:00 PM,ABG Huntingdon Lower S,CVL3,,CVL3,
581,4/27/13,10:00 AM,AVG Avon Grove HS 1,AVG2,,AVG2,
581,4/27/13,10:00 AM,AVG Avon Grove HS 1,WC1,,WC1,
630,4/27/13,12:00 PM,AVG Avon Grove HS 1,AVG1,,AVG1,
630,4/27/13,12:00 PM,AVG Avon Grove HS 1,KEN1,,KEN1,
250,4/27/13,2:00 PM,AVG Avon Grove HS 1,AVG1,,AVG1,
250,4/27/13,2:00 PM,AVG Avon Grove HS 1,WC,,WC,
577,4/27/13,12:00 PM,BYC Concord Municipal 2,BYC1,,BYC1,
577,4/27/13,12:00 PM,BYC Concord Municipal 2,GV2,,GV2,
126,4/27/13,2:00 PM,BYC Garnet Valley MS,BYC,,BYC,
126,4/27/13,2:00 PM,BYC Garnet Valley MS,AVG,,AVG,
451,4/27/13,4:00 PM,BYC Garnet Valley MS,BYC1,,BYC1,
451,4/27/13,4:00 PM,BYC Garnet Valley MS,AVG2,,AVG2,
513,4/27/13,2:00 PM,COV OJR HS,COV1,,COV1,
513,4/27/13,2:00 PM,COV OJR HS,ST,,ST,
9,4/27/13,10:00 AM,CVL Black Rock 6,CVL,,CVL,
9,4/27/13,10:00 AM,CVL Black Rock 6,AVG,,AVG,
61,4/27/13,12:00 PM,CVL Black Rock 6,CVL,,CVL,
61,4/27/13,12:00 PM,CVL Black Rock 6,COV,,COV,
267,4/27/13,2:00 PM,CVL Black Rock 6,CVL,,CVL,
267,4/27/13,2:00 PM,CVL Black Rock 6,WC2,,WC2,
495,4/27/13,10:00 AM,CVL Warrior Field,CVL2,,CVL2,
495,4/27/13,10:00 AM,CVL Warrior Field,COV2,,COV2,
197,4/27/13,12:00 PM,CVL Warrior Field,CVL,,CVL,
197,4/27/13,12:00 PM,CVL Warrior Field,LV2,,LV2,
491,4/27/13,2:00 PM,CVL Warrior Field,CVL1,,CVL1,
491,4/27/13,2:00 PM,CVL Warrior Field,LV1,,LV1,
566,4/27/13,12:15 PM,GV Great Valley MS,GV1,,GV1,
566,4/27/13,12:15 PM,GV Great Valley MS,BYC3,,BYC3,
112,4/27/13,2:00 PM,GV Great Valley MS,GV,,GV,
112,4/27/13,2:00 PM,GV Great Valley MS,WC,,WC,
40,4/27/13,4:00 PM,GV Great Valley MS,GV,,GV,
40,4/27/13,4:00 PM,GV Great Valley MS,WC,,WC,
480,4/27/13,12:00 PM,KEN Legacy Field C,KEN,,KEN,
480,4/27/13,12:00 PM,KEN Legacy Field C,LV2,,LV2,
136,4/27/13,2:00 PM,KEN Legacy Field C,KEN,,KEN,
136,4/27/13,2:00 PM,KEN Legacy Field C,CVL,,CVL,
108,4/27/13,10:00 AM,LV Hoeffecker,LV,,LV,
108,4/27/13,10:00 AM,LV Hoeffecker,UNV1,,UNV1,
38,4/27/13,12:00 PM,LV Hoeffecker,LV,,LV,
38,4/27/13,12:00 PM,LV Hoeffecker,BYC,,BYC,
467,4/27/13,2:00 PM,LV Hoeffecker,LV1,,LV1,
467,4/27/13,2:00 PM,LV Hoeffecker,AVG1,,AVG1,
322,4/27/13,4:00 PM,LV Hoeffecker,LV,,LV,
322,4/27/13,4:00 PM,LV Hoeffecker,BYC,,BYC,
290,4/27/13,10:00 AM,PHX PMYC,PHX,,PHX,
290,4/27/13,10:00 AM,PHX PMYC,GV,,GV,
526,4/27/13,12:00 PM,PHX PMYC,PHX,,PHX,
526,4/27/13,12:00 PM,PHX PMYC,LV3,,LV3,
381,4/27/13,2:00 PM,PHX PMYC,PHX,,PHX,
381,4/27/13,2:00 PM,PHX PMYC,WC1,,WC1,
25,4/27/13,TBD,Radnor HS Samson Festival,ASH,,ASH,
25,4/27/13,TBD,Radnor HS Samson Festival,ST,,ST,
91,4/27/13,TBD,Radnor HS Samson Festival,ASH,,ASH,
91,4/27/13,TBD,Radnor HS Samson Festival,ST,,ST,
225,4/27/13,10:00 AM,ST TE Middle Sch 2,ST,,ST,
225,4/27/13,10:00 AM,ST TE Middle Sch 2,GV,,GV,
371,4/27/13,12:00 PM,ST TE Middle Sch 2,ST1,,ST1,
371,4/27/13,12:00 PM,ST TE Middle Sch 2,COV2,,COV2,
365,4/27/13,2:00 PM,ST TE Middle Sch 2,ST2,,ST2,
365,4/27/13,2:00 PM,ST TE Middle Sch 2,COV1,,COV1,
316,4/27/13,2:00 PM,ST Wilson Park TEYSA,ST,,ST,
316,4/27/13,2:00 PM,ST Wilson Park TEYSA,AVG,,AVG,
188,4/27/13,4:00 PM,UNV Patton MS 17,UNV,,UNV,
188,4/27/13,4:00 PM,UNV Patton MS 17,LV,,LV,
345,4/27/13,4:00 PM,WB Downingtown MS,WB,,WB,
345,4/27/13,4:00 PM,WB Downingtown MS,KEN,,KEN,
416,4/27/13,2:00 PM,WB Embreeville,WB1,,WB1,
416,4/27/13,2:00 PM,WB Embreeville,WC3,,WC3,
594,4/27/13,10:00 AM,WC Kelly Field,WC2,,WC2,
594,4/27/13,10:00 AM,WC Kelly Field,UNV,,UNV,
174,4/27/13,12:00 PM,WC Kelly Field,WC2,,WC2,
174,4/27/13,12:00 PM,WC Kelly Field,AVG,,AVG,
155,4/27/13,2:00 PM,WC Kelly Field,WC1,,WC1,
155,4/27/13,2:00 PM,WC Kelly Field,ST,,ST,
405,4/27/13,4:00 PM,WC Kelly Field,WC4,,WC4,
405,4/27/13,4:00 PM,WC Kelly Field,WC2,,WC2,
643,4/28/13,12:00 PM,ABG Huntingdon Lower N,ABG3,,ABG3,
643,4/28/13,12:00 PM,ABG Huntingdon Lower N,WB2,,WB2,
463,4/28/13,2:00 PM,ABG Huntingdon Lower N,ABG,,ABG,
463,4/28/13,2:00 PM,ABG Huntingdon Lower N,WB2,,WB2,
274,4/28/13,4:00 PM,ABG Huntingdon Lower N,ABG,,ABG,
274,4/28/13,4:00 PM,ABG Huntingdon Lower N,COV,,COV,
210,4/28/13,4:00 PM,ABG Huntingdon Lower S,ABG,,ABG,
210,4/28/13,4:00 PM,ABG Huntingdon Lower S,BYC,,BYC,
143,4/28/13,12:00 PM,ABG Huntingdon Upper,ABG,,ABG,
143,4/28/13,12:00 PM,ABG Huntingdon Upper,BYC,,BYC,
540,4/28/13,4:00 PM,ABG Huntingdon Upper,ABG2,,ABG2,
540,4/28/13,4:00 PM,ABG Huntingdon Upper,LV2,,LV2,
111,4/28/13,4:00 PM,AVG Harmony Park,AVG,,AVG,
111,4/28/13,4:00 PM,AVG Harmony Park,LV,,LV,
435,4/28/13,12:00 PM,BYC Garnet Valley MS,BYC2,,BYC2,
435,4/28/13,12:00 PM,BYC Garnet Valley MS,WB1,,WB1,
23,4/28/13,2:00 PM,BYC Garnet Valley MS,BYC,,BYC,
23,4/28/13,2:00 PM,BYC Garnet Valley MS,ABG,,ABG,
522,4/28/13,4:00 PM,COV OJR HS,COV2,,COV2,
522,4/28/13,4:00 PM,COV OJR HS,ASH,,ASH,
206,4/29/13,6:30 PM,ABG Huntingdon Lower N,ABG,,ABG,
206,4/29/13,6:30 PM,ABG Huntingdon Lower N,LV1,,LV1,
477,4/29/13,6:30 PM,ASH Lower Merion HS,ASH,,ASH,
477,4/29/13,6:30 PM,ASH Lower Merion HS,BYC2,,BYC2,
374,4/29/13,7:00 PM,COV OJR HS,COV2,,COV2,
374,4/29/13,7:00 PM,COV OJR HS,LV2,,LV2,
198,4/29/13,6:30 PM,GV Great Valley MS,GV,,GV,
198,4/29/13,6:30 PM,GV Great Valley MS,CVL,,CVL,
257,4/29/13,6:30 PM,KEN Kennett HS,KEN,,KEN,
257,4/29/13,6:30 PM,KEN Kennett HS,AVG1,,AVG1,
474,4/29/13,6:30 PM,WB Embreeville,WB2,,WB2,
474,4/29/13,6:30 PM,WB Embreeville,ST1,,ST1,
469,4/29/13,6:30 PM,WC Kelly Field,WC1,,WC1,
469,4/29/13,6:30 PM,WC Kelly Field,KEN,,KEN,
352,4/30/13,6:30 PM,ABG Huntingdon Lower S,ABG,,ABG,
352,4/30/13,6:30 PM,ABG Huntingdon Lower S,CVL,,CVL,
456,4/30/13,6:30 PM,AVG Avon Grove HS 1,AVG2,,AVG2,
456,4/30/13,6:30 PM,AVG Avon Grove HS 1,AVG1,,AVG1,
254,4/30/13,6:30 PM,AVG Harmony Park,AVG2,,AVG2,
254,4/30/13,6:30 PM,AVG Harmony Park,BYC,,BYC,
122,4/30/13,6:30 PM,BYC Garnet Valley MS,BYC,,BYC,
122,4/30/13,6:30 PM,BYC Garnet Valley MS,UNV1,,UNV1,
66,4/30/13,6:30 PM,GV Great Valley MS,GV,,GV,
66,4/30/13,6:30 PM,GV Great Valley MS,CVL,,CVL,
379,4/30/13,6:30 PM,PHX PMYC,PHX,,PHX,
379,4/30/13,6:30 PM,PHX PMYC,LV1,,LV1,
83,4/30/13,6:30 PM,ST Wilson Park TEYSA,ST,,ST,
83,4/30/13,6:30 PM,ST Wilson Park TEYSA,ABG,,ABG,
433,4/30/13,6:30 PM,WB Embreeville,WB1,,WB1,
433,4/30/13,6:30 PM,WB Embreeville,BYC1,,BYC1,
425,4/30/13,6:30 PM,WC Kelly Field,WC4,,WC4,
425,4/30/13,6:30 PM,WC Kelly Field,UNV,,UNV,
77,4/30/13,8:00 PM,WC Kelly Field,WC,,WC,
77,4/30/13,8:00 PM,WC Kelly Field,COV,,COV,
148,5/1/13,6:30 PM,ASH Lower Merion HS,ASH,,ASH,
148,5/1/13,6:30 PM,ASH Lower Merion HS,WC1,,WC1,
181,5/1/13,6:30 PM,AVG Harmony Park,AVG,,AVG,
181,5/1/13,6:30 PM,AVG Harmony Park,KEN,,KEN,
622,5/1/13,6:30 PM,BYC Bethel Spr ES 12,BYC2,,BYC2,
622,5/1/13,6:30 PM,BYC Bethel Spr ES 12,AVG2,,AVG2,
589,5/1/13,6:30 PM,BYC Concord Municipal 2,BYC3,,BYC3,
589,5/1/13,6:30 PM,BYC Concord Municipal 2,WC2,,WC2,
484,5/1/13,7:00 PM,COV OJR HS,COV2,,COV2,
484,5/1/13,7:00 PM,COV OJR HS,CVL1,,CVL1,
503,5/1/13,6:30 PM,CVL Warrior Field,CVL3,,CVL3,
503,5/1/13,6:30 PM,CVL Warrior Field,LV3,,LV3,
564,5/1/13,6:30 PM,GV Great Valley MS,GV1,,GV1,
564,5/1/13,6:30 PM,GV Great Valley MS,BYC1,,BYC1,
610,5/1/13,6:30 PM,KEN Legacy Field B,KEN1,,KEN1,
610,5/1/13,6:30 PM,KEN Legacy Field B,UNV,,UNV,
552,5/1/13,6:30 PM,LV Eagleview 2,LV1,,LV1,
552,5/1/13,6:30 PM,LV Eagleview 2,ST,,ST,
498,5/1/13,6:30 PM,PHX PMYC,PHX,,PHX,
498,5/1/13,6:30 PM,PHX PMYC,CVL2,,CVL2,
138,5/1/13,6:30 PM,ST TE Middle Sch 2,ST,,ST,
138,5/1/13,6:30 PM,ST TE Middle Sch 2,ABG,,ABG,
176,5/1/13,6:30 PM,UNV Patton MS 17,UNV,,UNV,
176,5/1/13,6:30 PM,UNV Patton MS 17,BYC,,BYC,
575,5/1/13,6:30 PM,WB Embreeville,WB2,,WB2,
575,5/1/13,6:30 PM,WB Embreeville,GV2,,GV2,
132,5/1/13,6:30 PM,WC Kelly Field,WC2,,WC2,
132,5/1/13,6:30 PM,WC Kelly Field,CVL,,CVL,
584,5/1/13,8:00 PM,WC Kelly Field,WC1,,WC1,
584,5/1/13,8:00 PM,WC Kelly Field,WB1,,WB1,
29,5/2/13,6:30 PM,ASH Haverford Upper,ASH,,ASH,
29,5/2/13,6:30 PM,ASH Haverford Upper,BYC,,BYC,
262,5/2/13,6:30 PM,ASH Lower Merion HS,ASH,,ASH,
262,5/2/13,6:30 PM,ASH Lower Merion HS,CVL,,CVL,
42,5/2/13,6:30 PM,GV Great Valley MS,GV,,GV,
42,5/2/13,6:30 PM,GV Great Valley MS,AVG,,AVG,
347,5/2/13,6:30 PM,KEN Legacy Field B,KEN,,KEN,
347,5/2/13,6:30 PM,KEN Legacy Field B,BYC,,BYC,
289,5/2/13,6:30 PM,LV Pine Creek 1,LV,,LV,
289,5/2/13,6:30 PM,LV Pine Creek 1,PHX,,PHX,
276,5/2/13,6:30 PM,ST Wilson Park CYL,ST,,ST,
276,5/2/13,6:30 PM,ST Wilson Park CYL,COV,,COV,
19,5/2/13,6:30 PM,ST Wilson Park TEYSA,ST,,ST,
19,5/2/13,6:30 PM,ST Wilson Park TEYSA,ABG,,ABG,
15,5/2/13,6:30 PM,WC Kelly Field,WC,,WC,
15,5/2/13,6:30 PM,WC Kelly Field,COV,,COV,
384,5/4/13,12:00 PM,ABG Huntingdon Upper,ABG,,ABG,
384,5/4/13,12:00 PM,ABG Huntingdon Upper,ST1,,ST1,
202,5/4/13,9:00 AM,AVG Avon Grove HS 1,AVG2,,AVG2,
202,5/4/13,9:00 AM,AVG Avon Grove HS 1,CVL,,CVL,
437,5/4/13,11:00 AM,AVG Avon Grove HS 1,AVG2,,AVG2,
437,5/4/13,11:00 AM,AVG Avon Grove HS 1,WB1,,WB1,
211,5/4/13,1:00 PM,AVG Avon Grove HS 1,AVG1,,AVG1,
211,5/4/13,1:00 PM,AVG Avon Grove HS 1,ABG,,ABG,
450,5/4/13,9:00 AM,AVG Avon Grove HS 2,AVG1,,AVG1,
450,5/4/13,9:00 AM,AVG Avon Grove HS 2,BYC1,,BYC1,
591,5/4/13,11:00 AM,AVG Avon Grove HS 2,AVG2,,AVG2,
591,5/4/13,11:00 AM,AVG Avon Grove HS 2,WC2,,WC2,
641,5/4/13,1:00 PM,AVG Avon Grove HS 2,AVG1,,AVG1,
641,5/4/13,1:00 PM,AVG Avon Grove HS 2,ABG1,,ABG1,
144,5/4/13,3:00 PM,AVG Avon Grove HS 2,AVG,,AVG,
144,5/4/13,3:00 PM,AVG Avon Grove HS 2,ABG,,ABG,
81,5/4/13,9:00 AM,AVG Avon Grove HS Stadium,AVG,,AVG,
81,5/4/13,9:00 AM,AVG Avon Grove HS Stadium,COV,,COV,
30,5/4/13,11:00 AM,AVG Avon Grove HS Stadium,AVG,,AVG,
30,5/4/13,11:00 AM,AVG Avon Grove HS Stadium,ASH,,ASH,
308,5/4/13,1:00 PM,AVG Avon Grove HS Stadium,AVG,,AVG,
308,5/4/13,1:00 PM,AVG Avon Grove HS Stadium,ASH,,ASH,
245,5/4/13,4:00 PM,BYC Concord Municipal 1,BYC,,BYC,
245,5/4/13,4:00 PM,BYC Concord Municipal 1,GV,,GV,
164,5/4/13,12:00 PM,BYC Concord Municipal 2,BYC,,BYC,
164,5/4/13,12:00 PM,BYC Concord Municipal 2,LV,,LV,
620,5/4/13,2:00 PM,BYC Concord Municipal 2,BYC3,,BYC3,
620,5/4/13,2:00 PM,BYC Concord Municipal 2,BYC1,,BYC1,
8,5/4/13,10:00 AM,BYC Garnet Valley MS,BYC,,BYC,
8,5/4/13,10:00 AM,BYC Garnet Valley MS,CVL,,CVL,
370,5/4/13,4:00 PM,COV OJR HS,COV2,,COV2,
370,5/4/13,4:00 PM,COV OJR HS,ASH,,ASH,
65,5/4/13,10:00 AM,CVL Black Rock 6,CVL,,CVL,
65,5/4/13,10:00 AM,CVL Black Rock 6,LV,,LV,
349,5/4/13,12:00 PM,CVL Black Rock 6,CVL,,CVL,
349,5/4/13,12:00 PM,CVL Black Rock 6,COV1,,COV1,
489,5/4/13,12:00 PM,CVL Warrior Field,CVL1,,CVL1,
489,5/4/13,12:00 PM,CVL Warrior Field,ASH,,ASH,
133,5/4/13,2:00 PM,CVL Warrior Field,CVL,,CVL,
133,5/4/13,2:00 PM,CVL Warrior Field,UNV,,UNV,
501,5/4/13,4:00 PM,CVL Warrior Field,CVL2,,CVL2,
501,5/4/13,4:00 PM,CVL Warrior Field,ST,,ST,
57,5/4/13,2:00 PM,GV Great Valley MS,GV,,GV,
57,5/4/13,2:00 PM,GV Great Valley MS,LV,,LV,
576,5/4/13,4:00 PM,GV Great Valley MS,GV2,,GV2,
576,5/4/13,4:00 PM,GV Great Valley MS,BYC2,,BYC2,
272,5/4/13,10:00 AM,KEN Legacy Field C,KEN,,KEN,
272,5/4/13,10:00 AM,KEN Legacy Field C,COV,,COV,
634,5/4/13,12:00 PM,KEN Legacy Field C,KEN2,,KEN2,
634,5/4/13,12:00 PM,KEN Legacy Field C,KEN1,,KEN1,
175,5/4/13,2:00 PM,KEN Legacy Field C,KEN,,KEN,
175,5/4/13,2:00 PM,KEN Legacy Field C,WC2,,WC2,
546,5/4/13,12:00 PM,LV Eagleview 1,LV2,,LV2,
546,5/4/13,12:00 PM,LV Eagleview 1,ABG3,,ABG3,
504,5/4/13,2:00 PM,LV Eagleview 2,LV1,,LV1,
504,5/4/13,2:00 PM,LV Eagleview 2,CVL3,,CVL3,
215,5/4/13,12:00 PM,LV Pine Creek 1,LV1,,LV1,
215,5/4/13,12:00 PM,LV Pine Creek 1,ASH,,ASH,
320,5/4/13,2:00 PM,LV Pine Creek 1,LV,,LV,
320,5/4/13,2:00 PM,LV Pine Creek 1,WC3,,WC3,
224,5/4/13,4:00 PM,LV Pine Creek 1,LV2,,LV2,
224,5/4/13,4:00 PM,LV Pine Creek 1,ST,,ST,
528,5/4/13,10:00 AM,PHX PMYC,PHX,,PHX,
528,5/4/13,10:00 AM,PHX PMYC,ABG2,,ABG2,
399,5/4/13,12:00 PM,ST TE Middle Sch 2,ST2,,ST2,
399,5/4/13,12:00 PM,ST TE Middle Sch 2,WC1,,WC1,
312,5/4/13,2:00 PM,ST Wilson Park TEYSA,ST,,ST,
312,5/4/13,2:00 PM,ST Wilson Park TEYSA,WC2,,WC2,
563,5/4/13,2:00 PM,UNV Patton MS 17,UNV,,UNV,
563,5/4/13,2:00 PM,UNV Patton MS 17,GV1,,GV1,
446,5/4/13,4:00 PM,UNV Patton MS 17,UNV,,UNV,
446,5/4/13,4:00 PM,UNV Patton MS 17,BYC2,,BYC2,
102,5/4/13,4:00 PM,UNV Upland Country DS,UNV1,,UNV1,
102,5/4/13,4:00 PM,UNV Upland Country DS,ST,,ST,
343,5/4/13,12:00 PM,WB Downingtown MS,WB,,WB,
343,5/4/13,12:00 PM,WB Downingtown MS,BYC,,BYC,
407,5/4/13,10:00 AM,WB Embreeville,WB2,,WB2,
407,5/4/13,10:00 AM,WB Embreeville,WC2,,WC2,
56,5/4/13,10:00 AM,WC Kelly Field,WC,,WC,
56,5/4/13,10:00 AM,WC Kelly Field,ST,,ST,
326,5/4/13,12:00 PM,WC Kelly Field,WC1,,WC1,
326,5/4/13,12:00 PM,WC Kelly Field,GV,,GV,
585,5/4/13,2:00 PM,WC Kelly Field,WC1,,WC1,
585,5/4/13,2:00 PM,WC Kelly Field,WB2,,WB2,
414,5/4/13,4:00 PM,WC Kelly Field,WC3,,WC3,
414,5/4/13,4:00 PM,WC Kelly Field,WC4,,WC4,
296,5/5/13,12:00 PM,ABG Huntingdon Upper,ABG,,ABG,
296,5/5/13,12:00 PM,ABG Huntingdon Upper,AVG,,AVG,
73,5/5/13,12:00 PM,ASH Lower Merion HS,ASH,,ASH,
73,5/5/13,12:00 PM,ASH Lower Merion HS,COV,,COV,
222,5/5/13,2:00 PM,ASH Lower Merion HS,ASH,,ASH,
222,5/5/13,2:00 PM,ASH Lower Merion HS,KEN,,KEN,
152,5/5/13,4:00 PM,ASH Lower Merion HS,ASH,,ASH,
152,5/5/13,4:00 PM,ASH Lower Merion HS,AVG,,AVG,
89,5/5/13,12:00 PM,BYC Garnet Valley MS,BYC,,BYC,
89,5/5/13,12:00 PM,BYC Garnet Valley MS,ABG,,ABG,
10,5/5/13,12:00 PM,COV OJR HS,COV,,COV,
10,5/5/13,12:00 PM,COV OJR HS,ABG,,ABG,
517,5/5/13,2:00 PM,COV OJR HS,COV1,,COV1,
517,5/5/13,2:00 PM,COV OJR HS,ABG1,,ABG1,
519,5/5/13,4:00 PM,COV OJR HS,COV2,,COV2,
519,5/5/13,4:00 PM,COV OJR HS,ABG3,,ABG3,
 ,5/5/13,3:00 PM,GV Great Valley HS,TRYOUTS,,TRYOUTS,
 ,5/5/13,3:00 PM,GV Great Valley HS,STAR,,ALL STAR,
 ,5/5/13,5:30 PM,GV Great Valley HS,TRYOUTS,,TRYOUTS,
 ,5/5/13,5:30 PM,GV Great Valley HS,STAR,,ALL STAR,
300,5/6/13,6:30 PM,ABG Huntingdon Lower N,ABG,,ABG,
300,5/6/13,6:30 PM,ABG Huntingdon Lower N,LV,,LV,
303,5/6/13,6:30 PM,ASH Lower Merion HS,ASH,,ASH,
303,5/6/13,6:30 PM,ASH Lower Merion HS,WC3,,WC3,
255,5/6/13,6:30 PM,BYC Bethel Spr ES 12,BYC,,BYC,
255,5/6/13,6:30 PM,BYC Bethel Spr ES 12,KEN,,KEN,
330,5/6/13,6:30 PM,BYC Garnet Valley MS,BYC,,BYC,
330,5/6/13,6:30 PM,BYC Garnet Valley MS,WC1,,WC1,
473,5/6/13,7:00 PM,COV OJR HS,COV1,,COV1,
473,5/6/13,7:00 PM,COV OJR HS,WB1,,WB1,
329,5/6/13,6:30 PM,GV Great Valley MS,GV,,GV,
329,5/6/13,6:30 PM,GV Great Valley MS,WB,,WB,
413,5/6/13,6:30 PM,KEN Kennett HS,KEN,,KEN,
413,5/6/13,6:30 PM,KEN Kennett HS,WC2,,WC2,
465,5/6/13,6:30 PM,ST TE Middle Sch 1,ST1,,ST1,
465,5/6/13,6:30 PM,ST TE Middle Sch 1,BYC1,,BYC1,
223,5/6/13,6:30 PM,ST TE Middle Sch 2,ST,,ST,
223,5/6/13,6:30 PM,ST TE Middle Sch 2,LV1,,LV1,
338,5/6/13,6:30 PM,WC Kelly Field,WC2,,WC2,
338,5/6/13,6:30 PM,WC Kelly Field,KEN,,KEN,
204,5/7/13,6:30 PM,ABG Huntingdon Lower N,ABG,,ABG,
204,5/7/13,6:30 PM,ABG Huntingdon Lower N,ASH,,ASH,
377,5/7/13,6:30 PM,ASH Lower Merion HS,ASH,,ASH,
377,5/7/13,6:30 PM,ASH Lower Merion HS,PHX,,PHX,
422,5/7/13,6:30 PM,AVG Avon Grove HS 1,AVG2,,AVG2,
422,5/7/13,6:30 PM,AVG Avon Grove HS 1,WC3,,WC3,
466,5/7/13,6:30 PM,BYC Garnet Valley MS,BYC2,,BYC2,
466,5/7/13,6:30 PM,BYC Garnet Valley MS,ST2,,ST2,
76,5/7/13,7:00 PM,COV OJR HS,COV,,COV,
76,5/7/13,7:00 PM,COV OJR HS,GV,,GV,
357,5/7/13,6:30 PM,CVL Black Rock 6,CVL,,CVL,
357,5/7/13,6:30 PM,CVL Black Rock 6,LV2,,LV2,
67,5/7/13,6:30 PM,CVL Mt Kirk,CVL,,CVL,
67,5/7/13,6:30 PM,CVL Mt Kirk,WC,,WC,
373,5/7/13,6:30 PM,LV Lionville MS,LV1,,LV1,
373,5/7/13,6:30 PM,LV Lionville MS,COV2,,COV2,
544,5/8/13,6:30 PM,ABG Huntingdon Lower S,ABG3,,ABG3,
544,5/8/13,6:30 PM,ABG Huntingdon Lower S,ST,,ST,
600,5/8/13,6:30 PM,AVG Harmony Park,AVG1,,AVG1,
600,5/8/13,6:30 PM,AVG Harmony Park,WB1,,WB1,
628,5/8/13,6:30 PM,BYC Bethel Spr ES 12,BYC3,,BYC3,
628,5/8/13,6:30 PM,BYC Bethel Spr ES 12,KEN2,,KEN2,
151,5/8/13,6:30 PM,BYC Concord Municipal 2,BYC,,BYC,
151,5/8/13,6:30 PM,BYC Concord Municipal 2,ASH,,ASH,
496,5/8/13,7:00 PM,COV OJR HS,COV1,,COV1,
496,5/8/13,7:00 PM,COV OJR HS,CVL2,,CVL2,
127,5/8/13,6:30 PM,CVL Mt Kirk,CVL,,CVL,
127,5/8/13,6:30 PM,CVL Mt Kirk,ABG,,ABG,
505,5/8/13,6:30 PM,CVL Warrior Field,CVL3,,CVL3,
505,5/8/13,6:30 PM,CVL Warrior Field,LV2,,LV2,
562,5/8/13,6:30 PM,GV Great Valley MS,GV1,,GV1,
562,5/8/13,6:30 PM,GV Great Valley MS,WB2,,WB2,
556,5/8/13,6:30 PM,LV Eagleview 1,LV1,,LV1,
556,5/8/13,6:30 PM,LV Eagleview 1,LV3,,LV3,
163,5/8/13,6:30 PM,LV Eagleview 2,LV,,LV,
163,5/8/13,6:30 PM,LV Eagleview 2,UNV,,UNV,
613,5/8/13,6:30 PM,UNV Patton MS 17,UNV,,UNV,
613,5/8/13,6:30 PM,UNV Patton MS 17,BYC2,,BYC2,
587,5/8/13,6:30 PM,WC Kelly Field,WC1,,WC1,
587,5/8/13,6:30 PM,WC Kelly Field,BYC1,,BYC1,
573,5/8/13,8:00 PM,WC Kelly Field,WC2,,WC2,
573,5/8/13,8:00 PM,WC Kelly Field,GV2,,GV2,
20,5/9/13,6:30 PM,ABG Huntingdon Lower S,ABG,,ABG,
20,5/9/13,6:30 PM,ABG Huntingdon Lower S,LV,,LV,
47,5/9/13,6:30 PM,ASH Haverford Upper,ASH,,ASH,
47,5/9/13,6:30 PM,ASH Haverford Upper,CVL,,CVL,
59,5/9/13,6:30 PM,BYC Garnet Valley MS,BYC,,BYC,
59,5/9/13,6:30 PM,BYC Garnet Valley MS,WC,,WC,
259,5/9/13,6:30 PM,CVL Mt Kirk,CVL,,CVL,
259,5/9/13,6:30 PM,CVL Mt Kirk,COV,,COV,
49,5/9/13,6:30 PM,ST Wilson Park CYL,ST,,ST,
49,5/9/13,6:30 PM,ST Wilson Park CYL,COV,,COV,
189,5/9/13,6:30 PM,WC Kelly Field,WC1,,WC1,
189,5/9/13,6:30 PM,WC Kelly Field,AVG,,AVG,
141,5/11/13,12:00 PM,ABG Huntingdon Upper,ABG,,ABG,
141,5/11/13,12:00 PM,ABG Huntingdon Upper,WC2,,WC2,
216,5/11/13,10:00 AM,ASH Lower Merion HS,ASH,,ASH,
216,5/11/13,10:00 AM,ASH Lower Merion HS,LV2,,LV2,
363,5/11/13,12:00 PM,ASH Lower Merion HS,ASH,,ASH,
363,5/11/13,12:00 PM,ASH Lower Merion HS,COV1,,COV1,
543,5/11/13,2:00 PM,ASH Lower Merion HS,ASH,,ASH,
543,5/11/13,2:00 PM,ASH Lower Merion HS,ABG2,,ABG2,
39,5/11/13,10:00 AM,AVG Avon Grove HS 1,AVG,,AVG,
39,5/11/13,10:00 AM,AVG Avon Grove HS 1,LV,,LV,
627,5/11/13,12:00 PM,AVG Avon Grove HS 1,AVG2,,AVG2,
627,5/11/13,12:00 PM,AVG Avon Grove HS 1,BYC3,,BYC3,
285,5/11/13,10:00 AM,AVG Avon Grove HS 2,AVG,,AVG,
285,5/11/13,10:00 AM,AVG Avon Grove HS 2,PHX,,PHX,
608,5/11/13,12:00 PM,AVG Avon Grove HS 2,AVG1,,AVG1,
608,5/11/13,12:00 PM,AVG Avon Grove HS 2,WB2,,WB2,
256,5/11/13,2:00 PM,AVG Avon Grove HS 2,AVG1,,AVG1,
256,5/11/13,2:00 PM,AVG Avon Grove HS 2,AVG2,,AVG2,
640,5/11/13,10:00 AM,BYC Concord Municipal 2,BYC2,,BYC2,
640,5/11/13,10:00 AM,BYC Concord Municipal 2,PHX,,PHX,
179,5/11/13,12:00 PM,BYC Concord Municipal 2,BYC,,BYC,
179,5/11/13,12:00 PM,BYC Concord Municipal 2,AVG,,AVG,
340,5/11/13,2:00 PM,BYC Garnet Valley MS,BYC,,BYC,
340,5/11/13,2:00 PM,BYC Garnet Valley MS,WC3,,WC3,
53,5/11/13,4:00 PM,BYC Garnet Valley MS,BYC,,BYC,
53,5/11/13,4:00 PM,BYC Garnet Valley MS,ASH,,ASH,
369,5/11/13,2:00 PM,COV Batdorf Park,COV2,,COV2,
369,5/11/13,2:00 PM,COV Batdorf Park,ABG,,ABG,
72,5/11/13,4:00 PM,COV Batdorf Park,COV,,COV,
72,5/11/13,4:00 PM,COV Batdorf Park,ABG,,ABG,
639,5/11/13,12:00 PM,COV OJR HS,COV2,,COV2,
639,5/11/13,12:00 PM,COV OJR HS,GV2,,GV2,
279,5/11/13,2:00 PM,COV OJR HS,COV,,COV,
279,5/11/13,2:00 PM,COV OJR HS,WC1,,WC1,
14,5/11/13,4:00 PM,COV OJR HS,COV,,COV,
14,5/11/13,4:00 PM,COV OJR HS,GV,,GV,
199,5/11/13,10:00 AM,CVL Warrior Field,CVL,,CVL,
199,5/11/13,10:00 AM,CVL Warrior Field,WC,,WC,
482,5/11/13,12:00 PM,CVL Warrior Field,CVL3,,CVL3,
482,5/11/13,12:00 PM,CVL Warrior Field,CVL1,,CVL1,
497,5/11/13,2:00 PM,CVL Warrior Field,CVL2,,CVL2,
497,5/11/13,2:00 PM,CVL Warrior Field,ABG1,,ABG1,
131,5/11/13,4:00 PM,CVL Warrior Field,CVL,,CVL,
131,5/11/13,4:00 PM,CVL Warrior Field,WC1,,WC1,
327,5/11/13,12:15 PM,GV Great Valley MS,GV,,GV,
327,5/11/13,12:15 PM,GV Great Valley MS,WC2,,WC2,
618,5/11/13,12:00 PM,KEN Legacy Field C,KEN2,,KEN2,
618,5/11/13,12:00 PM,KEN Legacy Field C,BYC1,,BYC1,
557,5/11/13,12:00 PM,LV Eagleview 2,LV3,,LV3,
557,5/11/13,12:00 PM,LV Eagleview 2,LV2,,LV2,
264,5/11/13,10:00 AM,LV Pine Creek 2,LV,,LV,
264,5/11/13,10:00 AM,LV Pine Creek 2,CVL,,CVL,
645,5/11/13,10:00 AM,ST TE Middle Sch 1,ST,,ST,
645,5/11/13,10:00 AM,ST TE Middle Sch 1,UNV,,UNV,
227,5/11/13,12:00 PM,ST TE Middle Sch 2,ST,,ST,
227,5/11/13,12:00 PM,ST TE Middle Sch 2,BYC,,BYC,
154,5/11/13,2:00 PM,ST TE Middle Sch 2,ST,,ST,
154,5/11/13,2:00 PM,ST TE Middle Sch 2,LV,,LV,
101,5/11/13,12:00 PM,ST Wilson Park TEYSA,ST,,ST,
101,5/11/13,12:00 PM,ST Wilson Park TEYSA,WC,,WC,
178,5/11/13,2:00 PM,UNV Patton MS 17,UNV,,UNV,
178,5/11/13,2:00 PM,UNV Patton MS 17,KEN,,KEN,
418,5/11/13,4:00 PM,UNV Patton MS 17,UNV,,UNV,
418,5/11/13,4:00 PM,UNV Patton MS 17,WC3,,WC3,
123,5/11/13,2:00 PM,UNV Upland Country DS,UNV1,,UNV1,
123,5/11/13,2:00 PM,UNV Upland Country DS,AVG,,AVG,
306,5/11/13,4:00 PM,WB Downingtown MS,WB,,WB,
306,5/11/13,4:00 PM,WB Downingtown MS,ASH,,ASH,
462,5/11/13,10:00 AM,WB Embreeville,WB1,,WB1,
462,5/11/13,10:00 AM,WB Embreeville,PHX,,PHX,
441,5/11/13,12:00 PM,WB Embreeville,WB2,,WB2,
441,5/11/13,12:00 PM,WB Embreeville,AVG1,,AVG1,
595,5/11/13,2:00 PM,WB Embreeville,WB1,,WB1,
595,5/11/13,2:00 PM,WB Embreeville,WC2,,WC2,
429,5/11/13,10:00 AM,WC Kelly Field,WC4,,WC4,
429,5/11/13,10:00 AM,WC Kelly Field,AVG2,,AVG2,
397,5/11/13,12:00 PM,WC Kelly Field,WC1,,WC1,
397,5/11/13,12:00 PM,WC Kelly Field,ST1,,ST1,
410,5/11/13,2:00 PM,WC Kelly Field,WC2,,WC2,
410,5/11/13,2:00 PM,WC Kelly Field,BYC2,,BYC2,
51,5/11/13,4:00 PM,WC Kelly Field,WC,,WC,
51,5/11/13,4:00 PM,WC Kelly Field,ABG,,ABG,
393,5/13/13,6:30 PM,ASH Lower Merion HS,ASH,,ASH,
393,5/13/13,6:30 PM,ASH Lower Merion HS,LV2,,LV2,
457,5/13/13,6:30 PM,AVG Harmony Park,AVG1,,AVG1,
457,5/13/13,6:30 PM,AVG Harmony Park,KEN,,KEN,
281,5/13/13,7:00 PM,COV OJR HS,COV,,COV,
281,5/13/13,7:00 PM,COV OJR HS,WC3,,WC3,
263,5/13/13,6:30 PM,CVL Mt Kirk,CVL,,CVL,
263,5/13/13,6:30 PM,CVL Mt Kirk,ST,,ST,
244,5/13/13,6:30 PM,GV Great Valley MS,GV,,GV,
244,5/13/13,6:30 PM,GV Great Valley MS,WC,,WC,
231,5/13/13,6:30 PM,LV Pine Creek 1,LV1,,LV1,
231,5/13/13,6:30 PM,LV Pine Creek 1,LV2,,LV2,
385,5/13/13,6:30 PM,ST TE Middle Sch 2,ST2,,ST2,
385,5/13/13,6:30 PM,ST TE Middle Sch 2,ABG,,ABG,
84,5/14/13,6:30 PM,ABG Huntingdon Lower S,ABG,,ABG,
84,5/14/13,6:30 PM,ABG Huntingdon Lower S,LV,,LV,
95,5/14/13,6:30 PM,ASH Lower Merion HS,ASH,,ASH,
95,5/14/13,6:30 PM,ASH Lower Merion HS,UNV1,,UNV1,
120,5/14/13,6:30 PM,AVG Avon Grove HS 1,AVG,,AVG,
120,5/14/13,6:30 PM,AVG Avon Grove HS 1,WC,,WC,
440,5/14/13,6:30 PM,BYC Garnet Valley MS,BYC2,,BYC2,
440,5/14/13,6:30 PM,BYC Garnet Valley MS,WB2,,WB2,
362,5/14/13,7:00 PM,COV OJR HS,COV1,,COV1,
362,5/14/13,7:00 PM,COV OJR HS,ST1,,ST1,
351,5/14/13,6:30 PM,CVL Mt Kirk,CVL,,CVL,
351,5/14/13,6:30 PM,CVL Mt Kirk,PHX,,PHX,
230,5/14/13,6:30 PM,KEN Legacy Field B,KEN,,KEN,
230,5/14/13,6:30 PM,KEN Legacy Field B,ST,,ST,
402,5/14/13,6:30 PM,LV Lionville MS,LV1,,LV1,
402,5/14/13,6:30 PM,LV Lionville MS,WC1,,WC1,
64,5/14/13,6:30 PM,ST Wilson Park CYL,ST,,ST,
64,5/14/13,6:30 PM,ST Wilson Park CYL,CVL,,CVL,
408,5/14/13,6:30 PM,WC Kelly Field,WC2,,WC2,
408,5/14/13,6:30 PM,WC Kelly Field,UNV,,UNV,
500,5/15/13,6:30 PM,ABG Huntingdon Lower N,ABG2,,ABG2,
500,5/15/13,6:30 PM,ABG Huntingdon Lower N,CVL2,,CVL2,
536,5/15/13,6:30 PM,ABG Huntingdon Lower S,ABG1,,ABG1,
536,5/15/13,6:30 PM,ABG Huntingdon Lower S,ABG3,,ABG3,
146,5/15/13,6:30 PM,ASH Lower Merion HS,ASH,,ASH,
146,5/15/13,6:30 PM,ASH Lower Merion HS,ST,,ST,
170,5/15/13,6:30 PM,AVG Harmony Park,AVG,,AVG,
170,5/15/13,6:30 PM,AVG Harmony Park,WC1,,WC1,
626,5/15/13,6:30 PM,BYC Bethel Spr ES 12,BYC3,,BYC3,
626,5/15/13,6:30 PM,BYC Bethel Spr ES 12,KEN1,,KEN1,
518,5/15/13,7:00 PM,COV OJR HS,COV2,,COV2,
518,5/15/13,7:00 PM,COV OJR HS,COV1,,COV1,
572,5/15/13,6:30 PM,GV Great Valley MS,GV2,,GV2,
572,5/15/13,6:30 PM,GV Great Valley MS,WB1,,WB1,
646,5/15/13,6:30 PM,KEN Legacy Field B,KEN2,,KEN2,
646,5/15/13,6:30 PM,KEN Legacy Field B,LV1,,LV1,
648,5/15/13,6:30 PM,LV Eagleview 2,LV3,,LV3,
648,5/15/13,6:30 PM,LV Eagleview 2,AVG2,,AVG2,
490,5/15/13,6:30 PM,ST TE Middle Sch 2,ST,,ST,
490,5/15/13,6:30 PM,ST TE Middle Sch 2,CVL1,,CVL1,
605,5/15/13,6:30 PM,WB Embreeville,WB2,,WB2,
605,5/15/13,6:30 PM,WB Embreeville,BYC1,,BYC1,
583,5/15/13,6:30 PM,WC Kelly Field,WC2,,WC2,
583,5/15/13,6:30 PM,WC Kelly Field,WC1,,WC1,
52,5/16/13,6:30 PM,ABG Huntingdon Lower N,ABG,,ABG,
52,5/16/13,6:30 PM,ABG Huntingdon Lower N,GV,,GV,
298,5/16/13,6:30 PM,ABG Huntingdon Lower S,ABG,,ABG,
298,5/16/13,6:30 PM,ABG Huntingdon Lower S,ASH,,ASH,
60,5/16/13,6:30 PM,AVG Avon Grove HS 1,AVG,,AVG,
60,5/16/13,6:30 PM,AVG Avon Grove HS 1,BYC,,BYC,
284,5/16/13,6:30 PM,PHX PMYC,PHX,,PHX,
284,5/16/13,6:30 PM,PHX PMYC,KEN,,KEN,
323,5/16/13,6:30 PM,WB Downingtown MS,WB,,WB,
323,5/16/13,6:30 PM,WB Downingtown MS,LV,,LV,
331,5/16/13,6:30 PM,WC Kelly Field,WC1,,WC1,
331,5/16/13,6:30 PM,WC Kelly Field,AVG,,AVG,
336,5/16/13,8:00 PM,WC Kelly Field,WC2,,WC2,
336,5/16/13,8:00 PM,WC Kelly Field,BYC,,BYC,
220,5/17/13,6:30 PM,ASH Lower Merion HS,ASH,,ASH,
220,5/17/13,6:30 PM,ASH Lower Merion HS,AVG1,,AVG1,
529,5/18/13,2:00 PM,ABG Huntingdon Lower S,ABG3,,ABG3,
529,5/18/13,2:00 PM,ABG Huntingdon Lower S,PHX,,PHX,
2,5/18/13,4:00 PM,ABG Huntingdon Lower S,ABG,,ABG,
2,5/18/13,4:00 PM,ABG Huntingdon Lower S,CVL,,CVL,
537,5/18/13,12:00 PM,ASH Lower Merion HS,ASH,,ASH,
537,5/18/13,12:00 PM,ASH Lower Merion HS,ABG1,,ABG1,
391,5/18/13,2:00 PM,ASH Lower Merion HS,ASH,,ASH,
391,5/18/13,2:00 PM,ASH Lower Merion HS,ST2,,ST2,
17,5/18/13,10:00 AM,AVG Avon Grove HS 1,AVG,,AVG,
17,5/18/13,10:00 AM,AVG Avon Grove HS 1,COV,,COV,
221,5/18/13,2:00 PM,AVG Avon Grove HS 1,AVG2,,AVG2,
221,5/18/13,2:00 PM,AVG Avon Grove HS 1,ASH,,ASH,
428,5/18/13,10:00 AM,AVG Harmony Park,AVG1,,AVG1,
428,5/18/13,10:00 AM,AVG Harmony Park,WC4,,WC4,
468,5/18/13,12:00 PM,AVG Harmony Park,AVG2,,AVG2,
468,5/18/13,12:00 PM,AVG Harmony Park,LV2,,LV2,
200,5/18/13,2:00 PM,BYC Concord Municipal 1,BYC,,BYC,
200,5/18/13,2:00 PM,BYC Concord Municipal 1,CVL,,CVL,
187,5/18/13,12:00 PM,BYC Concord Municipal 2,BYC,,BYC,
187,5/18/13,12:00 PM,BYC Concord Municipal 2,ST,,ST,
449,5/18/13,10:00 AM,BYC Garnet Valley MS,BYC1,,BYC1,
449,5/18/13,10:00 AM,BYC Garnet Valley MS,BYC2,,BYC2,
346,5/18/13,12:00 PM,BYC Garnet Valley MS,BYC,,BYC,
346,5/18/13,12:00 PM,BYC Garnet Valley MS,AVG,,AVG,
41,5/18/13,2:00 PM,BYC Garnet Valley MS,BYC,,BYC,
41,5/18/13,2:00 PM,BYC Garnet Valley MS,GV,,GV,
80,5/18/13,4:00 PM,COV OJR HS,COV,,COV,
80,5/18/13,4:00 PM,COV OJR HS,BYC,,BYC,
483,5/18/13,10:00 AM,CVL Warrior Field,CVL1,,CVL1,
483,5/18/13,10:00 AM,CVL Warrior Field,COV1,,COV1,
507,5/18/13,12:00 PM,CVL Warrior Field,CVL3,,CVL3,
507,5/18/13,12:00 PM,CVL Warrior Field,COV2,,COV2,
568,5/18/13,12:15 PM,GV Great Valley MS,GV1,,GV1,
568,5/18/13,12:15 PM,GV Great Valley MS,AVG2,,AVG2,
302,5/18/13,2:00 PM,GV Great Valley MS,GV,,GV,
302,5/18/13,2:00 PM,GV Great Valley MS,ASH,,ASH,
85,5/18/13,4:00 PM,GV Great Valley MS,GV,,GV,
85,5/18/13,4:00 PM,GV Great Valley MS,ABG,,ABG,
631,5/18/13,12:00 PM,KEN Kennett HS,KEN2,,KEN2,
631,5/18/13,12:00 PM,KEN Kennett HS,AVG1,,AVG1,
153,5/18/13,10:00 AM,KEN Legacy Field C,KEN,,KEN,
153,5/18/13,10:00 AM,KEN Legacy Field C,ASH,,ASH,
593,5/18/13,12:00 PM,KEN Legacy Field C,KEN1,,KEN1,
593,5/18/13,12:00 PM,KEN Legacy Field C,WC2,,WC2,
243,5/18/13,2:00 PM,KEN Legacy Field C,KEN,,KEN,
243,5/18/13,2:00 PM,KEN Legacy Field C,LV2,,LV2,
539,5/18/13,12:00 PM,LV Eagleview 1,LV1,,LV1,
539,5/18/13,12:00 PM,LV Eagleview 1,ABG2,,ABG2,
161,5/18/13,10:00 AM,LV Eagleview 2,LV,,LV,
161,5/18/13,10:00 AM,LV Eagleview 2,WC1,,WC1,
356,5/18/13,2:00 PM,LV Hoeffecker,LV1,,LV1,
356,5/18/13,2:00 PM,LV Hoeffecker,CVL,,CVL,
233,5/18/13,4:00 PM,LV Hoeffecker,LV1,,LV1,
233,5/18/13,4:00 PM,LV Hoeffecker,WC,,WC,
286,5/18/13,2:00 PM,PHX PMYC,PHX,,PHX,
286,5/18/13,2:00 PM,PHX PMYC,ABG,,ABG,
378,5/18/13,4:00 PM,PHX PMYC,PHX,,PHX,
378,5/18/13,4:00 PM,PHX PMYC,ST1,,ST1,
553,5/18/13,2:00 PM,ST TE Middle Sch 2,ST,,ST,
553,5/18/13,2:00 PM,ST TE Middle Sch 2,LV2,,LV2,
99,5/18/13,10:00 AM,ST Wilson Park TEYSA,ST,,ST,
99,5/18/13,10:00 AM,ST Wilson Park TEYSA,LV,,LV,
31,5/18/13,12:00 PM,ST Wilson Park TEYSA,ST,,ST,
31,5/18/13,12:00 PM,ST Wilson Park TEYSA,LV,,LV,
604,5/18/13,12:00 PM,UNV Patton MS 17,UNV,,UNV,
604,5/18/13,12:00 PM,UNV Patton MS 17,WB2,,WB2,
142,5/18/13,2:00 PM,UNV Patton MS 17,UNV,,UNV,
142,5/18/13,2:00 PM,UNV Patton MS 17,ABG,,ABG,
68,5/18/13,4:00 PM,UNV Upland Country DS,UNV1,,UNV1,
68,5/18/13,4:00 PM,UNV Upland Country DS,CVL,,CVL,
596,5/18/13,2:00 PM,WB Embreeville,WB1,,WB1,
596,5/18/13,2:00 PM,WB Embreeville,BYC2,,BYC2,
436,5/18/13,4:00 PM,WB Embreeville,WB1,,WB1,
436,5/18/13,4:00 PM,WB Embreeville,KEN,,KEN,
94,5/18/13,12:00 PM,WC Kelly Field,WC,,WC,
94,5/18/13,12:00 PM,WC Kelly Field,ASH,,ASH,
266,5/18/13,2:00 PM,WC Kelly Field,WC1,,WC1,
266,5/18/13,2:00 PM,WC Kelly Field,CVL,,CVL,
415,5/18/13,4:00 PM,WC Kelly Field,WC3,,WC3,
415,5/18/13,4:00 PM,WC Kelly Field,WB2,,WB2,
545,5/19/13,12:00 PM,ABG Huntingdon Lower N,ABG3,,ABG3,
545,5/19/13,12:00 PM,ABG Huntingdon Lower N,LV1,,LV1,
11,5/19/13,2:00 PM,ASH Lower Merion HS,ASH,,ASH,
11,5/19/13,2:00 PM,ASH Lower Merion HS,COV,,COV,
134,5/19/13,2:00 PM,BYC Garnet Valley MS,BYC,,BYC,
134,5/19/13,2:00 PM,BYC Garnet Valley MS,CVL,,CVL,
360,5/19/13,2:00 PM,COV OJR HS,COV1,,COV1,
360,5/19/13,2:00 PM,COV OJR HS,ABG,,ABG,
203,5/19/13,2:00 PM,CVL Warrior Field,CVL,,CVL,
203,5/19/13,2:00 PM,CVL Warrior Field,KEN,,KEN,
644,5/19/13,2:00 PM,KEN Kennett MS,KEN1,,KEN1,
644,5/19/13,2:00 PM,KEN Kennett MS,ASH,,ASH,
426,5/20/13,6:30 PM,BYC Garnet Valley MS,BYC1,,BYC1,
426,5/20/13,6:30 PM,BYC Garnet Valley MS,WC4,,WC4,
359,5/20/13,7:00 PM,COV OJR HS,COV1,,COV1,
359,5/20/13,7:00 PM,COV OJR HS,COV2,,COV2,
261,5/20/13,6:30 PM,CVL Mt Kirk,CVL,,CVL,
261,5/20/13,6:30 PM,CVL Mt Kirk,ABG,,ABG,
232,5/20/13,6:30 PM,GV Great Valley MS,GV,,GV,
232,5/20/13,6:30 PM,GV Great Valley MS,LV1,,LV1,
288,5/20/13,6:30 PM,PHX PMYC,PHX,,PHX,
288,5/20/13,6:30 PM,PHX PMYC,ST,,ST,
431,5/20/13,6:30 PM,WB Embreeville,WB2,,WB2,
431,5/20/13,6:30 PM,WB Embreeville,WB1,,WB1,
339,5/20/13,6:30 PM,WC Kelly Field,WC3,,WC3,
339,5/20/13,6:30 PM,WC Kelly Field,WB,,WB,
376,5/21/13,7:00 PM,ABG Huntingdon Upper,ABG,,ABG,
376,5/21/13,7:00 PM,ABG Huntingdon Upper,PHX,,PHX,
97,5/21/13,6:30 PM,ASH Lower Merion HS,ASH,,ASH,
97,5/21/13,6:30 PM,ASH Lower Merion HS,BYC,,BYC,
478,5/21/13,6:30 PM,AVG Avon Grove HS 1,AVG1,,AVG1,
478,5/21/13,6:30 PM,AVG Avon Grove HS 1,WC1,,WC1,
420,5/21/13,6:30 PM,BYC Garnet Valley MS,BYC2,,BYC2,
420,5/21/13,6:30 PM,BYC Garnet Valley MS,WC3,,WC3,
355,5/21/13,6:30 PM,CVL Mt Kirk,CVL,,CVL,
355,5/21/13,6:30 PM,CVL Mt Kirk,ST2,,ST2,
100,5/21/13,6:30 PM,GV Great Valley MS,GV,,GV,
100,5/21/13,6:30 PM,GV Great Valley MS,ST,,ST,
447,5/21/13,6:30 PM,KEN Legacy Field B,KEN,,KEN,
447,5/21/13,6:30 PM,KEN Legacy Field B,UNV,,UNV,
390,5/21/13,6:30 PM,LV Lionville MS,LV1,,LV1,
390,5/21/13,6:30 PM,LV Lionville MS,ASH,,ASH,
229,5/21/13,6:30 PM,ST TE Middle Sch 1,ST,,ST,
229,5/21/13,6:30 PM,ST TE Middle Sch 1,AVG2,,AVG2,
396,5/21/13,6:30 PM,ST TE Middle Sch 2,ST1,,ST1,
396,5/21/13,6:30 PM,ST TE Middle Sch 2,LV2,,LV2,
239,5/21/13,6:30 PM,WC Kelly Field,WC,,WC,
239,5/21/13,6:30 PM,WC Kelly Field,LV2,,LV2,
107,5/21/13,8:00 PM,WC Kelly Field,WC,,WC,
107,5/21/13,8:00 PM,WC Kelly Field,LV,,LV,
412,5/21/13,6:30 PM,WC Rustin HS Stadium,WC2,,WC2,
412,5/21/13,6:30 PM,WC Rustin HS Stadium,AVG2,,AVG2,
128,5/22/13,6:30 PM,ASH Lower Merion HS,ASH,,ASH,
128,5/22/13,6:30 PM,ASH Lower Merion HS,CVL,,CVL,
192,5/22/13,6:30 PM,AVG Harmony Park,AVG,,AVG,
192,5/22/13,6:30 PM,AVG Harmony Park,BYC,,BYC,
621,5/22/13,6:30 PM,BYC Bethel Spr ES 12,BYC2,,BYC2,
621,5/22/13,6:30 PM,BYC Bethel Spr ES 12,AVG1,,AVG1,
510,5/22/13,6:30 PM,CVL Warrior Field,CVL3,,CVL3,
510,5/22/13,6:30 PM,CVL Warrior Field,ABG2,,ABG2,
569,5/22/13,6:30 PM,GV Great Valley MS,GV2,,GV2,
569,5/22/13,6:30 PM,GV Great Valley MS,KEN1,,KEN1,
554,5/22/13,6:30 PM,LV Eagleview 1,LV3,,LV3,
554,5/22/13,6:30 PM,LV Eagleview 1,ST,,ST,
516,5/22/13,6:30 PM,LV Eagleview 2,LV2,,LV2,
516,5/22/13,6:30 PM,LV Eagleview 2,COV1,,COV1,
530,5/22/13,6:30 PM,PHX PMYC,PHX,,PHX,
530,5/22/13,6:30 PM,PHX PMYC,ASH,,ASH,
160,5/22/13,6:30 PM,ST TE Middle Sch 2,ST,,ST,
160,5/22/13,6:30 PM,ST TE Middle Sch 2,KEN,,KEN,
597,5/22/13,6:30 PM,WB Embreeville,WB2,,WB2,
597,5/22/13,6:30 PM,WB Embreeville,WB1,,WB1,
580,5/22/13,6:30 PM,WC Kelly Field,WC1,,WC1,
580,5/22/13,6:30 PM,WC Kelly Field,KEN2,,KEN2,
162,5/22/13,8:00 PM,WC Kelly Field,WC2,,WC2,
162,5/22/13,8:00 PM,WC Kelly Field,LV,,LV,
18,5/23/13,6:30 PM,ABG Huntingdon Lower N,ABG,,ABG,
18,5/23/13,6:30 PM,ABG Huntingdon Lower N,ASH,,ASH,
324,5/23/13,6:30 PM,AVG Avon Grove HS 1,AVG,,AVG,
324,5/23/13,6:30 PM,AVG Avon Grove HS 1,GV,,GV,
7,5/23/13,6:30 PM,CVL Black Rock 6,CVL,,CVL,
7,5/23/13,6:30 PM,CVL Black Rock 6,WC,,WC,
36,5/23/13,6:30 PM,LV Hoeffecker,LV,,LV,
36,5/23/13,6:30 PM,LV Hoeffecker,GV,,GV,
318,5/23/13,6:30 PM,LV Pine Creek 1,LV,,LV,
318,5/23/13,6:30 PM,LV Pine Creek 1,WC1,,WC1,
280,5/23/13,6:30 PM,WC Kelly Field,WC2,,WC2,
280,5/23/13,6:30 PM,WC Kelly Field,COV,,COV,
Make-up 1,5/24/13,6:30PM, ,NEEDED,,NEEDED,
Make-up 1,5/24/13,6:30PM, ,IF,,IF,
Blackout,5/25/13,,,WEEKEND,,WEEKEND,
Blackout,5/25/13,,,DAY,,MEM DAY,
Blackout,5/26/13,,,WEEKEND,,WEEKEND,
Blackout,5/26/13,,,DAY,,MEM DAY,
Blackout,5/27/13,,,WEEKEND,,WEEKEND,
Blackout,5/27/13,,,DAY,,MEM DAY,
Make-up 2,5/28/13,6:30PM, ,NEEDED,,NEEDED,
Make-up 2,5/28/13,6:30PM, ,IF,,IF,
Playoff 1,5/29/13,6:30 PM,TBA: Playoff Round 1,TBA,,TBA,
Playoff 1,5/29/13,6:30 PM,TBA: Playoff Round 1,TBA,,TBA,
Playoff 1,5/29/13,6:30 PM,TBA: Playoff Round 1,TBA,,TBA,
Playoff 1,5/29/13,6:30 PM,TBA: Playoff Round 1,TBA,,TBA,
Playoff 1,5/30/13,6:30 PM,TBA: Playoff Round 1,TBA,,TBA,
Playoff 1,5/30/13,6:30 PM,TBA: Playoff Round 1,TBA,,TBA,
Playoff 1,5/30/13,6:30 PM,TBA: Playoff Round 1,TBA,,TBA,
Playoff 1,5/30/13,6:30 PM,TBA: Playoff Round 1,TBA,,TBA,
Playoff 2,6/1/13,6:30 PM,TBA: Playoff Round 2,TBA,,TBA,
Playoff 2,6/1/13,6:30 PM,TBA: Playoff Round 2,TBA,,TBA,
Playoff 2,6/1/13,6:30 PM,TBA: Playoff Round 2,TBA,,TBA,
Playoff 2,6/1/13,6:30 PM,TBA: Playoff Round 2,TBA,,TBA,
Playoff 2,6/2/13,6:30 PM,TBA: Playoff Round 2,TBA,,TBA,
Playoff 2,6/2/13,6:30 PM,TBA: Playoff Round 2,TBA,,TBA,
Playoff 2,6/2/13,6:30 PM,TBA: Playoff Round 2,TBA,,TBA,
Playoff 2,6/2/13,6:30 PM,TBA: Playoff Round 2,TBA,,TBA,
Champ,6/4/13,6:30 PM,USTC: Championship,TBA,,TBA,
Champ,6/4/13,6:30 PM,USTC: Championship,TBA,,TBA,
Champ,6/4/13,8:00 PM,USTC: Championship,TBA,,TBA,
Champ,6/4/13,8:00 PM,USTC: Championship,TBA,,TBA,
Champ,6/5/13,6:30 PM,USTC: Championship,TBA,,TBA,
Champ,6/5/13,6:30 PM,USTC: Championship,TBA,,TBA,
Champ,6/5/13,8:00 PM,USTC: Championship,TBA,,TBA,
Champ,6/5/13,8:00 PM,USTC: Championship,TBA,,TBA,
