game,date,time,field,bracket,ROUND,team,SCORE
292,4/9/12,6:30 PM,ASH Lower Merion HS,ASH,,ASH,
292,4/9/12,6:30 PM,ASH Lower Merion HS,WC2,,WC2,
250,4/9/12,6:30 PM,AVG Avon Grove HS,AVG,,AVG,
250,4/9/12,6:30 PM,AVG Avon Grove HS,WC,,WC,
249,4/9/12,6:30 PM,BYC Bethel Spr ES 12,BYC,,BYC,
249,4/9/12,6:30 PM,BYC Bethel Spr ES 12,KEN,,KEN,
294,4/9/12,6:30 PM,BYC Garnet Valley MS,BYC,,BYC,
294,4/9/12,6:30 PM,BYC Garnet Valley MS,ST,,ST,
355,4/9/12,6:30 PM,GV Great Valley MS,GV,,GV,
355,4/9/12,6:30 PM,GV Great Valley MS,PHX,,PHX,
380,4/9/12,6:30 PM,KEN Kennett MS,KEN,,KEN,
380,4/9/12,6:30 PM,KEN Kennett MS,WC2,,WC2,
334,4/9/12,6:30 PM,KEN Legacy Field A,KEN,,KEN,
334,4/9/12,6:30 PM,KEN Legacy Field A,AVG,,AVG,
421,4/9/12,6:30 PM,ST TE Middle Sch 2,ST2,,ST2,
421,4/9/12,6:30 PM,ST TE Middle Sch 2,BYC1,,BYC1,
260,4/9/12,6:30 PM,UNV Patton MS 17,UNV,,UNV,
260,4/9/12,6:30 PM,UNV Patton MS 17,CVL,,CVL,
374,4/9/12,6:30 PM,WB Embreeville,WB,,WB,
374,4/9/12,6:30 PM,WB Embreeville,WC1,,WC1,
387,4/9/12,6:30 PM,WC Kelly Field,WC3,,WC3,
387,4/9/12,6:30 PM,WC Kelly Field,AVG1,,AVG1,
394,4/9/12,8:00 PM,WC Kelly Field,WC4,,WC4,
394,4/9/12,8:00 PM,WC Kelly Field,BYC2,,BYC2,
90,4/10/12,6:30 PM,ABG Huntingdon Upper,ABG,,ABG,
90,4/10/12,6:30 PM,ABG Huntingdon Upper,AVG,,AVG,
106,4/10/12,6:30 PM,ASH Lower Merion HS,ASH,,ASH,
106,4/10/12,6:30 PM,ASH Lower Merion HS,LV1,,LV1,
409,4/10/12,6:30 PM,AVG Harmony Park,AVG1,,AVG1,
409,4/10/12,6:30 PM,AVG Harmony Park,BYC2,,BYC2,
219,4/10/12,6:30 PM,BYC Bethel Spr ES 12,BYC,,BYC,
219,4/10/12,6:30 PM,BYC Bethel Spr ES 12,ASH,,ASH,
138,4/10/12,6:30 PM,BYC Garnet Valley MS,BYC,,BYC,
138,4/10/12,6:30 PM,BYC Garnet Valley MS,GV,,GV,
67,4/10/12,6:30 PM,CVL Mt Kirk,CVL,,CVL,
67,4/10/12,6:30 PM,CVL Mt Kirk,COV,,COV,
205,4/10/12,6:30 PM,CVL Warrior Field,CVL,,CVL,
205,4/10/12,6:30 PM,CVL Warrior Field,UNV,,UNV,
342,4/10/12,6:30 PM,GV Great Valley MS,GV,,GV,
342,4/10/12,6:30 PM,GV Great Valley MS,CVL,,CVL,
244,4/10/12,6:30 PM,KEN Legacy Field A,KEN,,KEN,
244,4/10/12,6:30 PM,KEN Legacy Field A,LV,,LV,
135,4/10/12,6:30 PM,LV Hoeffecker,LV2,,LV2,
135,4/10/12,6:30 PM,LV Hoeffecker,KEN,,KEN,
417,4/10/12,6:30 PM,PHX PMYC,PHX,,PHX,
417,4/10/12,6:30 PM,PHX PMYC,WC3,,WC3,
357,4/10/12,6:30 PM,ST TE Middle Sch 1,ST1,,ST1,
357,4/10/12,6:30 PM,ST TE Middle Sch 1,ABG,,ABG,
117,4/10/12,6:30 PM,ST Wilson Park CYL,ST2,,ST2,
117,4/10/12,6:30 PM,ST Wilson Park CYL,WC,,WC,
109,4/10/12,6:30 PM,ST Wilson Park TEYSA,ST1,,ST1,
109,4/10/12,6:30 PM,ST Wilson Park TEYSA,UNV,,UNV,
449,4/10/12,6:30 PM,UNV Patton MS 17,UNV,,UNV,
449,4/10/12,6:30 PM,UNV Patton MS 17,ASH,,ASH,
400,4/10/12,6:30 PM,WB Embreeville,WB,,WB,
400,4/10/12,6:30 PM,WB Embreeville,BYC1,,BYC1,
436,4/10/12,6:30 PM,WC Henderson HS,WC1,,WC1,
436,4/10/12,6:30 PM,WC Henderson HS,COV,,COV,
396,4/10/12,6:30 PM,WC Rustin HS,WC4,,WC4,
396,4/10/12,6:30 PM,WC Rustin HS,AVG2,,AVG2,
581,4/11/12,6:30 PM,ASH Lower Merion HS,ASH,,ASH,
581,4/11/12,6:30 PM,ASH Lower Merion HS,BYC3,,BYC3,
582,4/11/12,6:30 PM,AVG Avon Grove HS,AVG1,,AVG1,
582,4/11/12,6:30 PM,AVG Avon Grove HS,ST,,ST,
556,4/11/12,6:30 PM,BYC Bethel Spr ES 12,BYC2,,BYC2,
556,4/11/12,6:30 PM,BYC Bethel Spr ES 12,AVG2,,AVG2,
490,4/11/12,6:30 PM,COV OJR HS,COV2,,COV2,
490,4/11/12,6:30 PM,COV OJR HS,LV2,,LV2,
153,4/11/12,6:30 PM,CVL Warrior Field,CVL,,CVL,
153,4/11/12,6:30 PM,CVL Warrior Field,ST,,ST,
474,4/11/12,6:30 PM,GV Great Valley MS,GV,,GV,
474,4/11/12,6:30 PM,GV Great Valley MS,CVL3,,CVL3,
534,4/11/12,6:30 PM,KEN Legacy Field B,KEN2,,KEN2,
534,4/11/12,6:30 PM,KEN Legacy Field B,UNV1,,UNV1,
464,4/11/12,6:30 PM,LV Eagleview 2,LV3,,LV3,
464,4/11/12,6:30 PM,LV Eagleview 2,CVL1,,CVL1,
496,4/11/12,6:30 PM,PHX PMYC,PHX,,PHX,
496,4/11/12,6:30 PM,PHX PMYC,LV1,,LV1,
578,4/11/12,6:30 PM,UNV Patton MS 17,UNV2,,UNV2,
578,4/11/12,6:30 PM,UNV Patton MS 17,COV1,,COV1,
169,4/11/12,6:30 PM,WB Embreeville,WB,,WB,
169,4/11/12,6:30 PM,WB Embreeville,ASH,,ASH,
515,4/11/12,6:30 PM,WC Kelly Field,WC,,WC,
515,4/11/12,6:30 PM,WC Kelly Field,WB,,WB,
314,4/11/12,8:00 PM,WC Kelly Field,WC2,,WC2,
314,4/11/12,8:00 PM,WC Kelly Field,WC1,,WC1,
59,4/12/12,6:30 PM,ABG Huntingdon Upper,ABG,,ABG,
59,4/12/12,6:30 PM,ABG Huntingdon Upper,GV,,GV,
51,4/12/12,6:30 PM,BYC Garnet Valley MS,BYC,,BYC,
51,4/12/12,6:30 PM,BYC Garnet Valley MS,WC,,WC,
56,4/12/12,6:30 PM,COV Batdorf Park,COV,,COV,
56,4/12/12,6:30 PM,COV Batdorf Park,CVL,,CVL,
263,4/12/12,7:00 PM,COV OJR HS,COV,,COV,
263,4/12/12,7:00 PM,COV OJR HS,KEN,,KEN,
298,4/12/12,6:30 PM,LV Pine Creek,LV2,,LV2,
298,4/12/12,6:30 PM,LV Pine Creek,ST,,ST,
274,4/12/12,6:30 PM,PHX PMYC,PHX,,PHX,
274,4/12/12,6:30 PM,PHX PMYC,AVG,,AVG,
302,4/12/12,6:30 PM,UNV Upland Country DS,UNV,,UNV,
302,4/12/12,6:30 PM,UNV Upland Country DS,LV1,,LV1,
38,4/12/12,6:30 PM,WB Downingtown MS,WB,,WB,
38,4/12/12,6:30 PM,WB Downingtown MS,ST,,ST,
291,4/12/12,6:30 PM,WB Embreeville,WB,,WB,
291,4/12/12,6:30 PM,WB Embreeville,ASH,,ASH,
531,4/13/12,6:30 PM,AVG Harmony Park,AVG1,,AVG1,
531,4/13/12,6:30 PM,AVG Harmony Park,WB,,WB,
550,4/13/12,6:30 PM,BYC Bethel Spr ES 12,BYC1,,BYC1,
550,4/13/12,6:30 PM,BYC Bethel Spr ES 12,AVG3,,AVG3,
455,4/13/12,6:30 PM,CVL Warrior Field,CVL1,,CVL1,
455,4/13/12,6:30 PM,CVL Warrior Field,CVL2,,CVL2,
154,4/13/12,6:30 PM,LV Eagleview 1,LV,,LV,
154,4/13/12,6:30 PM,LV Eagleview 1,CVL,,CVL,
504,4/13/12,6:30 PM,LV Eagleview 2,LV3,,LV3,
504,4/13/12,6:30 PM,LV Eagleview 2,ASH,,ASH,
123,4/13/12,6:30 PM,ST Wilson Park CYL,ST2,,ST2,
123,4/13/12,6:30 PM,ST Wilson Park CYL,LV1,,LV1,
546,4/13/12,6:30 PM,UNV Patton MS 17,UNV2,,UNV2,
546,4/13/12,6:30 PM,UNV Patton MS 17,BYC3,,BYC3,
350,4/14/12,10:00 AM,ABG Huntingdon Upper,ABG,,ABG,
350,4/14/12,10:00 AM,ABG Huntingdon Upper,PHX,,PHX,
101,4/14/12,10:00 AM,AVG Avon Grove HS,AVG,,AVG,
101,4/14/12,10:00 AM,AVG Avon Grove HS,ASH,,ASH,
433,4/14/12,12:00 PM,AVG Avon Grove HS,AVG2,,AVG2,
433,4/14/12,12:00 PM,AVG Avon Grove HS,GV,,GV,
555,4/14/12,2:00 PM,AVG Avon Grove HS,AVG1,,AVG1,
555,4/14/12,2:00 PM,AVG Avon Grove HS,BYC2,,BYC2,
214,4/14/12,10:00 AM,AVG Harmony Park,AVG,,AVG,
214,4/14/12,10:00 AM,AVG Harmony Park,ABG,,ABG,
194,4/14/12,12:00 PM,AVG Harmony Park,AVG,,AVG,
194,4/14/12,12:00 PM,AVG Harmony Park,ST,,ST,
285,4/14/12,2:00 PM,AVG Harmony Park,AVG,,AVG,
285,4/14/12,2:00 PM,AVG Harmony Park,ASH,,ASH,
164,4/14/12,2:00 PM,BYC Bethel Spr ES 12,BYC,,BYC,
164,4/14/12,2:00 PM,BYC Bethel Spr ES 12,ABG,,ABG,
251,4/14/12,10:00 AM,CVL Mt Kirk,CVL,,CVL,
251,4/14/12,10:00 AM,CVL Mt Kirk,COV,,COV,
335,4/14/12,12:00 PM,CVL Mt Kirk,CVL,,CVL,
335,4/14/12,12:00 PM,CVL Mt Kirk,COV,,COV,
465,4/14/12,10:00 AM,CVL Warrior Field,CVL2,,CVL2,
465,4/14/12,10:00 AM,CVL Warrior Field,GV,,GV,
203,4/14/12,12:00 PM,CVL Warrior Field,CVL,,CVL,
203,4/14/12,12:00 PM,CVL Warrior Field,LV,,LV,
456,4/14/12,2:00 PM,CVL Warrior Field,CVL3,,CVL3,
456,4/14/12,2:00 PM,CVL Warrior Field,CVL1,,CVL1,
155,4/14/12,4:00 PM,CVL Warrior Field,CVL,,CVL,
155,4/14/12,4:00 PM,CVL Warrior Field,WC,,WC,
413,4/14/12,12:00 PM,KEN Legacy Field C,KEN,,KEN,
413,4/14/12,12:00 PM,KEN Legacy Field C,AVG1,,AVG1,
564,4/14/12,2:00 PM,KEN Legacy Field C,KEN1,,KEN1,
564,4/14/12,2:00 PM,KEN Legacy Field C,BYC3,,BYC3,
235,4/14/12,4:00 PM,KEN Legacy Field C,KEN,,KEN,
235,4/14/12,4:00 PM,KEN Legacy Field C,BYC,,BYC,
502,4/14/12,12:00 PM,LV Eagleview 1,LV1,,LV1,
502,4/14/12,12:00 PM,LV Eagleview 1,ASH,,ASH,
167,4/14/12,12:00 PM,LV Eagleview 2,LV,,LV,
167,4/14/12,12:00 PM,LV Eagleview 2,ASH,,ASH,
483,4/14/12,2:00 PM,LV Eagleview 2,LV3,,LV3,
483,4/14/12,2:00 PM,LV Eagleview 2,COV1,,COV1,
429,4/14/12,12:00 PM,LV Hoeffecker,LV,,LV,
429,4/14/12,12:00 PM,LV Hoeffecker,UNV,,UNV,
308,4/14/12,2:00 PM,LV Hoeffecker,LV2,,LV2,
308,4/14/12,2:00 PM,LV Hoeffecker,WC2,,WC2,
301,4/14/12,4:00 PM,LV Hoeffecker,LV1,,LV1,
301,4/14/12,4:00 PM,LV Hoeffecker,WB,,WB,
489,4/14/12,10:00 AM,ST TE Middle Sch 1,ST,,ST,
489,4/14/12,10:00 AM,ST TE Middle Sch 1,COV2,,COV2,
450,4/14/12,12:00 PM,ST TE Middle Sch 1,ST2,,ST2,
450,4/14/12,12:00 PM,ST TE Middle Sch 1,BYC2,,BYC2,
293,4/14/12,2:00 PM,ST Wilson Park TEYSA,ST,,ST,
293,4/14/12,2:00 PM,ST Wilson Park TEYSA,UNV,,UNV,
548,4/14/12,12:00 PM,UNV Patton MS 17,UNV2,,UNV2,
548,4/14/12,12:00 PM,UNV Patton MS 17,AVG2,,AVG2,
76,4/14/12,2:00 PM,UNV Patton MS 17,UNV,,UNV,
76,4/14/12,2:00 PM,UNV Patton MS 17,CVL,,CVL,
516,4/14/12,4:00 PM,UNV Patton MS 17,UNV1,,UNV1,
516,4/14/12,4:00 PM,UNV Patton MS 17,WC,,WC,
61,4/14/12,10:00 AM,WB Downingtown MS,WB,,WB,
61,4/14/12,10:00 AM,WB Downingtown MS,ASH,,ASH,
525,4/14/12,12:00 PM,WB Embreeville,WB,,WB,
525,4/14/12,12:00 PM,WB Embreeville,KEN2,,KEN2,
384,4/14/12,10:00 AM,WC Kelly Field,WC2,,WC2,
384,4/14/12,10:00 AM,WC Kelly Field,BYC1,,BYC1,
227,4/14/12,12:00 PM,WC Kelly Field,WC,,WC,
227,4/14/12,12:00 PM,WC Kelly Field,UNV,,UNV,
391,4/14/12,2:00 PM,WC Kelly Field,WC3,,WC3,
391,4/14/12,2:00 PM,WC Kelly Field,WB,,WB,
319,4/14/12,4:00 PM,WC Kelly Field,WC1,,WC1,
319,4/14/12,4:00 PM,WC Kelly Field,KEN,,KEN,
159,4/15/12,12:00 PM,ABG Huntingdon Upper,ABG,,ABG,
159,4/15/12,12:00 PM,ABG Huntingdon Upper,ASH,,ASH,
110,4/15/12,4:00 PM,BYC Garnet Valley MS,BYC,,BYC,
110,4/15/12,4:00 PM,BYC Garnet Valley MS,ST1,,ST1,
11,4/15/12,2:00 PM,COV OJR HS,COV,,COV,
11,4/15/12,2:00 PM,COV OJR HS,ABG,,ABG,
221,4/15/12,1:00 PM,KEN Kennett MS,KEN,,KEN,
221,4/15/12,1:00 PM,KEN Kennett MS,ASH,,ASH,
95,4/15/12,2:00 PM,LV Hoeffecker,LV1,,LV1,
95,4/15/12,2:00 PM,LV Hoeffecker,ABG,,ABG,
41,4/15/12,4:00 PM,LV Hoeffecker,LV,,LV,
41,4/15/12,4:00 PM,LV Hoeffecker,GV,,GV,
449,4/15/12,12:00 PM,UNV Upland Country DS,UNV,,UNV,
449,4/15/12,12:00 PM,UNV Upland Country DS,,,ASH ,
418,4/15/12,3:00 PM,WC Kelly Field,WC4,,WC4,
418,4/15/12,3:00 PM,WC Kelly Field,ABG,,ABG,
62,4/15/12,4:30 PM,WC Kelly Field,WC,,WC,
62,4/15/12,4:30 PM,WC Kelly Field,ST,,ST,
213,4/16/12,6:30 PM,ABG Huntingdon Upper,ABG,,ABG,
213,4/16/12,6:30 PM,ABG Huntingdon Upper,BYC,,BYC,
378,4/16/12,6:30 PM,AVG Avon Grove HS,AVG1,,AVG1,
378,4/16/12,6:30 PM,AVG Avon Grove HS,WC1,,WC1,
386,4/16/12,6:30 PM,BYC Garnet Valley MS,BYC2,,BYC2,
386,4/16/12,6:30 PM,BYC Garnet Valley MS,WC3,,WC3,
265,4/16/12,6:30 PM,COV Batdorf Park,COV,,COV,
265,4/16/12,6:30 PM,COV Batdorf Park,PHX,,PHX,
253,4/16/12,6:30 PM,CVL Black Rock 6,CVL,,CVL,
253,4/16/12,6:30 PM,CVL Black Rock 6,ASH,,ASH,
341,4/16/12,6:30 PM,CVL Mt Kirk,CVL,,CVL,
341,4/16/12,6:30 PM,CVL Mt Kirk,LV,,LV,
238,4/16/12,6:30 PM,CVL Warrior Field,CVL,,CVL,
238,4/16/12,6:30 PM,CVL Warrior Field,ASH,,ASH,
443,4/16/12,6:30 PM,GV Great Valley MS,GV,,GV,
443,4/16/12,6:30 PM,GV Great Valley MS,BYC1,,BYC1,
248,4/16/12,6:30 PM,KEN Kennett MS,KEN,,KEN,
248,4/16/12,6:30 PM,KEN Kennett MS,UNV,,UNV,
324,4/16/12,6:30 PM,KEN Legacy Field A,KEN,,KEN,
324,4/16/12,6:30 PM,KEN Legacy Field A,WC2,,WC2,
310,4/16/12,6:30 PM,LV Pine Creek,LV2,,LV2,
310,4/16/12,6:30 PM,LV Pine Creek,UNV,,UNV,
420,4/16/12,6:30 PM,UNV Patton MS 17,UNV,,UNV,
420,4/16/12,6:30 PM,UNV Patton MS 17,ST1,,ST1,
428,4/16/12,6:30 PM,WB Embreeville,WB,,WB,
428,4/16/12,6:30 PM,WB Embreeville,ST2,,ST2,
445,4/16/12,6:30 PM,WC Kelly Field,WC2,,WC2,
445,4/16/12,6:30 PM,WC Kelly Field,PHX,,PHX,
306,4/16/12,8:00 PM,WC Kelly Field,WC1,,WC1,
306,4/16/12,8:00 PM,WC Kelly Field,LV1,,LV1,
229,4/16/12,6:30 PM,WC Rustin HS,WC,,WC,
229,4/16/12,6:30 PM,WC Rustin HS,AVG,,AVG,
358,4/17/12,6:30 PM,ABG Huntingdon Upper,ABG,,ABG,
358,4/17/12,6:30 PM,ABG Huntingdon Upper,ST2,,ST2,
432,4/17/12,6:30 PM,AVG Harmony Park,AVG1,,AVG1,
432,4/17/12,6:30 PM,AVG Harmony Park,CVL,,CVL,
430,4/17/12,6:30 PM,BYC Garnet Valley MS,BYC1,,BYC1,
430,4/17/12,6:30 PM,BYC Garnet Valley MS,ASH,,ASH,
79,4/17/12,7:00 PM,COV OJR HS,COV,,COV,
79,4/17/12,7:00 PM,COV OJR HS,KEN,,KEN,
75,4/17/12,6:30 PM,CVL Black Rock 6,CVL,,CVL,
75,4/17/12,6:30 PM,CVL Black Rock 6,WC,,WC,
130,4/17/12,6:30 PM,GV Great Valley MS,GV,,GV,
130,4/17/12,6:30 PM,GV Great Valley MS,LV2,,LV2,
126,4/17/12,6:30 PM,LV Hoeffecker,LV1,,LV1,
126,4/17/12,6:30 PM,LV Hoeffecker,UNV,,UNV,
245,4/17/12,6:30 PM,LV Pine Creek,LV,,LV,
245,4/17/12,6:30 PM,LV Pine Creek,AVG,,AVG,
437,4/17/12,6:30 PM,PHX PMYC,PHX,,PHX,
437,4/17/12,6:30 PM,PHX PMYC,KEN,,KEN,
431,4/17/12,6:30 PM,ST TE Middle Sch 2,ST1,,ST1,
431,4/17/12,6:30 PM,ST TE Middle Sch 2,BYC2,,BYC2,
119,4/17/12,6:30 PM,ST Wilson Park CYL,ST2,,ST2,
119,4/17/12,6:30 PM,ST Wilson Park CYL,BYC,,BYC,
111,4/17/12,6:30 PM,ST Wilson Park TEYSA,ST1,,ST1,
111,4/17/12,6:30 PM,ST Wilson Park TEYSA,AVG,,AVG,
392,4/17/12,6:30 PM,UNV Upland Country DS,UNV,,UNV,
392,4/17/12,6:30 PM,UNV Upland Country DS,WC4,,WC4,
442,4/17/12,6:30 PM,WB Embreeville,WB,,WB,
442,4/17/12,6:30 PM,WB Embreeville,LV,,LV,
204,4/17/12,6:30 PM,WC Henderson HS,WC,,WC,
204,4/17/12,6:30 PM,WC Henderson HS,CVL,,CVL,
379,4/17/12,6:30 PM,WC Rustin HS,WC2,,WC2,
379,4/17/12,6:30 PM,WC Rustin HS,AVG2,,AVG2,
187,4/18/12,6:30 PM,ABG Huntingdon Upper,ABG,,ABG,
187,4/18/12,6:30 PM,ABG Huntingdon Upper,CVL,,CVL,
198,4/18/12,6:30 PM,AVG Avon Grove HS,AVG,,AVG,
198,4/18/12,6:30 PM,AVG Avon Grove HS,WC,,WC,
557,4/18/12,6:30 PM,AVG Harmony Park,AVG3,,AVG3,
557,4/18/12,6:30 PM,AVG Harmony Park,BYC2,,BYC2,
560,4/18/12,6:30 PM,BYC Bethel Spr ES 12,BYC3,,BYC3,
560,4/18/12,6:30 PM,BYC Bethel Spr ES 12,AVG1,,AVG1,
488,4/18/12,6:30 PM,COV OJR HS,COV1,,COV1,
488,4/18/12,6:30 PM,COV OJR HS,LV1,,LV1,
466,4/18/12,6:30 PM,CVL Warrior Field,CVL2,,CVL2,
466,4/18/12,6:30 PM,CVL Warrior Field,CVL3,,CVL3,
491,4/18/12,6:30 PM,GV Great Valley MS,GV,,GV,
491,4/18/12,6:30 PM,GV Great Valley MS,COV2,,COV2,
543,4/18/12,6:30 PM,KEN Legacy Field B,KEN1,,KEN1,
543,4/18/12,6:30 PM,KEN Legacy Field B,UNV2,,UNV2,
179,4/18/12,6:30 PM,LV Eagleview 1,LV,,LV,
179,4/18/12,6:30 PM,LV Eagleview 1,BYC,,BYC,
174,4/18/12,6:30 PM,ST TE Middle Sch 2,ST,,ST,
174,4/18/12,6:30 PM,ST TE Middle Sch 2,WB,,WB,
532,4/18/12,6:30 PM,WB Embreeville,WB,,WB,
532,4/18/12,6:30 PM,WB Embreeville,AVG2,,AVG2,
2,4/19/12,6:30 PM,ABG Huntingdon Upper,ABG,,ABG,
2,4/19/12,6:30 PM,ABG Huntingdon Upper,CVL,,CVL,
60,4/19/12,6:30 PM,ASH Haverford Upper,ASH,,ASH,
60,4/19/12,6:30 PM,ASH Haverford Upper,LV,,LV,
65,4/19/12,6:30 PM,AVG Harmony Park,AVG,,AVG,
65,4/19/12,6:30 PM,AVG Harmony Park,WC,,WC,
18,4/19/12,6:30 PM,BYC Garnet Valley MS,BYC,,BYC,
18,4/19/12,6:30 PM,BYC Garnet Valley MS,COV,,COV,
273,4/19/12,6:30 PM,COV Batdorf Park,COV,,COV,
273,4/19/12,6:30 PM,COV Batdorf Park,UNV,,UNV,
303,4/19/12,6:30 PM,LV Pine Creek,LV1,,LV1,
303,4/19/12,6:30 PM,LV Pine Creek,BYC,,BYC,
295,4/19/12,6:30 PM,ST Wilson Park CYL,ST,,ST,
295,4/19/12,6:30 PM,ST Wilson Park CYL,AVG,,AVG,
47,4/19/12,6:30 PM,WB Downingtown MS,WB,,WB,
47,4/19/12,6:30 PM,WB Downingtown MS,GV,,GV,
315,4/19/12,6:30 PM,WC Kelly Field,WC1,,WC1,
315,4/19/12,6:30 PM,WC Kelly Field,WB,,WB,
500,4/20/12,6:30 PM,ASH Lower Merion HS,ASH,,ASH,
500,4/20/12,6:30 PM,ASH Lower Merion HS,ST,,ST,
158,4/20/12,6:30 PM,AVG Harmony Park,AVG,,AVG,
158,4/20/12,6:30 PM,AVG Harmony Park,CVL,,CVL,
193,4/20/12,6:30 PM,BYC Bethel Spr ES 12,BYC,,BYC,
193,4/20/12,6:30 PM,BYC Bethel Spr ES 12,ASH,,ASH,
457,4/20/12,6:30 PM,CVL Warrior Field,CVL1,,CVL1,
457,4/20/12,6:30 PM,CVL Warrior Field,COV1,,COV1,
497,4/20/12,6:30 PM,LV Eagleview 1,LV2,,LV2,
497,4/20/12,6:30 PM,LV Eagleview 1,PHX,,PHX,
511,4/20/12,6:30 PM,LV Eagleview 2,LV1,,LV1,
511,4/20/12,6:30 PM,LV Eagleview 2,LV3,,LV3,
526,4/20/12,6:30 PM,WB Embreeville,WB,,WB,
526,4/20/12,6:30 PM,WB Embreeville,UNV1,,UNV1,
444,4/21/12,12:00 PM,ABG Huntingdon Upper,ABG,,ABG,
444,4/21/12,12:00 PM,ABG Huntingdon Upper,WC1,,WC1,
68,4/21/12,2:00 PM,ABG Huntingdon Upper,ABG,,ABG,
68,4/21/12,2:00 PM,ABG Huntingdon Upper,CVL,,CVL,
24,4/21/12,4:00 PM,ABG Huntingdon Upper,ABG,,ABG,
24,4/21/12,4:00 PM,ABG Huntingdon Upper,WC,,WC,
362,4/21/12,12:00 PM,ASH Lower Merion HS,ASH,,ASH,
362,4/21/12,12:00 PM,ASH Lower Merion HS,ST2,,ST2,
479,4/21/12,2:00 PM,ASH Lower Merion HS,ASH,,ASH,
479,4/21/12,2:00 PM,ASH Lower Merion HS,CVL3,,CVL3,
108,4/21/12,4:00 PM,ASH Lower Merion HS,ASH,,ASH,
108,4/21/12,4:00 PM,ASH Lower Merion HS,GV,,GV,
571,4/21/12,10:00 AM,AVG Avon Grove HS,AVG2,,AVG2,
571,4/21/12,10:00 AM,AVG Avon Grove HS,KEN1,,KEN1,
185,4/21/12,12:00 PM,AVG Avon Grove HS,AVG,,AVG,
185,4/21/12,12:00 PM,AVG Avon Grove HS,WB,,WB,
232,4/21/12,2:00 PM,AVG Avon Grove HS,AVG,,AVG,
232,4/21/12,2:00 PM,AVG Avon Grove HS,UNV,,UNV,
539,4/21/12,10:00 AM,BYC Bethel Spr ES 12,BYC3,,BYC3,
539,4/21/12,10:00 AM,BYC Bethel Spr ES 12,UNV1,,UNV1,
182,4/21/12,12:00 PM,BYC Bethel Spr ES 12,BYC,,BYC,
182,4/21/12,12:00 PM,BYC Bethel Spr ES 12,WC,,WC,
406,4/21/12,10:00 AM,BYC Garnet Valley MS,BYC1,,BYC1,
406,4/21/12,10:00 AM,BYC Garnet Valley MS,AVG1,,AVG1,
410,4/21/12,12:00 PM,BYC Garnet Valley MS,BYC2,,BYC2,
410,4/21/12,12:00 PM,BYC Garnet Valley MS,AVG2,,AVG2,
333,4/21/12,2:00 PM,BYC Garnet Valley MS,BYC,,BYC,
333,4/21/12,2:00 PM,BYC Garnet Valley MS,KEN,,KEN,
88,4/21/12,4:00 PM,BYC Garnet Valley MS,BYC,,BYC,
88,4/21/12,4:00 PM,BYC Garnet Valley MS,COV,,COV,
3,4/21/12,4:00 PM,CVL Mt Kirk,CVL,,CVL,
3,4/21/12,4:00 PM,CVL Mt Kirk,ASH,,ASH,
188,4/21/12,12:00 PM,CVL Warrior Field,CVL,,CVL,
188,4/21/12,12:00 PM,CVL Warrior Field,ASH,,ASH,
463,4/21/12,2:00 PM,CVL Warrior Field,CVL1,,CVL1,
463,4/21/12,2:00 PM,CVL Warrior Field,LV2,,LV2,
551,4/21/12,12:00 PM,KEN Legacy Field C,KEN2,,KEN2,
551,4/21/12,12:00 PM,KEN Legacy Field C,BYC1,,BYC1,
208,4/21/12,2:00 PM,KEN Legacy Field C,KEN,,KEN,
208,4/21/12,2:00 PM,KEN Legacy Field C,CVL,,CVL,
150,4/21/12,4:00 PM,KEN Legacy Field C,KEN,,KEN,
150,4/21/12,4:00 PM,KEN Legacy Field C,AVG,,AVG,
45,4/21/12,4:00 PM,LV Fellowship Field,LV,,LV,
45,4/21/12,4:00 PM,LV Fellowship Field,AVG,,AVG,
447,4/21/12,10:00 AM,LV Hoeffecker,LV,,LV,
447,4/21/12,10:00 AM,LV Hoeffecker,WC4,,WC4,
210,4/21/12,12:00 PM,LV Hoeffecker,LV,,LV,
210,4/21/12,12:00 PM,LV Hoeffecker,ABG,,ABG,
307,4/21/12,2:00 PM,LV Hoeffecker,LV1,,LV1,
307,4/21/12,2:00 PM,LV Hoeffecker,LV2,,LV2,
352,4/21/12,12:00 PM,PHX PMYC,PHX,,PHX,
352,4/21/12,12:00 PM,PHX PMYC,ST1,,ST1,
252,4/21/12,2:00 PM,PHX PMYC,PHX,,PHX,
252,4/21/12,2:00 PM,PHX PMYC,CVL,,CVL,
160,4/21/12,10:00 AM,ST TE Middle Sch 1,ST,,ST,
160,4/21/12,10:00 AM,ST TE Middle Sch 1,ABG,,ABG,
495,4/21/12,12:00 PM,ST TE Middle Sch 1,ST,,ST,
495,4/21/12,12:00 PM,ST TE Middle Sch 1,PHX,,PHX,
58,4/21/12,10:00 AM,ST Wilson Park CYL,ST,,ST,
58,4/21/12,10:00 AM,ST Wilson Park CYL,COV,,COV,
299,4/21/12,2:00 PM,ST Wilson Park CYL,ST,,ST,
299,4/21/12,2:00 PM,ST Wilson Park CYL,WC1,,WC1,
115,4/21/12,12:00 PM,ST Wilson Park TEYSA,ST1,,ST1,
115,4/21/12,12:00 PM,ST Wilson Park TEYSA,LV2,,LV2,
330,4/21/12,12:00 PM,UNV Patton MS 17,UNV,,UNV,
330,4/21/12,12:00 PM,UNV Patton MS 17,AVG,,AVG,
385,4/21/12,2:00 PM,UNV Upland Country DS,UNV,,UNV,
385,4/21/12,2:00 PM,UNV Upland Country DS,WC2,,WC2,
118,4/21/12,4:00 PM,UNV Upland Country DS,UNV,,UNV,
118,4/21/12,4:00 PM,UNV Upland Country DS,ST2,,ST2,
53,4/21/12,4:00 PM,WB Downingtown MS,WB,,WB,
53,4/21/12,4:00 PM,WB Downingtown MS,BYC,,BYC,
397,4/21/12,10:00 AM,WB Embreeville,WB,,WB,
397,4/21/12,10:00 AM,WB Embreeville,KEN,,KEN,
270,4/21/12,12:00 PM,WB Embreeville,WB,,WB,
270,4/21/12,12:00 PM,WB Embreeville,COV,,COV,
576,4/21/12,2:00 PM,WB Embreeville,WB,,WB,
576,4/21/12,2:00 PM,WB Embreeville,CVL2,,CVL2,
426,4/21/12,10:00 AM,WC Kelly Field,WC3,,WC3,
426,4/21/12,10:00 AM,WC Kelly Field,CVL,,CVL,
517,4/21/12,12:00 PM,WC Kelly Field,WC,,WC,
517,4/21/12,12:00 PM,WC Kelly Field,UNV2,,UNV2,
217,4/21/12,2:00 PM,WC Kelly Field,WC,,WC,
217,4/21/12,2:00 PM,WC Kelly Field,ASH,,ASH,
125,4/21/12,4:00 PM,WC Kelly Field,WC,,WC,
125,4/21/12,4:00 PM,WC Kelly Field,LV1,,LV1,
241,4/22/12,12:00 PM,ABG Huntingdon Upper,ABG,,ABG,
241,4/22/12,12:00 PM,ABG Huntingdon Upper,UNV,,UNV,
191,4/22/12,2:00 PM,ABG Huntingdon Upper,ABG,,ABG,
191,4/22/12,2:00 PM,ABG Huntingdon Upper,WC,,WC,
102,4/22/12,12:00 PM,ASH Lower Merion HS,ASH,,ASH,
102,4/22/12,12:00 PM,ASH Lower Merion HS,KEN,,KEN,
32,4/22/12,2:00 PM,ASH Lower Merion HS,ASH,,ASH,
32,4/22/12,2:00 PM,ASH Lower Merion HS,WB,,WB,
337,4/22/12,2:00 PM,CVL Warrior Field,CVL,,CVL,
337,4/22/12,2:00 PM,CVL Warrior Field,ABG,,ABG,
23,4/22/12,1:30 PM,GV Great Valley MS,GV,,GV,
23,4/22/12,1:30 PM,GV Great Valley MS,ABG,,ABG,
97,4/22/12,3:30 PM,GV Great Valley MS,GV,,GV,
97,4/22/12,3:30 PM,GV Great Valley MS,ABG,,ABG,
40,4/22/12,12:00 PM,ST Wilson Park CYL,ST,,ST,
40,4/22/12,12:00 PM,ST Wilson Park CYL,AVG,,AVG,
86,4/22/12,2:00 PM,WC Kelly Field,WC,,WC,
86,4/22/12,2:00 PM,WC Kelly Field,COV,,COV,
237,4/23/12,6:30 PM,ABG Huntingdon Upper,ABG,,ABG,
237,4/23/12,6:30 PM,ABG Huntingdon Upper,CVL,,CVL,
242,4/23/12,6:30 PM,ASH Lower Merion HS,ASH,,ASH,
242,4/23/12,6:30 PM,ASH Lower Merion HS,BYC,,BYC,
225,4/23/12,6:30 PM,AVG Avon Grove HS,AVG,,AVG,
225,4/23/12,6:30 PM,AVG Avon Grove HS,LV,,LV,
399,4/23/12,6:30 PM,BYC Garnet Valley MS,BYC2,,BYC2,
399,4/23/12,6:30 PM,BYC Garnet Valley MS,WB,,WB,
261,4/23/12,6:30 PM,CVL Mt Kirk,CVL,,CVL,
261,4/23/12,6:30 PM,CVL Mt Kirk,BYC,,BYC,
275,4/23/12,6:30 PM,KEN Legacy Field A,KEN,,KEN,
275,4/23/12,6:30 PM,KEN Legacy Field A,PHX,,PHX,
370,4/23/12,6:30 PM,LV Lionville MS,LV,,LV,
370,4/23/12,6:30 PM,LV Lionville MS,GV,,GV,
353,4/23/12,6:30 PM,ST TE Middle Sch 1,ST2,,ST2,
353,4/23/12,6:30 PM,ST TE Middle Sch 1,PHX,,PHX,
361,4/23/12,6:30 PM,ST TE Middle Sch 2,ST1,,ST1,
361,4/23/12,6:30 PM,ST TE Middle Sch 2,ASH,,ASH,
233,4/23/12,6:30 PM,UNV Patton MS 17,UNV,,UNV,
233,4/23/12,6:30 PM,UNV Patton MS 17,KEN,,KEN,
320,4/23/12,6:30 PM,WB Embreeville,WB,,WB,
320,4/23/12,6:30 PM,WB Embreeville,WC2,,WC2,
453,4/23/12,6:30 PM,WC Kelly Field,WC1,,WC1,
453,4/23/12,6:30 PM,WC Kelly Field,AVG2,,AVG2,
120,4/24/12,6:30 PM,AVG Harmony Park,AVG,,AVG,
120,4/24/12,6:30 PM,AVG Harmony Park,ST2,,ST2,
127,4/24/12,6:30 PM,BYC Garnet Valley MS,BYC,,BYC,
127,4/24/12,6:30 PM,BYC Garnet Valley MS,LV1,,LV1,
454,4/24/12,6:30 PM,KEN Legacy Field A,KEN,,KEN,
454,4/24/12,6:30 PM,KEN Legacy Field A,WC4,,WC4,
224,4/24/12,6:30 PM,LV Pine Creek,LV,,LV,
224,4/24/12,6:30 PM,LV Pine Creek,BYC,,BYC,
366,4/24/12,6:30 PM,ST TE Middle Sch 2,ST1,,ST1,
366,4/24/12,6:30 PM,ST TE Middle Sch 2,LV,,LV,
70,4/24/12,6:30 PM,ST Wilson Park CYL,ST1,,ST1,
70,4/24/12,6:30 PM,ST Wilson Park CYL,CVL,,CVL,
132,4/24/12,6:30 PM,UNV Patton MS 17,UNV,,UNV,
132,4/24/12,6:30 PM,UNV Patton MS 17,LV2,,LV2,
402,4/24/12,6:30 PM,UNV Upland Country DS,UNV,,UNV,
402,4/24/12,6:30 PM,UNV Upland Country DS,AVG1,,AVG1,
371,4/24/12,6:30 PM,WC Kelly Field,WC1,,WC1,
371,4/24/12,6:30 PM,WC Kelly Field,WC2,,WC2,
136,4/24/12,8:00 PM,WC Kelly Field,WC,,WC,
136,4/24/12,8:00 PM,WC Kelly Field,GV,,GV,
584,4/25/12,6:30 PM,AVG Avon Grove HS,AVG3,,AVG3,
584,4/25/12,6:30 PM,AVG Avon Grove HS,LV2,,LV2,
562,4/25/12,6:30 PM,AVG Harmony Park,AVG2,,AVG2,
562,4/25/12,6:30 PM,AVG Harmony Park,BYC3,,BYC3,
175,4/25/12,6:30 PM,BYC Bethel Spr ES 12,BYC,,BYC,
175,4/25/12,6:30 PM,BYC Bethel Spr ES 12,ST,,ST,
467,4/25/12,6:30 PM,COV Batdorf Park,COV1,,COV1,
467,4/25/12,6:30 PM,COV Batdorf Park,CVL2,,CVL2,
575,4/25/12,6:30 PM,CVL Warrior Field,CVL1,,CVL1,
575,4/25/12,6:30 PM,CVL Warrior Field,WC,,WC,
559,4/25/12,6:30 PM,KEN Legacy Field B,KEN2,,KEN2,
559,4/25/12,6:30 PM,KEN Legacy Field B,BYC2,,BYC2,
514,4/25/12,6:30 PM,LV Eagleview 1,LV3,,LV3,
514,4/25/12,6:30 PM,LV Eagleview 1,GV,,GV,
505,4/25/12,6:30 PM,LV Eagleview 2,LV1,,LV1,
505,4/25/12,6:30 PM,LV Eagleview 2,ST,,ST,
493,4/25/12,6:30 PM,PHX PMYC,PHX,,PHX,
493,4/25/12,6:30 PM,PHX PMYC,COV2,,COV2,
535,4/25/12,6:30 PM,UNV Patton MS 17,UNV1,,UNV1,
535,4/25/12,6:30 PM,UNV Patton MS 17,KEN1,,KEN1,
28,4/26/12,6:30 PM,ASH Haverford Upper,ASH,,ASH,
28,4/26/12,6:30 PM,ASH Haverford Upper,ST,,ST,
9,4/26/12,6:30 PM,CVL Mt Kirk,CVL,,CVL,
9,4/26/12,6:30 PM,CVL Mt Kirk,BYC,,BYC,
282,4/26/12,6:30 PM,PHX PMYC,PHX,,PHX,
282,4/26/12,6:30 PM,PHX PMYC,WB,,WB,
254,4/26/12,6:30 PM,ST Wilson Park TEYSA,ST,,ST,
254,4/26/12,6:30 PM,ST Wilson Park TEYSA,CVL,,CVL,
181,4/26/12,6:30 PM,WC Kelly Field,WC,,WC,
181,4/26/12,6:30 PM,WC Kelly Field,WB,,WB,
16,4/26/12,8:00 PM,WC Kelly Field,WC,,WC,
16,4/26/12,8:00 PM,WC Kelly Field,COV,,COV,
501,4/27/12,6:30 PM,ASH Lower Merion HS,ASH,,ASH,
501,4/27/12,6:30 PM,ASH Lower Merion HS,LV2,,LV2,
10,4/27/12,6:30 PM,AVG Avon Grove HS,AVG,,AVG,
10,4/27/12,6:30 PM,AVG Avon Grove HS,CVL,,CVL,
565,4/27/12,6:30 PM,AVG Harmony Park,AVG2,,AVG2,
565,4/27/12,6:30 PM,AVG Harmony Park,AVG1,,AVG1,
518,4/27/12,6:30 PM,BYC Bethel Spr ES 12,BYC1,,BYC1,
518,4/27/12,6:30 PM,BYC Bethel Spr ES 12,WC,,WC,
475,4/27/12,6:30 PM,CVL Warrior Field,CVL3,,CVL3,
475,4/27/12,6:30 PM,CVL Warrior Field,LV3,,LV3,
499,4/27/12,6:30 PM,GV Great Valley MS,GV,,GV,
499,4/27/12,6:30 PM,GV Great Valley MS,PHX,,PHX,
43,4/27/12,6:30 PM,LV Hoeffecker,LV,,LV,
43,4/27/12,6:30 PM,LV Hoeffecker,WB,,WB,
527,4/27/12,6:30 PM,UNV Patton MS 17,UNV2,,UNV2,
527,4/27/12,6:30 PM,UNV Patton MS 17,WB,,WB,
209,4/28/12,2:00 PM,ABG Huntingdon Upper,ABG,,ABG,
209,4/28/12,2:00 PM,ABG Huntingdon Upper,ASH,,ASH,
20,4/28/12,TBD,ABG Samson Festival,ABG,,ABG,
20,4/28/12,TBD,ABG Samson Festival,ASH,,ASH,
148,4/28/12,10:00 AM,AVG Avon Grove HS,AVG,,AVG,
148,4/28/12,10:00 AM,AVG Avon Grove HS,BYC,,BYC,
304,4/28/12,12:00 PM,AVG Avon Grove HS,AVG,,AVG,
304,4/28/12,12:00 PM,AVG Avon Grove HS,LV1,,LV1,
452,4/28/12,2:00 PM,AVG Avon Grove HS,AVG1,,AVG1,
452,4/28/12,2:00 PM,AVG Avon Grove HS,WC2,,WC2,
171,4/28/12,10:00 AM,AVG Harmony Park,AVG,,AVG,
171,4/28/12,10:00 AM,AVG Harmony Park,ASH,,ASH,
541,4/28/12,12:00 PM,AVG Harmony Park,AVG2,,AVG2,
541,4/28/12,12:00 PM,AVG Harmony Park,UNV1,,UNV1,
407,4/28/12,2:00 PM,AVG Harmony Park,AVG2,,AVG2,
407,4/28/12,2:00 PM,AVG Harmony Park,BYC1,,BYC1,
553,4/28/12,10:00 AM,BYC Bethel Spr ES 12,BYC2,,BYC2,
553,4/28/12,10:00 AM,BYC Bethel Spr ES 12,BYC1,,BYC1,
561,4/28/12,12:00 PM,BYC Bethel Spr ES 12,BYC3,,BYC3,
561,4/28/12,12:00 PM,BYC Bethel Spr ES 12,AVG3,,AVG3,
200,4/28/12,2:00 PM,BYC Bethel Spr ES 12,BYC,,BYC,
200,4/28/12,2:00 PM,BYC Bethel Spr ES 12,LV,,LV,
311,4/28/12,4:00 PM,BYC Garnet Valley MS,BYC,,BYC,
311,4/28/12,4:00 PM,BYC Garnet Valley MS,LV2,,LV2,
271,4/28/12,2:00 PM,COV Batdorf Park,COV,,COV,
271,4/28/12,2:00 PM,COV Batdorf Park,WC2,,WC2,
458,4/28/12,4:00 PM,COV Batdorf Park,COV2,,COV2,
458,4/28/12,4:00 PM,COV Batdorf Park,CVL1,,CVL1,
344,4/28/12,2:00 PM,COV West Vincent Twp,COV,,COV,
344,4/28/12,2:00 PM,COV West Vincent Twp,ASH,,ASH,
415,4/28/12,10:00 AM,CVL Black Rock 6,CVL,,CVL,
415,4/28/12,10:00 AM,CVL Black Rock 6,WC1,,WC1,
259,4/28/12,12:00 PM,CVL Mt Kirk,CVL,,CVL,
259,4/28/12,12:00 PM,CVL Mt Kirk,WB,,WB,
69,4/28/12,2:00 PM,CVL Mt Kirk,CVL,,CVL,
69,4/28/12,2:00 PM,CVL Mt Kirk,ASH,,ASH,
1,4/28/12,4:00 PM,CVL Mt Kirk,CVL,,CVL,
1,4/28/12,4:00 PM,CVL Mt Kirk,COV,,COV,
480,4/28/12,2:00 PM,CVL Warrior Field,CVL3,,CVL3,
480,4/28/12,2:00 PM,CVL Warrior Field,ST,,ST,
367,4/28/12,2:00 PM,GV Great Valley MS,GV,,GV,
367,4/28/12,2:00 PM,GV Great Valley MS,ST1,,ST1,
64,4/28/12,4:00 PM,GV Great Valley MS,GV,,GV,
64,4/28/12,4:00 PM,GV Great Valley MS,AVG,,AVG,
411,4/28/12,10:00 AM,KEN Legacy Field C,KEN,,KEN,
411,4/28/12,10:00 AM,KEN Legacy Field C,BYC2,,BYC2,
586,4/28/12,12:00 PM,KEN Legacy Field C,KEN2,,KEN2,
586,4/28/12,12:00 PM,KEN Legacy Field C,GV,,GV,
524,4/28/12,2:00 PM,KEN Legacy Field C,KEN1,,KEN1,
524,4/28/12,2:00 PM,KEN Legacy Field C,WC,,WC,
91,4/28/12,4:00 PM,KEN Legacy Field C,KEN,,KEN,
91,4/28/12,4:00 PM,KEN Legacy Field C,ABG,,ABG,
131,4/28/12,10:00 AM,LV Hoeffecker,LV2,,LV2,
131,4/28/12,10:00 AM,LV Hoeffecker,WC,,WC,
360,4/28/12,12:00 PM,LV Hoeffecker,LV,,LV,
360,4/28/12,12:00 PM,LV Hoeffecker,ABG,,ABG,
226,4/28/12,2:00 PM,LV Hoeffecker,LV,,LV,
226,4/28/12,2:00 PM,LV Hoeffecker,KEN,,KEN,
482,4/28/12,4:00 PM,LV Hoeffecker,LV2,,LV2,
482,4/28/12,4:00 PM,LV Hoeffecker,COV1,,COV1,
498,4/28/12,10:00 AM,PHX PMYC,PHX,,PHX,
498,4/28/12,10:00 AM,PHX PMYC,LV3,,LV3,
280,4/28/12,12:00 PM,PHX PMYC,PHX,,PHX,
280,4/28/12,12:00 PM,PHX PMYC,WC1,,WC1,
113,4/28/12,12:00 PM,ST Wilson Park TEYSA,ST1,,ST1,
113,4/28/12,12:00 PM,ST Wilson Park TEYSA,ST2,,ST2,
39,4/28/12,2:00 PM,ST Wilson Park TEYSA,ST,,ST,
39,4/28/12,2:00 PM,ST Wilson Park TEYSA,BYC,,BYC,
231,4/28/12,2:00 PM,UNV Upland Country DS,UNV,,UNV,
231,4/28/12,2:00 PM,UNV Upland Country DS,BYC,,BYC,
398,4/28/12,10:00 AM,WB Embreeville,WB,,WB,
398,4/28/12,10:00 AM,WB Embreeville,UNV,,UNV,
390,4/28/12,12:00 PM,WC Kelly Field,WC4,,WC4,
390,4/28/12,12:00 PM,WC Kelly Field,WC3,,WC3,
162,4/28/12,2:00 PM,WC Kelly Field,WC,,WC,
162,4/28/12,2:00 PM,WC Kelly Field,ABG,,ABG,
42,4/28/12,4:00 PM,WC Kelly Field,WC,,WC,
42,4/28/12,4:00 PM,WC Kelly Field,LV,,LV,
211,4/29/12,12:00 PM,ABG Huntingdon Upper,ABG,,ABG,
211,4/29/12,12:00 PM,ABG Huntingdon Upper,WC,,WC,
161,4/29/12,2:00 PM,ABG Huntingdon Upper,ABG,,ABG,
161,4/29/12,2:00 PM,ABG Huntingdon Upper,LV,,LV,
345,4/29/12,4:00 PM,ABG Huntingdon Upper,ABG,,ABG,
345,4/29/12,4:00 PM,ABG Huntingdon Upper,COV,,COV,
30,4/29/12,2:00 PM,ASH Lower Merion HS,ASH,,ASH,
30,4/29/12,2:00 PM,ASH Lower Merion HS,GV,,GV,
272,4/29/12,4:00 PM,BYC Garnet Valley MS,BYC,,BYC,
272,4/29/12,4:00 PM,BYC Garnet Valley MS,COV,,COV,
114,4/29/12,2:00 PM,LV Hoeffecker,LV1,,LV1,
114,4/29/12,2:00 PM,LV Hoeffecker,ST1,,ST1,
99,4/29/12,12:00 PM,UNV Upland Country DS,UNV,,UNV,
99,4/29/12,12:00 PM,UNV Upland Country DS,ABG,,ABG,
25,4/29/12,12:00 PM,WB Downingtown MS,WB,,WB,
25,4/29/12,12:00 PM,WB Downingtown MS,ABG,,ABG,
220,4/30/12,6:30 PM,ASH Lower Merion HS,ASH,,ASH,
220,4/30/12,6:30 PM,ASH Lower Merion HS,AVG,,AVG,
388,4/30/12,6:30 PM,AVG Avon Grove HS,AVG2,,AVG2,
388,4/30/12,6:30 PM,AVG Avon Grove HS,WC3,,WC3,
255,4/30/12,6:30 PM,CVL Black Rock 6,CVL,,CVL,
255,4/30/12,6:30 PM,CVL Black Rock 6,LV1,,LV1,
369,4/30/12,6:30 PM,GV Great Valley MS,GV,,GV,
369,4/30/12,6:30 PM,GV Great Valley MS,ST2,,ST2,
239,4/30/12,6:30 PM,LV Pine Creek,LV,,LV,
239,4/30/12,6:30 PM,LV Pine Creek,CVL,,CVL,
404,4/30/12,6:30 PM,UNV Patton MS 17,UNV,,UNV,
404,4/30/12,6:30 PM,UNV Patton MS 17,BYC1,,BYC1,
328,4/30/12,6:30 PM,WB Embreeville,WB,,WB,
328,4/30/12,6:30 PM,WB Embreeville,KEN,,KEN,
247,4/30/12,6:30 PM,WC Kelly Field,WC,,WC,
247,4/30/12,6:30 PM,WC Kelly Field,BYC,,BYC,
300,4/30/12,8:00 PM,WC Kelly Field,WC2,,WC2,
300,4/30/12,8:00 PM,WC Kelly Field,ST,,ST,
289,4/30/12,6:30 PM,WC Rustin HS,WC1,,WC1,
289,4/30/12,6:30 PM,WC Rustin HS,ASH,,ASH,
92,5/1/12,6:30 PM,ABG Huntingdon Upper,ABG,,ABG,
92,5/1/12,6:30 PM,ABG Huntingdon Upper,ASH,,ASH,
83,5/1/12,6:30 PM,COV OJR HS,COV,,COV,
83,5/1/12,6:30 PM,COV OJR HS,ST1,,ST1,
71,5/1/12,6:30 PM,CVL Black Rock 6,CVL,,CVL,
71,5/1/12,6:30 PM,CVL Black Rock 6,ST2,,ST2,
339,5/1/12,6:30 PM,CVL Mt Kirk,CVL,,CVL,
339,5/1/12,6:30 PM,CVL Mt Kirk,ST1,,ST1,
137,5/1/12,6:30 PM,GV Great Valley MS,GV,,GV,
137,5/1/12,6:30 PM,GV Great Valley MS,UNV,,UNV,
133,5/1/12,6:30 PM,LV Hoeffecker,LV2,,LV2,
133,5/1/12,6:30 PM,LV Hoeffecker,BYC,,BYC,
363,5/1/12,6:30 PM,LV Lionville MS,LV,,LV,
363,5/1/12,6:30 PM,LV Lionville MS,ASH,,ASH,
144,5/1/12,6:30 PM,WC Henderson HS,WC,,WC,
144,5/1/12,6:30 PM,WC Henderson HS,KEN,,KEN,
416,5/1/12,6:30 PM,WC Rustin HS,WC2,,WC2,
416,5/1/12,6:30 PM,WC Rustin HS,COV,,COV,
566,5/2/12,6:30 PM,AVG Avon Grove HS,AVG1,,AVG1,
566,5/2/12,6:30 PM,AVG Avon Grove HS,AVG3,,AVG3,
563,5/2/12,6:30 PM,BYC Bethel Spr ES 12,BYC3,,BYC3,
563,5/2/12,6:30 PM,BYC Bethel Spr ES 12,KEN2,,KEN2,
579,5/2/12,7:00 PM,COV OJR HS,COV2,,COV2,
579,5/2/12,7:00 PM,COV OJR HS,BYC1,,BYC1,
478,5/2/12,6:30 PM,CVL Warrior Field,CVL3,,CVL3,
478,5/2/12,6:30 PM,CVL Warrior Field,PHX,,PHX,
585,5/2/12,6:30 PM,LV Eagleview 2,LV3,,LV3,
585,5/2/12,6:30 PM,LV Eagleview 2,KEN1,,KEN1,
189,5/2/12,6:30 PM,ST TE Middle Sch 2,ST,,ST,
189,5/2/12,6:30 PM,ST TE Middle Sch 2,CVL,,CVL,
199,5/2/12,6:30 PM,WB Embreeville,WB,,WB,
199,5/2/12,6:30 PM,WB Embreeville,AVG,,AVG,
519,5/2/12,6:30 PM,WC Kelly Field,WC,,WC,
519,5/2/12,6:30 PM,WC Kelly Field,BYC2,,BYC2,
284,5/3/12,6:30 PM,ASH Haverford Upper,ASH,,ASH,
284,5/3/12,6:30 PM,ASH Haverford Upper,BYC,,BYC,
13,5/3/12,6:30 PM,COV Batdorf Park,COV,,COV,
13,5/3/12,6:30 PM,COV Batdorf Park,ST,,ST,
48,5/3/12,6:30 PM,GV Great Valley MS,GV,,GV,
48,5/3/12,6:30 PM,GV Great Valley MS,BYC,,BYC,
29,5/3/12,6:30 PM,LV Hoeffecker,LV,,LV,
29,5/3/12,6:30 PM,LV Hoeffecker,ASH,,ASH,
312,5/3/12,6:30 PM,LV Pine Creek,LV2,,LV2,
312,5/3/12,6:30 PM,LV Pine Creek,AVG,,AVG,
283,5/3/12,6:30 PM,UNV Upland Country DS,UNV,,UNV,
283,5/3/12,6:30 PM,UNV Upland Country DS,PHX,,PHX,
34,5/4/12,6:30 PM,ASH Haverford Upper,ASH,,ASH,
34,5/4/12,6:30 PM,ASH Haverford Upper,AVG,,AVG,
170,5/4/12,6:30 PM,ASH Lower Merion HS,ASH,,ASH,
170,5/4/12,6:30 PM,ASH Lower Merion HS,BYC,,BYC,
533,5/4/12,6:30 PM,AVG Harmony Park,AVG3,,AVG3,
533,5/4/12,6:30 PM,AVG Harmony Park,WB,,WB,
547,5/4/12,6:30 PM,BYC Bethel Spr ES 12,BYC2,,BYC2,
547,5/4/12,6:30 PM,BYC Bethel Spr ES 12,UNV2,,UNV2,
494,5/4/12,6:30 PM,COV OJR HS,COV2,,COV2,
494,5/4/12,6:30 PM,COV OJR HS,ASH,,ASH,
583,5/4/12,6:30 PM,LV Eagleview 1,LV1,,LV1,
583,5/4/12,6:30 PM,LV Eagleview 1,AVG2,,AVG2,
177,5/4/12,6:30 PM,LV Eagleview 2,LV,,LV,
177,5/4/12,6:30 PM,LV Eagleview 2,WC,,WC,
176,5/4/12,6:30 PM,ST TE Middle Sch 1,ST,,ST,
176,5/4/12,6:30 PM,ST TE Middle Sch 1,AVG,,AVG,
506,5/4/12,6:30 PM,ST TE Middle Sch 2,ST,,ST,
506,5/4/12,6:30 PM,ST TE Middle Sch 2,LV2,,LV2,
540,5/4/12,6:30 PM,UNV Patton MS 17,UNV1,,UNV1,
540,5/4/12,6:30 PM,UNV Patton MS 17,AVG1,,AVG1,
98,5/5/12,10:00 AM,ABG Huntingdon Upper,ABG,,ABG,
98,5/5/12,10:00 AM,ABG Huntingdon Upper,WC,,WC,
359,5/5/12,12:00 PM,ABG Huntingdon Upper,ABG,,ABG,
359,5/5/12,12:00 PM,ABG Huntingdon Upper,GV,,GV,
80,5/5/12,12:00 PM,ASH Shipley Farm Field,ASH,,ASH,
80,5/5/12,12:00 PM,ASH Shipley Farm Field,COV,,COV,
503,5/5/12,2:00 PM,ASH Shipley Farm Field,ASH,,ASH,
503,5/5/12,2:00 PM,ASH Shipley Farm Field,GV,,GV,
54,5/5/12,10:00 AM,AVG Avon Grove HS,AVG,,AVG,
54,5/5/12,10:00 AM,AVG Avon Grove HS,WB,,WB,
262,5/5/12,12:00 PM,AVG Avon Grove HS,AVG,,AVG,
262,5/5/12,12:00 PM,AVG Avon Grove HS,CVL,,CVL,
568,5/5/12,2:00 PM,AVG Avon Grove HS,AVG1,,AVG1,
568,5/5/12,2:00 PM,AVG Avon Grove HS,KEN2,,KEN2,
395,5/5/12,2:00 PM,AVG Harmony Park,AVG1,,AVG1,
395,5/5/12,2:00 PM,AVG Harmony Park,WC4,,WC4,
558,5/5/12,4:00 PM,BYC Bethel Spr ES 12,BYC2,,BYC2,
558,5/5/12,4:00 PM,BYC Bethel Spr ES 12,KEN1,,KEN1,
33,5/5/12,10:00 AM,BYC Garnet Valley MS,BYC,,BYC,
33,5/5/12,10:00 AM,BYC Garnet Valley MS,ASH,,ASH,
408,5/5/12,12:00 PM,BYC Garnet Valley MS,BYC1,,BYC1,
408,5/5/12,12:00 PM,BYC Garnet Valley MS,KEN,,KEN,
422,5/5/12,2:00 PM,BYC Garnet Valley MS,BYC2,,BYC2,
422,5/5/12,2:00 PM,BYC Garnet Valley MS,LV,,LV,
346,5/5/12,2:00 PM,COV Batdorf Park,COV,,COV,
346,5/5/12,2:00 PM,COV Batdorf Park,ST2,,ST2,
267,5/5/12,4:00 PM,COV Batdorf Park,COV,,COV,
267,5/5/12,4:00 PM,COV Batdorf Park,ST,,ST,
77,5/5/12,2:00 PM,CVL Mt Kirk,CVL,,CVL,
77,5/5/12,2:00 PM,CVL Mt Kirk,BYC,,BYC,
7,5/5/12,4:00 PM,CVL Mt Kirk,CVL,,CVL,
7,5/5/12,4:00 PM,CVL Mt Kirk,WC,,WC,
459,5/5/12,10:00 AM,CVL Warrior Field,CVL1,,CVL1,
459,5/5/12,10:00 AM,CVL Warrior Field,PHX,,PHX,
468,5/5/12,12:00 PM,CVL Warrior Field,CVL2,,CVL2,
468,5/5/12,12:00 PM,CVL Warrior Field,COV2,,COV2,
201,5/5/12,2:00 PM,CVL Warrior Field,CVL,,CVL,
201,5/5/12,2:00 PM,CVL Warrior Field,ABG,,ABG,
151,5/5/12,4:00 PM,CVL Warrior Field,CVL,,CVL,
151,5/5/12,4:00 PM,CVL Warrior Field,ABG,,ABG,
116,5/5/12,2:00 PM,GV Great Valley MS,GV,,GV,
116,5/5/12,2:00 PM,GV Great Valley MS,ST1,,ST1,
36,5/5/12,4:00 PM,GV Great Valley MS,GV,,GV,
36,5/5/12,4:00 PM,GV Great Valley MS,ST,,ST,
313,5/5/12,10:00 AM,KEN Legacy Field C,KEN,,KEN,
313,5/5/12,10:00 AM,KEN Legacy Field C,LV2,,LV2,
129,5/5/12,12:00 PM,KEN Legacy Field C,KEN,,KEN,
129,5/5/12,12:00 PM,KEN Legacy Field C,LV1,,LV1,
122,5/5/12,10:00 AM,LV Hoeffecker,LV2,,LV2,
122,5/5/12,10:00 AM,LV Hoeffecker,ST2,,ST2,
14,5/5/12,12:00 PM,LV Hoeffecker,LV,,LV,
14,5/5/12,12:00 PM,LV Hoeffecker,COV,,COV,
197,5/5/12,2:00 PM,LV Hoeffecker,LV,,LV,
197,5/5/12,2:00 PM,LV Hoeffecker,WB,,WB,
351,5/5/12,10:00 AM,PHX PMYC,PHX,,PHX,
351,5/5/12,10:00 AM,PHX PMYC,ASH,,ASH,
276,5/5/12,12:00 PM,PHX PMYC,PHX,,PHX,
276,5/5/12,12:00 PM,PHX PMYC,ASH,,ASH,
195,5/5/12,10:00 AM,ST TE Middle Sch 2,ST,,ST,
195,5/5/12,10:00 AM,ST TE Middle Sch 2,BYC,,BYC,
536,5/5/12,12:00 PM,UNV Patton MS 17,UNV2,,UNV2,
536,5/5/12,12:00 PM,UNV Patton MS 17,UNV1,,UNV1,
146,5/5/12,2:00 PM,UNV Upland Country DS,UNV,,UNV,
146,5/5/12,2:00 PM,UNV Upland Country DS,AVG,,AVG,
246,5/5/12,4:00 PM,UNV Upland Country DS,UNV,,UNV,
246,5/5/12,4:00 PM,UNV Upland Country DS,WC,,WC,
528,5/5/12,10:00 AM,WB Embreeville,WB,,WB,
528,5/5/12,10:00 AM,WB Embreeville,BYC1,,BYC1,
523,5/5/12,10:00 AM,WC Kelly Field,WC,,WC,
523,5/5/12,10:00 AM,WC Kelly Field,AVG3,,AVG3,
183,5/5/12,12:00 PM,WC Kelly Field,WC,,WC,
183,5/5/12,12:00 PM,WC Kelly Field,AVG,,AVG,
382,5/5/12,2:00 PM,WC Kelly Field,WC2,,WC2,
382,5/5/12,2:00 PM,WC Kelly Field,WB,,WB,
321,5/5/12,4:00 PM,WC Kelly Field,WC2,,WC2,
321,5/5/12,4:00 PM,WC Kelly Field,UNV,,UNV,
317,5/5/12,12:00 PM,WC Rustin HS,WC1,,WC1,
317,5/5/12,12:00 PM,WC Rustin HS,BYC,,BYC,
375,5/5/12,2:00 PM,WC Rustin HS,WC1,,WC1,
375,5/5/12,2:00 PM,WC Rustin HS,UNV,,UNV,
425,5/6/12,12:00 PM,ABG Huntingdon Upper,ABG,,ABG,
425,5/6/12,12:00 PM,ABG Huntingdon Upper,WC2,,WC2,
419,5/6/12,12:00 PM,ASH Lower Merion HS,ASH,,ASH,
419,5/6/12,12:00 PM,ASH Lower Merion HS,WB,,WB,
81,5/6/12,2:00 PM,COV Batdorf Park,COV,,COV,
81,5/6/12,2:00 PM,COV Batdorf Park,ABG,,ABG,
57,5/6/12,2:00 PM,CVL Warrior Field,CVL,,CVL,
57,5/6/12,2:00 PM,CVL Warrior Field,ABG,,ABG,
124,5/6/12,2:00 PM,LV Hoeffecker,LV1,,LV1,
124,5/6/12,2:00 PM,LV Hoeffecker,GV,,GV,
212,5/6/12,12:00 PM,UNV Upland Country DS,UNV,,UNV,
212,5/6/12,12:00 PM,UNV Upland Country DS,ABG,,ABG,
290,5/7/12,6:30 PM,ASH Lower Merion HS,ASH,,ASH,
290,5/7/12,6:30 PM,ASH Lower Merion HS,LV2,,LV2,
332,5/7/12,6:30 PM,AVG Avon Grove HS,AVG,,AVG,
332,5/7/12,6:30 PM,AVG Avon Grove HS,BYC,,BYC,
427,5/7/12,6:30 PM,COV OJR HS,COV,,COV,
427,5/7/12,6:30 PM,COV OJR HS,WC4,,WC4,
305,5/7/12,6:30 PM,LV Pine Creek,LV1,,LV1,
305,5/7/12,6:30 PM,LV Pine Creek,KEN,,KEN,
354,5/7/12,6:30 PM,PHX PMYC,PHX,,PHX,
354,5/7/12,6:30 PM,PHX PMYC,LV,,LV,
365,5/7/12,6:30 PM,ST TE Middle Sch 1,ST2,,ST2,
365,5/7/12,6:30 PM,ST TE Middle Sch 1,ST1,,ST1,
389,5/7/12,6:30 PM,WC Kelly Field,WC3,,WC3,
389,5/7/12,6:30 PM,WC Kelly Field,KEN,,KEN,
96,5/8/12,6:30 PM,ABG Huntingdon Upper,ABG,,ABG,
96,5/8/12,6:30 PM,ABG Huntingdon Upper,LV2,,LV2,
338,5/8/12,6:30 PM,ASH Lower Merion HS,ASH,,ASH,
338,5/8/12,6:30 PM,ASH Lower Merion HS,CVL,,CVL,
202,5/8/12,6:30 PM,ASH Shipley Farm Field,ASH,,ASH,
202,5/8/12,6:30 PM,ASH Shipley Farm Field,CVL,,CVL,
401,5/8/12,6:30 PM,AVG Harmony Park,AVG2,,AVG2,
401,5/8/12,6:30 PM,AVG Harmony Park,WB,,WB,
376,5/8/12,6:30 PM,BYC Garnet Valley MS,BYC1,,BYC1,
376,5/8/12,6:30 PM,BYC Garnet Valley MS,WC1,,WC1,
89,5/8/12,6:30 PM,COV Batdorf Park,COV,,COV,
89,5/8/12,6:30 PM,COV Batdorf Park,UNV,,UNV,
128,5/8/12,6:30 PM,LV Hoeffecker,LV1,,LV1,
128,5/8/12,6:30 PM,LV Hoeffecker,AVG,,AVG,
121,5/8/12,6:30 PM,ST Wilson Park TEYSA,ST2,,ST2,
121,5/8/12,6:30 PM,ST Wilson Park TEYSA,KEN,,KEN,
107,5/8/12,6:30 PM,WC Rustin HS,WC,,WC,
107,5/8/12,6:30 PM,WC Rustin HS,ASH,,ASH,
549,5/9/12,6:30 PM,AVG Avon Grove HS,AVG1,,AVG1,
549,5/9/12,6:30 PM,AVG Avon Grove HS,BYC1,,BYC1,
520,5/9/12,6:30 PM,BYC Bethel Spr ES 12,BYC3,,BYC3,
520,5/9/12,6:30 PM,BYC Bethel Spr ES 12,WC,,WC,
434,5/9/12,6:30 PM,COV OJR HS,COV,,COV,
434,5/9/12,6:30 PM,COV OJR HS,KEN,,KEN,
574,5/9/12,6:30 PM,KEN Legacy Field B,KEN1,,KEN1,
574,5/9/12,6:30 PM,KEN Legacy Field B,KEN2,,KEN2,
481,5/9/12,6:30 PM,LV Eagleview 1,LV1,,LV1,
481,5/9/12,6:30 PM,LV Eagleview 1,CVL3,,CVL3,
473,5/9/12,6:30 PM,LV Eagleview 2,LV2,,LV2,
473,5/9/12,6:30 PM,LV Eagleview 2,CVL2,,CVL2,
508,5/9/12,6:30 PM,ST TE Middle Sch 1,ST,,ST,
508,5/9/12,6:30 PM,ST TE Middle Sch 1,GV,,GV,
196,5/9/12,6:30 PM,WC Kelly Field,WC,,WC,
196,5/9/12,6:30 PM,WC Kelly Field,LV,,LV,
281,5/9/12,8:00 PM,WC Kelly Field,WC2,,WC2,
281,5/9/12,8:00 PM,WC Kelly Field,PHX,,PHX,
44,5/10/12,6:30 PM,BYC Garnet Valley MS,BYC,,BYC,
44,5/10/12,6:30 PM,BYC Garnet Valley MS,LV,,LV,
6,5/10/12,6:30 PM,GV Great Valley MS,GV,,GV,
6,5/10/12,6:30 PM,GV Great Valley MS,CVL,,CVL,
297,5/10/12,6:30 PM,ST Wilson Park CYL,ST,,ST,
297,5/10/12,6:30 PM,ST Wilson Park CYL,LV1,,LV1,
37,5/10/12,6:30 PM,ST Wilson Park TEYSA,ST,,ST,
37,5/10/12,6:30 PM,ST Wilson Park TEYSA,WC,,WC,
309,5/10/12,6:30 PM,WB Embreeville,WB,,WB,
309,5/10/12,6:30 PM,WB Embreeville,LV2,,LV2,
460,5/11/12,6:30 PM,ASH Lower Merion HS,ASH,,ASH,
460,5/11/12,6:30 PM,ASH Lower Merion HS,CVL1,,CVL1,
27,5/11/12,6:30 PM,AVG Avon Grove HS,AVG,,AVG,
27,5/11/12,6:30 PM,AVG Avon Grove HS,ABG,,ABG,
542,5/11/12,6:30 PM,AVG Harmony Park,AVG3,,AVG3,
542,5/11/12,6:30 PM,AVG Harmony Park,UNV2,,UNV2,
186,5/11/12,6:30 PM,BYC Bethel Spr ES 12,BYC,,BYC,
186,5/11/12,6:30 PM,BYC Bethel Spr ES 12,AVG,,AVG,
472,5/11/12,6:30 PM,CVL Warrior Field,CVL2,,CVL2,
472,5/11/12,6:30 PM,CVL Warrior Field,LV1,,LV1,
537,5/11/12,6:30 PM,UNV Patton MS 17,UNV1,,UNV1,
537,5/11/12,6:30 PM,UNV Patton MS 17,BYC1,,BYC1,
22,5/12/12,4:00 PM,ABG Huntingdon Upper,ABG,,ABG,
22,5/12/12,4:00 PM,ABG Huntingdon Upper,LV,,LV,
100,5/12/12,10:00 AM,ASH Haverford Upper,ASH,,ASH,
100,5/12/12,10:00 AM,ASH Haverford Upper,BYC,,BYC,
12,5/12/12,12:00 PM,ASH Haverford Upper,ASH,,ASH,
12,5/12/12,12:00 PM,ASH Haverford Upper,COV,,COV,
286,5/12/12,12:00 PM,ASH Shipley Farm Field,ASH,,ASH,
286,5/12/12,12:00 PM,ASH Shipley Farm Field,KEN,,KEN,
356,5/12/12,2:00 PM,ASH Shipley Farm Field,ASH,,ASH,
356,5/12/12,2:00 PM,ASH Shipley Farm Field,ABG,,ABG,
414,5/12/12,9:00 AM,AVG Avon Grove HS,AVG2,,AVG2,
414,5/12/12,9:00 AM,AVG Avon Grove HS,KEN,,KEN,
134,5/12/12,11:00 AM,AVG Avon Grove HS,AVG,,AVG,
134,5/12/12,11:00 AM,AVG Avon Grove HS,LV2,,LV2,
236,5/12/12,1:00 PM,AVG Avon Grove HS,AVG,,AVG,
236,5/12/12,1:00 PM,AVG Avon Grove HS,KEN,,KEN,
569,5/12/12,1:00 PM,AVG Avon Grove HS,AVG3,,AVG3,
569,5/12/12,1:00 PM,AVG Avon Grove HS,AVG2,,AVG2,
318,5/12/12,3:00 PM,AVG Avon Grove HS,AVG,,AVG,
318,5/12/12,3:00 PM,AVG Avon Grove HS,WC1,,WC1,
206,5/12/12,10:00 AM,BYC Bethel Spr ES 12,BYC,,BYC,
206,5/12/12,10:00 AM,BYC Bethel Spr ES 12,CVL,,CVL,
529,5/12/12,12:00 PM,BYC Bethel Spr ES 12,BYC2,,BYC2,
529,5/12/12,12:00 PM,BYC Bethel Spr ES 12,WB,,WB,
554,5/12/12,2:00 PM,BYC Bethel Spr ES 12,BYC1,,BYC1,
554,5/12/12,2:00 PM,BYC Bethel Spr ES 12,BYC3,,BYC3,
322,5/12/12,10:00 AM,BYC Garnet Valley MS,BYC,,BYC,
322,5/12/12,10:00 AM,BYC Garnet Valley MS,WC2,,WC2,
55,5/12/12,12:00 PM,BYC Garnet Valley MS,BYC,,BYC,
55,5/12/12,12:00 PM,BYC Garnet Valley MS,AVG,,AVG,
405,5/12/12,2:00 PM,BYC Garnet Valley MS,BYC2,,BYC2,
405,5/12/12,2:00 PM,BYC Garnet Valley MS,UNV,,UNV,
484,5/12/12,4:00 PM,COV Batdorf Park,COV1,,COV1,
484,5/12/12,4:00 PM,COV Batdorf Park,GV,,GV,
477,5/12/12,10:00 AM,CVL Warrior Field,CVL3,,CVL3,
477,5/12/12,10:00 AM,CVL Warrior Field,COV2,,COV2,
423,5/12/12,12:15PM,GV Great Valley MS,GV,,GV,
423,5/12/12,12:15PM,GV Great Valley MS,AVG1,,AVG1,
140,5/12/12,10:00 AM,KEN Legacy Field C,KEN,,KEN,
140,5/12/12,10:00 AM,KEN Legacy Field C,GV,,GV,
567,5/12/12,12:00 PM,KEN Legacy Field C,KEN1,,KEN1,
567,5/12/12,12:00 PM,KEN Legacy Field C,AVG1,,AVG1,
507,5/12/12,12:00 PM,LV Eagleview 1,LV3,,LV3,
507,5/12/12,12:00 PM,LV Eagleview 1,ST,,ST,
509,5/12/12,2:00 PM,LV Eagleview 1,LV2,,LV2,
509,5/12/12,2:00 PM,LV Eagleview 1,LV1,,LV1,
256,5/12/12,12:00 PM,LV Hoeffecker,LV2,,LV2,
256,5/12/12,12:00 PM,LV Hoeffecker,CVL,,CVL,
266,5/12/12,2:00 PM,LV Hoeffecker,LV1,,LV1,
266,5/12/12,2:00 PM,LV Hoeffecker,COV,,COV,
72,5/12/12,4:00 PM,LV Hoeffecker,LV1,,LV1,
72,5/12/12,4:00 PM,LV Hoeffecker,CVL,,CVL,
469,5/12/12,2:00 PM,PHX PMYC,PHX,,PHX,
469,5/12/12,2:00 PM,PHX PMYC,CVL2,,CVL2,
347,5/12/12,12:00 PM,ST TE Middle Sch 2,ST1,,ST1,
347,5/12/12,12:00 PM,ST TE Middle Sch 2,COV,,COV,
340,5/12/12,2:00 PM,ST TE Middle Sch 2,ST2,,ST2,
340,5/12/12,2:00 PM,ST TE Middle Sch 2,CVL,,CVL,
4,5/12/12,10:00 AM,ST Wilson Park CYL,ST,,ST,
4,5/12/12,10:00 AM,ST Wilson Park CYL,CVL,,CVL,
82,5/12/12,2:00 PM,ST Wilson Park CYL,ST2,,ST2,
82,5/12/12,2:00 PM,ST Wilson Park CYL,COV,,COV,
277,5/12/12,10:00 AM,ST Wilson Park TEYSA,ST,,ST,
277,5/12/12,10:00 AM,ST Wilson Park TEYSA,PHX,,PHX,
93,5/12/12,12:00 PM,ST Wilson Park TEYSA,ST1,,ST1,
93,5/12/12,12:00 PM,ST Wilson Park TEYSA,ABG,,ABG,
325,5/12/12,10:00 AM,UNV Patton MS 17,UNV,,UNV,
325,5/12/12,10:00 AM,UNV Patton MS 17,WB,,WB,
141,5/12/12,12:00 PM,UNV Patton MS 17,UNV,,UNV,
141,5/12/12,12:00 PM,UNV Patton MS 17,WC,,WC,
544,5/12/12,2:00 PM,UNV Patton MS 17,UNV2,,UNV2,
544,5/12/12,2:00 PM,UNV Patton MS 17,KEN2,,KEN2,
223,5/12/12,4:00 PM,UNV Patton MS 17,UNV,,UNV,
223,5/12/12,4:00 PM,UNV Patton MS 17,LV,,LV,
156,5/12/12,12:00 PM,WB Embreeville,WB,,WB,
156,5/12/12,12:00 PM,WB Embreeville,CVL,,CVL,
50,5/12/12,10:00 AM,WC Kelly Field,WC,,WC,
50,5/12/12,10:00 AM,WC Kelly Field,WB,,WB,
372,5/12/12,12:00 PM,WC Kelly Field,WC3,,WC3,
372,5/12/12,12:00 PM,WC Kelly Field,WC1,,WC1,
173,5/12/12,2:00 PM,WC Kelly Field,WC,,WC,
173,5/12/12,2:00 PM,WC Kelly Field,ST,,ST,
383,5/12/12,4:00 PM,WC Kelly Field,WC4,,WC4,
383,5/12/12,4:00 PM,WC Kelly Field,WC2,,WC2,
163,5/13/12,12:00 PM,ABG Huntingdon Upper,ABG,,ABG,
163,5/13/12,12:00 PM,ABG Huntingdon Upper,WB,,WB,
215,5/13/12,2:00 PM,ABG Huntingdon Upper,ABG,,ABG,
215,5/13/12,2:00 PM,ABG Huntingdon Upper,KEN,,KEN,
364,5/14/12,6:30 PM,ASH Lower Merion HS,ASH,,ASH,
364,5/14/12,6:30 PM,ASH Lower Merion HS,GV,,GV,
243,5/14/12,6:30 PM,AVG Avon Grove HS,AVG,,AVG,
243,5/14/12,6:30 PM,AVG Avon Grove HS,ASH,,ASH,
228,5/14/12,6:30 PM,BYC Bethel Spr ES 12,BYC,,BYC,
228,5/14/12,6:30 PM,BYC Bethel Spr ES 12,WC,,WC,
343,5/14/12,6:30 PM,COV OJR HS,COV,,COV,
343,5/14/12,6:30 PM,COV OJR HS,PHX,,PHX,
441,5/14/12,6:30 PM,ST TE Middle Sch 1,ST2,,ST2,
441,5/14/12,6:30 PM,ST TE Middle Sch 1,UNV,,UNV,
440,5/14/12,6:30 PM,WC Kelly Field,WC4,,WC4,
440,5/14/12,6:30 PM,WC Kelly Field,ST1,,ST1,
94,5/15/12,6:30 PM,ABG Huntingdon Upper,ABG,,ABG,
94,5/15/12,6:30 PM,ABG Huntingdon Upper,ST2,,ST2,
149,5/15/12,6:30 PM,BYC Garnet Valley MS,BYC,,BYC,
149,5/15/12,6:30 PM,BYC Garnet Valley MS,KEN,,KEN,
87,5/15/12,6:30 PM,COV OJR HS,COV,,COV,
87,5/15/12,6:30 PM,COV OJR HS,GV,,GV,
105,5/15/12,6:30 PM,LV Hoeffecker,LV2,,LV2,
105,5/15/12,6:30 PM,LV Hoeffecker,ASH,,ASH,
222,5/15/12,6:30 PM,LV Pine Creek,LV,,LV,
222,5/15/12,6:30 PM,LV Pine Creek,WC,,WC,
165,5/16/12,6:30 PM,ABG Huntingdon Upper,ABG,,ABG,
165,5/16/12,6:30 PM,ABG Huntingdon Upper,AVG,,AVG,
152,5/16/12,6:30 PM,ASH Lower Merion HS,ASH,,ASH,
152,5/16/12,6:30 PM,ASH Lower Merion HS,CVL,,CVL,
580,5/16/12,6:30 PM,BYC Bethel Spr ES 12,BYC2,,BYC2,
580,5/16/12,6:30 PM,BYC Bethel Spr ES 12,PHX,,PHX,
476,5/16/12,6:30 PM,COV Batdorf Park,COV1,,COV1,
476,5/16/12,6:30 PM,COV Batdorf Park,CVL3,,CVL3,
512,5/16/12,6:30 PM,LV Eagleview 2,LV2,,LV2,
512,5/16/12,6:30 PM,LV Eagleview 2,LV3,,LV3,
172,5/16/12,6:30 PM,ST TE Middle Sch 2,ST,,ST,
172,5/16/12,6:30 PM,ST TE Middle Sch 2,LV,,LV,
288,5/17/12,6:30 PM,ASH Haverford Upper,ASH,,ASH,
288,5/17/12,6:30 PM,ASH Haverford Upper,ST,,ST,
49,5/17/12,6:30 PM,AVG Harmony Park,AVG,,AVG,
49,5/17/12,6:30 PM,AVG Harmony Park,GV,,GV,
269,5/17/12,6:30 PM,COV Batdorf Park,COV,,COV,
269,5/17/12,6:30 PM,COV Batdorf Park,LV2,,LV2,
17,5/17/12,6:30 PM,COV OJR HS,COV,,COV,
17,5/17/12,6:30 PM,COV OJR HS,WB,,WB,
63,5/17/12,6:30 PM,LV Hoeffecker,LV,,LV,
63,5/17/12,6:30 PM,LV Hoeffecker,BYC,,BYC,
278,5/17/12,6:30 PM,PHX PMYC,PHX,,PHX,
278,5/17/12,6:30 PM,PHX PMYC,LV1,,LV1,
316,5/17/12,6:30 PM,UNV Upland Country DS,UNV1,,UNV1,
316,5/17/12,6:30 PM,UNV Upland Country DS,WC1,,WC1,
31,5/17/12,6:30 PM,WC Kelly Field,WC,,WC,
31,5/17/12,6:30 PM,WC Kelly Field,ASH,,ASH,
168,5/18/12,6:30 PM,ASH Lower Merion HS,ASH,,ASH,
168,5/18/12,6:30 PM,ASH Lower Merion HS,WC,,WC,
78,5/18/12,6:30 PM,AVG Harmony Park,AVG,,AVG,
78,5/18/12,6:30 PM,AVG Harmony Park,CVL,,CVL,
545,5/18/12,6:30 PM,BYC Bethel Spr ES 12,BYC1,,BYC1,
545,5/18/12,6:30 PM,BYC Bethel Spr ES 12,UNV2,,UNV2,
486,5/18/12,6:30 PM,COV OJR HS,COV1,,COV1,
486,5/18/12,6:30 PM,COV OJR HS,ASH,,ASH,
577,5/18/12,6:30 PM,CVL Warrior Field,CVL3,,CVL3,
577,5/18/12,6:30 PM,CVL Warrior Field,UNV1,,UNV1,
178,5/18/12,6:30 PM,WB Embreeville,WB,,WB,
178,5/18/12,6:30 PM,WB Embreeville,LV,,LV,
218,5/19/12,10:00 AM,ASH Lower Merion HS,ASH,,ASH,
218,5/19/12,10:00 AM,ASH Lower Merion HS,UNV,,UNV,
439,5/19/12,12:00 PM,ASH Lower Merion HS,ASH,,ASH,
439,5/19/12,12:00 PM,ASH Lower Merion HS,WC2,,WC2,
192,5/19/12,2:00 PM,ASH Lower Merion HS,ASH,,ASH,
192,5/19/12,2:00 PM,ASH Lower Merion HS,WB,,WB,
104,5/19/12,4:00 PM,ASH Lower Merion HS,ASH,,ASH,
104,5/19/12,4:00 PM,ASH Lower Merion HS,ST1,,ST1,
264,5/19/12,12:00 PM,ASH Shipley Farm Field,ASH,,ASH,
264,5/19/12,12:00 PM,ASH Shipley Farm Field,COV,,COV,
572,5/19/12,12:00 PM,AVG Avon Grove HS,AVG3,,AVG3,
572,5/19/12,12:00 PM,AVG Avon Grove HS,KEN1,,KEN1,
451,5/19/12,2:00 PM,BYC Garnet Valley MS,BYC1,,BYC1,
451,5/19/12,2:00 PM,BYC Garnet Valley MS,BYC2,,BYC2,
66,5/19/12,4:00 PM,BYC Garnet Valley MS,BYC,,BYC,
66,5/19/12,4:00 PM,BYC Garnet Valley MS,WB,,WB,
485,5/19/12,12:00 PM,COV OJR HS,COV2,,COV2,
485,5/19/12,12:00 PM,COV OJR HS,COV1,,COV1,
85,5/19/12,2:00 PM,COV OJR HS,COV,,COV,
85,5/19/12,2:00 PM,COV OJR HS,LV1,,LV1,
15,5/19/12,4:00 PM,COV OJR HS,COV,,COV,
15,5/19/12,4:00 PM,COV OJR HS,GV,,GV,
435,5/19/12,10:00 AM,CVL Mt Kirk,CVL,,CVL,
435,5/19/12,10:00 AM,CVL Mt Kirk,AVG2,,AVG2,
73,5/19/12,12:00 PM,CVL Mt Kirk,CVL,,CVL,
73,5/19/12,12:00 PM,CVL Mt Kirk,LV2,,LV2,
5,5/19/12,2:00 PM,CVL Mt Kirk,CVL,,CVL,
5,5/19/12,2:00 PM,CVL Mt Kirk,LV,,LV,
257,5/19/12,4:00 PM,CVL Mt Kirk,CVL,,CVL,
257,5/19/12,4:00 PM,CVL Mt Kirk,WC1,,WC1,
157,5/19/12,10:00 AM,CVL Warrior Field,CVL,,CVL,
157,5/19/12,10:00 AM,CVL Warrior Field,BYC,,BYC,
461,5/19/12,12:00 PM,CVL Warrior Field,CVL1,,CVL1,
461,5/19/12,12:00 PM,CVL Warrior Field,ST,,ST,
470,5/19/12,2:00 PM,CVL Warrior Field,CVL2,,CVL2,
470,5/19/12,2:00 PM,CVL Warrior Field,ASH,,ASH,
207,5/19/12,4:00 PM,CVL Warrior Field,CVL,,CVL,
207,5/19/12,4:00 PM,CVL Warrior Field,AVG,,AVG,
510,5/19/12,12:15 PM,GV Great Valley MS,GV,,GV,
510,5/19/12,12:15 PM,GV Great Valley MS,LV1,,LV1,
448,5/19/12,2:00 PM,GV Great Valley MS,GV,,GV,
448,5/19/12,2:00 PM,GV Great Valley MS,WB,,WB,
139,5/19/12,4:00 PM,GV Great Valley MS,GV,,GV,
139,5/19/12,4:00 PM,GV Great Valley MS,AVG,,AVG,
570,5/19/12,12:00 PM,KEN Legacy Field C,KEN2,,KEN2,
570,5/19/12,12:00 PM,KEN Legacy Field C,AVG2,,AVG2,
147,5/19/12,2:00 PM,KEN Legacy Field C,KEN,,KEN,
147,5/19/12,2:00 PM,KEN Legacy Field C,UNV,,UNV,
331,5/19/12,4:00 PM,KEN Legacy Field C,KEN,,KEN,
331,5/19/12,4:00 PM,KEN Legacy Field C,UNV,,UNV,
349,5/19/12,12:00 PM,LV Pine Creek,LV,,LV,
349,5/19/12,12:00 PM,LV Pine Creek,COV,,COV,
190,5/19/12,2:00 PM,LV Pine Creek,LV,,LV,
190,5/19/12,2:00 PM,LV Pine Creek,ABG,,ABG,
21,5/19/12,10:00 AM,ST Wilson Park TEYSA,ST,,ST,
21,5/19/12,10:00 AM,ST Wilson Park TEYSA,ABG,,ABG,
538,5/19/12,10:00 AM,UNV Patton MS 17,UNV1,,UNV1,
538,5/19/12,10:00 AM,UNV Patton MS 17,BYC2,,BYC2,
530,5/19/12,2:00 PM,WB Embreeville,WB,,WB,
530,5/19/12,2:00 PM,WB Embreeville,BYC3,,BYC3,
326,5/19/12,4:00 PM,WB Embreeville,WB,,WB,
326,5/19/12,4:00 PM,WB Embreeville,BYC,,BYC,
521,5/19/12,10:00 AM,WC Kelly Field,WC,,WC,
521,5/19/12,10:00 AM,WC Kelly Field,AVG1,,AVG1,
424,5/19/12,12:00 PM,WC Kelly Field,WC1,,WC1,
424,5/19/12,12:00 PM,WC Kelly Field,PHX,,PHX,
323,5/19/12,2:00 PM,WC Kelly Field,WC2,,WC2,
323,5/19/12,2:00 PM,WC Kelly Field,AVG,,AVG,
142,5/19/12,4:00 PM,WC Kelly Field,WC,,WC,
142,5/19/12,4:00 PM,WC Kelly Field,BYC,,BYC,
438,5/19/12,12:00 PM,WC Rustin HS,WC3,,WC3,
438,5/19/12,12:00 PM,WC Rustin HS,ABG,,ABG,
240,5/19/12,2:00 PM,WC Rustin HS,WC,,WC,
240,5/19/12,2:00 PM,WC Rustin HS,ABG,,ABG,
52,5/19/12,4:00 PM,WC Rustin HS,WC,,WC,
52,5/19/12,4:00 PM,WC Rustin HS,AVG,,AVG,
Blackout,5/20/12, ,PPL PARK !!,AT,,AT,
Blackout,5/20/12, ,PPL PARK !!,QTRFINALS,,QTRFINALS,
412,5/21/12,6:30 PM,AVG Avon Grove HS,AVG1,,AVG1,
412,5/21/12,6:30 PM,AVG Avon Grove HS,AVG2,,AVG2,
393,5/21/12,6:30 PM,BYC Garnet Valley MS,BYC1,,BYC1,
393,5/21/12,6:30 PM,BYC Garnet Valley MS,WC4,,WC4,
403,5/21/12,6:30 PM,KEN Kennett MS,KEN,,KEN,
403,5/21/12,6:30 PM,KEN Kennett MS,UNV,,UNV,
230,5/21/12,6:30 PM,KEN Legacy Field A,KEN,,KEN,
230,5/21/12,6:30 PM,KEN Legacy Field A,WC,,WC,
279,5/21/12,6:30 PM,LV Pine Creek,LV2,,LV2,
279,5/21/12,6:30 PM,LV Pine Creek,PHX,,PHX,
336,5/21/12,6:30 PM,PHX PMYC,PHX,,PHX,
336,5/21/12,6:30 PM,PHX PMYC,CVL,,CVL,
368,5/21/12,6:30 PM,ST TE Middle Sch 2,ST2,,ST2,
368,5/21/12,6:30 PM,ST TE Middle Sch 2,LV,,LV,
268,5/21/12,6:30 PM,WC Kelly Field,WC1,,WC1,
268,5/21/12,6:30 PM,WC Kelly Field,COV,,COV,
216,5/22/12,6:30 PM,ASH Shipley Farm Field,ASH,,ASH,
216,5/22/12,6:30 PM,ASH Shipley Farm Field,LV,,LV,
143,5/22/12,6:30 PM,AVG Harmony Park,AVG,,AVG,
143,5/22/12,6:30 PM,AVG Harmony Park,WC,,WC,
234,5/22/12,6:30 PM,BYC Bethel Spr ES 12,BYC,,BYC,
234,5/22/12,6:30 PM,BYC Bethel Spr ES 12,AVG,,AVG,
145,5/22/12,6:30 PM,BYC Garnet Valley MS,BYC,,BYC,
145,5/22/12,6:30 PM,BYC Garnet Valley MS,UNV,,UNV,
348,5/22/12,6:30 PM,COV Batdorf Park,COV,,COV,
348,5/22/12,6:30 PM,COV Batdorf Park,GV,,GV,
74,5/22/12,6:30 PM,GV Great Valley MS,GV,,GV,
74,5/22/12,6:30 PM,GV Great Valley MS,CVL,,CVL,
112,5/22/12,6:30 PM,KEN Legacy Field A,KEN,,KEN,
112,5/22/12,6:30 PM,KEN Legacy Field A,ST1,,ST1,
84,5/22/12,6:30 PM,LV Hoeffecker,LV2,,LV2,
84,5/22/12,6:30 PM,LV Hoeffecker,COV,,COV,
446,5/22/12,6:30 PM,ST TE Middle Sch 2,ST1,,ST1,
446,5/22/12,6:30 PM,ST TE Middle Sch 2,WC3,,WC3,
103,5/22/12,6:30 PM,ST Wilson Park TEYSA,ST2,,ST2,
103,5/22/12,6:30 PM,ST Wilson Park TEYSA,ASH,,ASH,
377,5/22/12,6:30 PM,WC Kelly Field,WC1,,WC1,
377,5/22/12,6:30 PM,WC Kelly Field,BYC2,,BYC2,
166,5/23/12,6:30 PM,ASH Lower Merion HS,ASH,,ASH,
166,5/23/12,6:30 PM,ASH Lower Merion HS,ST,,ST,
180,5/23/12,6:30 PM,AVG Avon Grove HS,AVG,,AVG,
180,5/23/12,6:30 PM,AVG Avon Grove HS,LV,,LV,
522,5/23/12,6:30 PM,AVG Harmony Park,AVG2,,AVG2,
522,5/23/12,6:30 PM,AVG Harmony Park,WC,,WC,
552,5/23/12,6:30 PM,BYC Bethel Spr ES 12,BYC1,,BYC1,
552,5/23/12,6:30 PM,BYC Bethel Spr ES 12,KEN1,,KEN1,
492,5/23/12,6:30 PM,COV OJR HS,COV2,,COV2,
492,5/23/12,6:30 PM,COV OJR HS,LV3,,LV3,
513,5/23/12,6:30 PM,GV Great Valley MS,GV,,GV,
513,5/23/12,6:30 PM,GV Great Valley MS,LV2,,LV2,
573,5/23/12,6:30 PM,KEN Legacy Field B,KEN2,,KEN2,
573,5/23/12,6:30 PM,KEN Legacy Field B,AVG3,,AVG3,
462,5/23/12,6:30 PM,LV Eagleview 1,LV1,,LV1,
462,5/23/12,6:30 PM,LV Eagleview 1,CVL1,,CVL1,
487,5/23/12,6:30 PM,PHX PMYC,PHX,,PHX,
487,5/23/12,6:30 PM,PHX PMYC,COV1,,COV1,
471,5/23/12,6:30 PM,ST TE Middle Sch 1,ST,,ST,
471,5/23/12,6:30 PM,ST TE Middle Sch 1,CVL2,,CVL2,
184,5/23/12,6:30 PM,WB Embreeville,WB,,WB,
184,5/23/12,6:30 PM,WB Embreeville,BYC,,BYC,
26,5/24/12,6:30 PM,ABG Huntingdon Upper,ABG,,ABG,
26,5/24/12,6:30 PM,ABG Huntingdon Upper,BYC,,BYC,
327,5/24/12,6:30 PM,AVG Harmony Park,AVG,,AVG,
327,5/24/12,6:30 PM,AVG Harmony Park,WB,,WB,
329,5/24/12,6:30 PM,BYC Garnet Valley MS,BYC,,BYC,
329,5/24/12,6:30 PM,BYC Garnet Valley MS,UNV,,UNV,
19,5/24/12,7:00 PM,COV OJR HS,COV,,COV,
19,5/24/12,7:00 PM,COV OJR HS,AVG,,AVG,
46,5/24/12,6:30 PM,GV Great Valley MS,GV,,GV,
46,5/24/12,6:30 PM,GV Great Valley MS,WC,,WC,
296,5/24/12,6:30 PM,KEN Legacy Field B,KEN,,KEN,
296,5/24/12,6:30 PM,KEN Legacy Field B,ST,,ST,
287,5/24/12,6:30 PM,LV Pine Creek,LV1,,LV1,
287,5/24/12,6:30 PM,LV Pine Creek,ASH,,ASH,
35,5/24/12,6:30 PM,ST Wilson Park TEYSA,ST,,ST,
35,5/24/12,6:30 PM,ST Wilson Park TEYSA,LV,,LV,
8,5/24/12,6:30 PM,WB Downingtown MS,WB,,WB,
8,5/24/12,6:30 PM,WB Downingtown MS,CVL,,CVL,
258,5/24/12,6:30 PM,WC Kelly Field,WC2,,WC2,
258,5/24/12,6:30 PM,WC Kelly Field,CVL,,CVL,
Make-up 1,5/25/12,6:30PM,TBA,NEEDED,,NEEDED,
Make-up 1,5/25/12,6:30PM,TBA,IF,,IF,
Blackout,5/26/12,,,WEEKEND,,WEEKEND,
Blackout,5/26/12,,,DAY,,DAY,
Blackout,5/27/12,,,WEEKEND,,WEEKEND,
Blackout,5/27/12,,,DAY,,DAY,
Blackout,5/28/12,,,WEEKEND,,WEEKEND,
Blackout,5/28/12,,,DAY,,DAY,
Make-up 2,5/29/12,6:30PM,TBA,NEEDED,,NEEDED,
Make-up 2,5/29/12,6:30PM,TBA,IF,,IF,
Playoff 1,5/30/12,6:30 PM,TBA: Playoff Round 1,TBA,,TBA,
Playoff 1,5/30/12,6:30 PM,TBA: Playoff Round 1,TBA,,TBA,
Playoff 1,5/30/12,6:30 PM,TBA: Playoff Round 1,TBA,,TBA,
Playoff 1,5/30/12,6:30 PM,TBA: Playoff Round 1,TBA,,TBA,
Playoff 1,5/31/12,6:30 PM,TBA: Playoff Round 1,TBA,,TBA,
Playoff 1,5/31/12,6:30 PM,TBA: Playoff Round 1,TBA,,TBA,
Playoff 1,5/31/12,6:30 PM,TBA: Playoff Round 1,TBA,,TBA,
Playoff 1,5/31/12,6:30 PM,TBA: Playoff Round 1,TBA,,TBA,
Playoff 2,6/2/12,6:30 PM,TBA: Playoff Round 2,TBA,,TBA,
Playoff 2,6/2/12,6:30 PM,TBA: Playoff Round 2,TBA,,TBA,
Playoff 2,6/2/12,6:30 PM,TBA: Playoff Round 2,TBA,,TBA,
Playoff 2,6/2/12,6:30 PM,TBA: Playoff Round 2,TBA,,TBA,
Playoff 2,6/3/12,6:30 PM,TBA: Playoff Round 2,TBA,,TBA,
Playoff 2,6/3/12,6:30 PM,TBA: Playoff Round 2,TBA,,TBA,
Playoff 2,6/3/12,6:30 PM,TBA: Playoff Round 2,TBA,,TBA,
Playoff 2,6/3/12,6:30 PM,TBA: Playoff Round 2,TBA,,TBA,
Champ,6/5/12,6:30 PM,USTC: Championship,TBA,,TBA,
Champ,6/5/12,6:30 PM,USTC: Championship,TBA,,TBA,
Champ,6/5/12,8:00 PM,USTC: Championship,TBA,,TBA,
Champ,6/5/12,8:00 PM,USTC: Championship,TBA,,TBA,
Champ,6/6/12,6:30 PM,USTC: Championship,TBA,,TBA,
Champ,6/6/12,6:30 PM,USTC: Championship,TBA,,TBA,
Champ,6/6/12,8:00 PM,USTC: Championship,TBA,,TBA,
Champ,6/6/12,8:00 PM,USTC: Championship,TBA,,TBA,
,,,,,,,
,,,,,,,
,,,,,,,
,,,,,,,
,,,,,,,
,,,,,,,
,,,,,,,
,,,,,,,
,,,,,,,
,,,,,,,
,,,,,,,
,,,,,,,
,,,,,,,
,,,,,,,
,,,,,,,
,,,,,,,
,,,,,,,
,,,,,,,
,,,,,,,
,,,,,,,
